$MeshFormat
2.2 0 8
$EndMeshFormat
$Nodes
2100
1 -0.316071 -0.641299 -0.9662
2 -0.287849 -0.462704 -1.33064
3 -0.0112811 -0.623527 -1.22167
4 -0.361681 -0.677381 -1.29602
5 1.01418 -0.395341 -1.16189
6 1.18661 -0.422752 -1.01147
7 1.04975 -0.462945 -1.09123
8 1.40832 -0.497185 -1.04268
9 -0.239103 0.216075 1.26846
10 -0.408291 0.446992 1.17803
11 -0.373027 0.211992 1.12611
12 -0.327063 0.2077 1.25281
13 0.168805 -0.440517 -0.491474
14 0.246105 -0.448444 -0.48252
15 0.320032 -0.601143 -0.531252
16 0.36965 -0.494223 -0.733377
17 -1.06231 -1.29216 -0.66451
18 -0.977553 -1.18839 -0.773761
19 -0.915942 -0.904356 -1.03111
20 -1.20726 -0.823523 -0.936456
21 -0.370841 -1.0426 -0.320283
22 -0.463642 -1.04195 -0.530269
23 -0.606156 -1.05808 -0.355879
24 -0.501153 -0.898103 -0.34169
25 0.281452 -0.0453263 0.0873161
26 0.25673 -0.220707 0.183994
27 0.196717 -0.105116 -0.0473374
28 0.316481 -0.0913502 -0.0527881
29 -1.42648 -0.752656 -0.812326
30 -1.72543 -0.196598 -0.858314
31 -1.92551 -0.192662 -0.709233
32 -1.7718 -0.566267 -0.559554
33 -0.893473 0.0260752 1.01939
34 -1.12804 -0.206015 1.04007
35 -1.0458 -0.133983 0.640351
36 -0.778577 -0.164326 0.889687
37 -0.77192 0.764637 0.956102
38 -1.05583 0.710828 0.873577
39 -0.967468 0.760874 0.842292
40 -0.76239 0.596574 0.996477
41 0.3608 0.171132 -1.43979
42 0.174021 0.267226 -1.3786
43 0.341948 -0.0243786 -1.51183
44 0.210495 0.160053 -1.41943
45 -0.501945 -1.62789 0.431102
46 -0.796588 -1.37643 0.459358
47 -0.681522 -1.70048 0.466337
48 -0.515519 -1.64301 0.609068
49 -0.630314 0.928413 -0.83724
50 -0.619789 1.08537 -0.856711
51 -0.429266 1.14768 -0.770627
52 -0.597205 1.05272 -0.895731
53 -0.829572 -0.0753027 -0.894842
54 -1.07346 -0.0742784 -0.919859
55 -0.883131 -0.0508638 -1.0825
56 -1.02312 -0.240698 -0.828308
57 -0.218412 0.786482 0.56746
58 -0.347875 0.616947 0.391078
59 -0.357797 0.738094 0.393421
60 -0.0564462 0.773565 0.491054
61 -1.29937 -0.676287 -0.812181
62 -1.23502 -0.754136 -0.941437
63 -1.23482 -0.671551 -0.952366
64 0.279916 0.14958 -0.0984708
65 0.37431 0.219084 0.146418
66 0.329299 0.410772 0.194908
67 0.213373 0.413233 0.19014
68 0.0554231 0.574131 -1.05932
69 -0.101723 0.590135 -1.19233
70 -0.0661475 0.692688 -1.0288
71 -0.0143461 0.614583 -1.20586
72 0.0722674 -0.0394965 -1.42634
73 0.0145534 -0.194392 -1.42635
74 0.197976 -0.174131 -1.43592
75 -0.427022 0.97244 -1.01359
76 -0.626937 0.892406 -0.899661
77 -0.422736 0.872549 -0.968533
78 -1.24317 -0.889854 -0.361213
79 -1.32212 -1.00916 -0.429071
80 -1.03719 -0.998171 -0.351362
81 -1.12916 -1.1101 -0.282044
82 0.1625 -1.36697 0.239978
83 0.31068 -1.58277 0.318299
84 0.205416 -1.61822 0.256466
85 0.212557 -1.42916 0.162374
86 -1.35641 1.33852 -0.263682
87 -1.09196 1.48998 -0.368225
88 -1.33871 1.27986 -0.3846
89 -1.3689 1.2269 -0.461121
90 -0.7461 0.179659 0.40129
91 -0.609589 0.211925 0.53584
92 -0.676581 0.0101456 0.424511
93 -0.609852 0.199428 0.388577
94 -1.03918 -1.01637 0.140559
95 -1.22273 -1.07722 -0.152668
96 -1.16579 -0.905898 0.0689363
97 0.56729 1.00437 -0.649375
98 0.374496 0.922808 -0.818806
99 0.587665 0.973873 -0.792593
100 0.665473 0.70678 -0.710887
101 0.863671 0.324234 1.0014
102 0.794646 0.444417 1.26477
103 0.770884 0.304194 1.2975
104 1.01544 0.446238 1.09214
105 1.77148 0.429108 0.0118101
106 1.60758 0.216173 0.0699083
107 1.71652 0.448664 0.0873174
108 1.59879 0.23743 0.0253692
109 -1.35775 -0.0572906 0.8303
110 -1.37514 -0.149332 0.79092
111 -1.46758 -0.0664282 0.830628
112 -1.33865 0.087246 0.561561
113 -0.129132 -0.960215 -1.21885
114 -0.0631488 -0.867988 -0.844199
115 0.091194 -1.02225 -0.943492
116 0.144986 -0.929736 -0.99431
117 -1.02398 -0.501317 -0.7594
118 -1.13995 -0.356796 -0.691803
119 -0.763829 -0.245894 -0.599269
120 1.85396 0.0876752 -0.3828
121 1.89237 0.414503 -0.424769
122 1.95082 0.363723 -0.153833
123 1.83821 0.263632 -0.57256
124 -0.67366 0.277635 0.455863
125 -0.878947 0.234757 0.321382
126 -0.643138 0.283791 0.142855
127 -0.382576 -1.06273 0.253055
128 -0.0642845 -0.839709 0.244796
129 -0.273277 -0.906703 0.0405907
130 -0.236906 -0.809548 0.361667
131 -0.314225 0.457928 -0.685321
132 -0.241708 0.700138 -0.720915
133 -0.0572118 0.509249 -0.724104
134 -0.109905 0.514682 -0.811763
135 -1.72045 0.536837 0.226798
136 -1.83689 0.64799 0.362496
137 -1.84876 0.632484 0.31316
138 -1.88699 0.566993 0.326109
139 1.37854 0.424238 0.459069
140 1.53239 0.641959 0.710227
141 1.48288 0.412296 0.787019
142 1.71736 0.488194 0.487944
143 -1.0575 -1.24135 -0.63964
144 -0.790824 -1.40959 -0.63638
145 -0.916991 -1.23637 -0.497209
146 -0.820562 1.11172 -0.413488
147 -0.906936 1.07746 -0.335719
148 -1.07286 1.15056 -0.505208
149 -0.791036 0.904349 -0.545595
150 -1.41236 0.0959131 0.882362
151 -1.61264 -0.0522128 0.760096
152 -1.45023 0.116168 0.84165
153 -0.338272 -1.46472 -0.700415
154 -0.375107 -1.40565 -0.776268
155 -0.474981 -1.42792 -0.717069
156 -0.34565 -1.45285 -0.638322
157 -0.575493 0.575234 0.342418
158 -0.77986 0.524414 0.148797
159 -0.616287 0.767478 0.289161
160 -0.542405 0.626418 0.116429
161 -1.35317 -0.94717 0.112592
162 -1.32294 -1.09662 0.0712974
163 -1.23481 -1.11304 0.194014
164 -0.353951 -0.378261 1.30959
165 -0.358045 -0.482343 1.33443
166 -0.0676156 -0.296005 1.37469
167 -0.367575 -0.116336 1.30554
168 -0.41933 -0.959348 0.555058
169 -0.568763 -0.768175 0.0569375
170 -0.392665 -0.824835 -0.0385813
171 -0.15598 -0.030576 -1.18221
172 -0.117345 -0.201292 -1.0105
173 -0.0675735 -0.345265 -1.13915
174 0.131364 -0.213095 -1.18268
175 -1.08095 -0.690337 -0.0699911
176 -0.798858 -0.767902 0.165231
177 -0.880082 -0.686147 -0.228581
178 -0.950451 -0.599965 -0.149827
179 -1.17035 -0.509161 -0.479919
180 -1.06482 -0.503726 -0.768364
181 -1.00569 -0.613171 -0.471502
182 -1.26827 0.187971 -0.951747
183 -1.38067 -0.200771 -0.979418
184 -1.55323 0.133572 -0.896521
185 -1.11926 0.141604 -1.02435
186 -1.5701 -0.607639 0.54801
187 -1.43084 -0.888648 0.43647
188 -1.288 -0.782472 0.466904
189 -1.26864 -0.721965 0.71654
190 0.0105736 -0.459612 1.29517
191 0.204321 -0.163974 1.42574
192 0.17273 -0.536913 1.41571
193 0.23519 -0.539394 1.41578
194 -0.943733 0.330361 -1.00484
195 -0.985155 0.348405 -1.01448
196 -0.893636 0.497981 -1.02065
197 -0.879265 0.31827 -1.02775
198 -0.668617 1.52653 0.179428
199 -0.799188 1.72914 0.118435
200 -0.737786 1.35226 0.0443384
201 -0.86957 1.24962 0.103047
202 -0.941764 0.0047504 -0.433234
203 -1.26135 -0.18504 -0.493493
204 -1.10284 -0.348002 -0.443447
205 -1.18007 -0.0267439 -0.272084
206 0.470435 0.202543 -1.12561
207 0.538148 0.156722 -1.18809
208 0.546266 0.0520529 -1.09715
209 0.490581 0.0453893 -1.07525
210 -0.964441 -0.434789 -1.01068
211 -0.704511 -0.269861 -0.985649
212 -0.945605 -0.577837 -0.869536
213 -0.609104 -0.410809 -1.03965
214 -1.0583 -0.280807 -0.236838
215 -0.891651 -0.276472 -0.396018
216 -1.17029 -0.289177 -0.653403
217 -0.170209 -0.0631288 0.189155
218 -0.372608 -0.0962942 0.117294
219 -0.207162 0.0288701 0.548355
220 -0.318459 0.155921 0.480004
221 -1.18472 -0.164774 0.118289
222 -1.22123 -0.122703 0.0726343
223 -1.2137 -0.430865 0.225831
224 -0.960294 -1.38009 -0.156156
225 -0.842123 -1.72421 0.21628
226 -0.698713 -1.62837 -0.150517
227 -0.924966 -1.65118 0.250246
228 -1.08872 0.496933 0.948418
229 -0.767346 0.461537 0.963956
230 -0.737432 0.969601 0.522641
231 -0.776894 0.726588 0.428955
232 -0.942493 0.901713 0.729585
233 -1.11447 1.02339 0.601495
234 -0.712748 0.382954 -0.732542
235 -1.01909 0.462788 -0.969666
236 -0.730653 0.340936 -0.695703
237 -1.10376 0.18213 -0.736173
238 -1.06184 0.495861 -0.926854
239 -1.86201 0.0670792 0.103375
240 -2.123 0.176448 0.203484
241 -2.03243 0.332949 0.258992
242 -2.05938 0.376564 0.0845171
243 -2.14284 -0.152521 -0.382208
244 -1.67415 -0.096465 -0.260694
245 -2.14008 -0.149652 -0.0220916
246 -2.03817 -0.344416 -0.302831
247 -0.312759 -1.10702 -0.0151027
248 -0.422684 -1.56317 0.0262346
249 -0.108017 -1.36834 0.0874205
250 -0.423855 -1.40629 0.205857
251 -0.494539 -1.22248 0.538532
252 -0.474857 -1.26127 0.427218
253 -0.412658 -1.49891 0.606424
254 -0.583365 0.768925 0.440716
255 -0.622878 0.917457 0.59089
256 -0.58429 0.813591 0.59573
257 -0.573276 0.93751 0.408569
258 1.15552 0.702303 -0.785702
259 1.06926 0.830045 -0.675838
260 1.23046 0.764526 -0.706086
261 1.28087 0.999227 -0.73463
262 -0.178756 0.583983 1.15529
263 -0.109015 0.336271 1.05944
264 -0.074282 0.429591 1.20096
265 -1.36281 1.41977 0.0255796
266 -1.20026 1.1937 -0.0278783
267 -1.49382 1.23608 0.0668806
268 -1.46337 1.1983 -0.0634959
269 -0.685107 0.919549 1.03858
270 -1.12908 0.597527 0.925633
271 -1.11801 0.86498 0.832004
272 1.4829 0.140589 0.528941
273 1.39357 0.358878 0.433748
274 1.33641 0.173805 0.462995
275 1.25161 0.234717 0.50627
276 1.45316 -0.132195 0.270903
277 1.69611 -0.108458 0.35565
278 1.67499 -0.0535756 0.428617
279 1.44059 -0.0920343 0.534756
280 0.0741505 0.763302 -0.430196
281 -0.171203 0.9485 -0.206318
282 0.256617 0.967477 -0.281929
283 0.184781 0.837947 -0.432728
284 -1.29521 0.0274267 0.923532
285 -1.05048 0.121405 1.04091
286 0.902856 0.460059 -0.914142
287 0.760215 0.49784 -1.22269
288 0.798875 0.624845 -1.16926
289 0.907041 0.548925 -1.13254
290 -0.471872 -0.131425 1.24013
291 -0.214701 -0.406825 1.14961
292 -0.526031 -0.197208 1.00163
293 -0.228246 -0.0542354 1.11754
294 -0.461768 0.0530706 -1.24415
295 -0.37246 -0.110571 -1.28358
296 -0.368047 -0.0532214 -1.29947
297 -0.332721 0.109603 -1.10964
298 -0.946272 -1.48443 0.517137
299 -0.904795 -1.39591 0.718977
300 1.71616 0.372 -0.144025
301 1.86902 0.454223 -0.0443012
302 1.6918 0.428999 -0.0474627
303 1.11908 0.847386 -0.187348
304 1.28904 0.718382 -0.215996
305 1.34331 1.0496 -0.254172
306 1.23546 0.803313 -0.066143
307 1.82286 0.873167 0.0934422
308 1.8183 0.697445 0.0678217
309 1.86359 0.67848 0.0852247
310 1.82088 0.558385 0.226231
311 0.240492 -1.26673 1.02286
312 0.721108 -0.961479 1.16561
313 0.779985 -1.05805 1.00284
314 0.433521 -1.18517 0.913964
315 -0.635061 -1.47734 0.872037
316 -0.970588 -1.45981 0.569886
317 -0.875 -1.38713 0.775176
318 -0.355272 -0.31633 -0.515139
319 -0.427061 -0.0508142 -0.388931
320 -0.599598 -0.320358 -0.117214
321 -1.00277 -0.325221 1.08962
322 -0.841799 -0.332054 0.995146
323 -0.918528 -0.241908 1.14325
324 0.292069 0.249381 -0.417804
325 0.341571 0.35205 -0.684989
326 0.608864 0.439113 -0.558038
327 0.379232 0.203279 -0.525922
328 -1.68411 -0.321797 -0.327337
329 -1.89459 -0.373355 -0.387322
330 -1.65178 -0.246412 -0.266144
331 -0.259874 -0.698026 -0.182441
332 -1.25475 -0.527367 0.970068
333 -1.27052 -0.380272 0.691389
334 -1.2576 -0.326804 0.999292
335 -1.19844 -0.569909 0.922068
336 -1.2084 -0.622813 -0.405127
337 -1.22954 -0.522504 -0.37652
338 -1.87469 -0.378759 0.311088
339 -1.85372 -0.433644 0.327205
340 -2.04329 -0.0988368 0.335266
341 -1.40307 -0.964746 0.318155
342 -1.33347 -0.688945 0.224975
343 -0.983758 1.04593 0.848658
344 -0.304308 0.476765 0.668538
345 -0.556348 0.388455 0.898265
346 -0.426949 0.420765 0.635395
347 -0.220351 0.397595 0.842342
348 -1.07336 -0.759201 -0.992353
349 -0.986787 -0.744187 -0.816825
350 -0.988205 -0.767791 -0.929498
351 -1.12275 -0.655628 -1.00603
352 1.57485 0.169478 0.556536
353 -1.06486 0.0321013 -0.667757
354 -1.28767 -0.178487 -0.582381
355 -1.11769 0.0344121 -0.725612
356 1.75247 -0.151044 0.448356
357 1.50656 -0.427946 0.514663
358 1.63944 -0.36146 0.238633
359 -1.5992 0.596543 0.266697
360 -1.48023 0.360034 0.392689
361 -1.49738 0.459658 0.581623
362 -1.22564 0.15234 0.768366
363 -1.18233 0.204706 0.82186
364 0.939854 0.147326 -1.21141
365 1.15267 0.0494065 -1.19012
366 1.13441 0.140549 -1.264
367 0.984884 0.0747546 -1.11576
368 -0.935352 -1.05861 0.283968
369 -0.961099 -1.09748 0.224383
370 -0.0847199 -0.645065 0.383135
371 -0.230077 -0.458806 0.367886
372 -0.113696 -0.455671 0.392729
373 -0.305295 -0.416135 0.163979
374 0.115918 0.585294 0.654305
375 0.163686 0.769894 0.484963
376 0.4221 0.871749 0.686248
377 0.219252 0.492375 0.576875
378 1.47761 0.748167 -0.655984
379 1.28723 0.607354 -0.432544
380 1.35087 0.775184 -0.72722
381 1.43514 0.608062 -0.793359
382 1.72636 -0.501477 0.188514
383 1.66934 -0.456664 0.492036
384 1.4489 -0.558226 0.125011
385 0.119607 0.674434 1.09764
386 0.0484555 0.582055 0.763227
387 0.22368 0.556271 0.811422
388 0.242443 0.475636 0.892494
389 -0.475378 0.297407 1.07981
390 -0.536322 0.302525 1.19874
391 -0.856184 -0.658895 0.998329
392 -0.890891 -0.729144 0.840788
393 -1.10686 -0.725917 0.910704
394 -0.873859 -0.478152 0.912215
395 0.389571 0.52476 -0.26717
396 -0.315555 -0.325935 -0.0520393
397 -0.395029 -1.29893 -0.645467
398 -0.394931 -1.41215 -0.788988
399 -0.537371 1.09633 1.00007
400 -0.597054 0.932041 1.03879
401 -0.61254 0.909656 0.968327
402 -0.478818 0.864042 0.866332
403 -0.259475 -0.874552 -0.864889
404 -0.198703 -0.627735 -0.924407
405 -1.06815 -1.05334 -0.747352
406 -1.20077 -1.07118 -0.718647
407 -1.20809 -1.13311 -0.60464
408 -1.5946 -0.176574 -0.0918324
409 -1.37731 0.0166465 -0.300697
410 1.40212 0.114012 0.910167
411 1.3515 0.332364 0.873867
412 1.06083 0.00143305 0.802386
413 1.07113 0.00936567 1.00218
414 -0.21451 0.638482 -0.3323
415 -0.262991 0.708771 -0.362559
416 -0.135596 0.436801 -0.540941
417 0.95511 -0.212146 0.941406
418 1.05713 -0.13495 1.29207
419 0.854067 -0.237536 1.0062
420 1.1551 -0.306446 1.23984
421 1.02682 0.342861 -0.880161
422 0.758372 0.752862 0.623567
423 0.726481 0.592802 0.275505
424 0.770299 0.826703 0.224835
425 0.928586 0.670331 0.503761
426 -0.787552 -1.01063 0.454804
427 -0.823385 -1.14883 0.231239
428 -0.894589 -0.887614 0.310292
429 -0.755105 -0.135242 -0.640205
430 -0.839547 0.156027 -0.746487
431 -0.848788 0.210174 -0.484126
432 -0.519709 0.0843721 -0.738573
433 -1.23854 -0.894863 -0.847061
434 -1.24757 -0.818952 -0.723057
435 -0.616858 -1.10425 0.106423
436 -0.431257 -1.11349 0.153735
437 1.74098 0.555988 -0.571658
438 1.6005 0.40452 -0.308407
439 1.70227 0.31156 -0.405182
440 1.78861 0.582706 -0.400208
441 0.932785 0.621384 -0.511587
442 0.524334 0.612743 -0.362891
443 0.9121 0.725747 -0.531756
444 1.19552 0.591384 -0.475418
445 1.15969 0.570849 -0.70016
446 -0.299509 0.620404 -0.984692
447 -0.172909 0.302146 -0.934904
448 -1.56401 -0.409267 -0.664411
449 -1.90875 -0.383556 -0.475144
450 0.755517 0.968141 -0.582756
451 0.723477 1.20674 -0.465692
452 0.724712 1.20478 -0.53985
453 0.567945 1.00724 -0.612955
454 1.23592 0.60477 -0.842322
455 1.20471 0.323639 -0.818414
456 1.50489 0.293617 -0.824243
457 1.43199 0.453545 -0.940468
458 1.54264 0.416949 -0.725655
459 -0.837762 0.535217 -0.0012045
460 -0.641539 0.587588 -0.0686347
461 -0.758655 0.4248 -0.0964121
462 -0.025858 -0.278107 -0.132634
463 -0.148404 -0.693216 -0.0495204
464 1.29333 0.233874 1.12719
465 -0.967281 -0.377975 -1.10575
466 -0.722163 -0.580985 -1.13922
467 -0.950162 -0.742188 -1.05774
468 -0.671435 -0.462431 -1.19031
469 0.643806 1.05834 -0.892762
470 0.295065 1.18291 -0.814238
471 0.240649 1.11333 -0.890186
472 0.365123 0.906741 -0.520244
473 0.234899 0.78877 -0.445977
474 -0.716987 -0.263353 -0.787794
475 -0.950318 -0.491686 -0.506031
476 0.57581 -0.527655 -0.971234
477 0.259121 -0.300419 -0.818058
478 0.624699 -0.0863029 -0.711561
479 1.27791 0.135415 -0.892054
480 1.03938 0.175114 -0.740983
481 1.20513 0.10276 -0.6577
482 1.2368 -0.150965 -1.20547
483 1.40883 0.173424 -1.05469
484 1.25047 0.101995 -1.10634
485 1.39701 -0.263918 -1.11021
486 0.199423 1.07011 -0.973295
487 -0.0125125 1.07557 -0.717394
488 -0.0796858 1.30567 -0.82326
489 0.12449 1.00288 -1.01425
490 -1.8749 0.0494904 0.0719377
491 -1.86138 -0.166141 0.0591093
492 -0.337999 1.58828 0.686314
493 -0.19393 1.5367 0.69922
494 -0.24954 1.74641 0.517232
495 -0.335401 1.68368 0.6529
496 -0.820826 -0.0830791 -1.13935
497 -1.23231 -0.723485 -0.481748
498 -1.36409 -0.738813 -0.538901
499 -0.491354 0.272249 -0.313129
500 -0.840928 0.159545 -0.0947983
501 -0.583014 0.222031 0.0614598
502 -0.526096 0.396493 -0.0505336
503 -0.652973 -1.17813 -0.548097
504 -0.407716 -1.13803 -0.419744
505 -0.461119 -1.41775 -0.451141
506 -0.466641 -1.12898 -0.577401
507 -1.09286 -0.623821 -1.01921
508 -1.28949 -0.335731 -1.00336
509 -1.16116 -0.774076 -0.963925
510 -0.181669 -1.19171 -0.901649
511 -0.309117 -1.07738 -0.976035
512 -1.00999 0.0821932 -0.92256
513 1.00913 -1.18035 0.394003
514 0.871972 -1.27856 0.317448
515 0.810041 -1.12243 0.507299
516 1.03489 -0.953366 0.277415
517 -0.788868 -1.18114 -0.841591
518 -0.906624 -1.08415 -0.795032
519 -0.812133 -1.15492 -0.482555
520 -1.18434 -0.865652 -0.711418
521 0.944691 0.16528 -0.0822984
522 1.12251 0.277078 -0.456906
523 0.875884 0.11665 -0.21935
524 0.96111 0.323829 -0.189165
525 -0.63569 -0.9947 -0.906822
526 -0.594011 -1.03779 -0.88142
527 -0.575765 0.726938 0.344101
528 -0.56657 -1.15722 -1.02375
529 -0.270829 -1.13579 -1.10158
530 -0.501377 -1.09871 -1.0691
531 -0.744803 0.055773 0.931249
532 1.12503 0.80234 0.380625
533 1.3169 1.02563 -0.00933556
534 1.39287 0.768231 0.070121
535 1.8248 0.356686 0.361099
536 1.76359 0.0970654 0.400221
537 1.89781 0.237957 0.0527637
538 -1.70984 -0.0703231 -0.842564
539 -1.55049 -0.08608 -0.913091
540 -1.70445 0.0925318 -0.654883
541 -0.825947 -0.546191 -0.192589
542 -0.905638 -0.661189 -0.266146
543 -0.880139 -0.37304 -0.448709
544 1.02436 0.881677 -0.166699
545 1.06812 0.548526 -0.0487461
546 0.881354 0.711968 0.0629601
547 -0.631537 -1.05741 -0.513607
548 0.716226 -0.493771 -0.398708
549 0.444354 -0.615189 -0.26607
550 0.472099 -0.699166 -0.610091
551 -1.15109 -0.494999 0.672248
552 -1.0501 -0.349571 0.404434
553 -1.22015 -0.547169 0.41616
554 -0.664638 -0.818726 -0.8905
555 -0.912826 -0.878722 -0.562599
556 -1.17003 0.177734 -0.43141
557 -1.38622 0.130138 -0.207161
558 -1.18837 0.0849667 -0.429957
559 -0.268989 -0.870871 -0.491866
560 -0.61421 -0.82708 -0.474366
561 -1.33937 -0.889794 -0.657116
562 -1.01414 -0.565284 -0.922742
563 -0.327242 -0.406848 -1.05948
564 0.558291 -0.976226 -1.11661
565 0.452689 -0.774008 -1.338
566 0.212707 -0.695806 -1.21585
567 -2.08771 -0.160854 -0.538751
568 -0.739361 0.0915174 -0.996028
569 -0.742885 0.225998 -1.09743
570 -0.867701 -0.0304526 -1.08095
571 -0.609756 -0.503504 1.1314
572 -0.352121 -0.816325 1.28205
573 -0.352891 -0.591345 1.13595
574 1.45149 0.226854 -0.211991
575 1.29537 0.330778 -0.406432
576 1.46307 0.504027 -0.159746
577 1.52642 0.499456 -0.256318
578 -0.271921 -1.42126 -0.74164
579 -0.656626 -1.57298 -0.514105
580 -0.793071 -1.52018 -0.258218
581 -0.821407 -1.56674 -0.411132
582 -1.31635 0.0281045 -0.906108
583 -1.18086 1.02026 0.0233359
584 -1.12703 1.07996 0.0162798
585 -1.25872 1.11195 -0.143345
586 -0.122972 -0.554414 1.20984
587 -0.155813 -0.80587 1.31397
588 -0.401692 -1.50972 -0.163513
589 -0.619306 -1.42801 -0.180858
590 -0.561211 -0.350016 -0.810235
591 -0.295636 -0.731317 -0.686897
592 -0.839853 -1.13808 -0.884005
593 -0.69633 -1.20982 -0.935604
594 -0.687386 -1.24719 -0.538274
595 -1.10386 -0.835397 -0.612884
596 -1.17065 -0.66195 -0.469617
597 -1.21357 -1.24452 0.288991
598 -1.58245 -0.738945 0.189017
599 -1.39138 -1.04428 0.327445
600 -1.72167 -0.696387 -0.0285067
601 -1.56161 -0.828046 0.0645443
602 -0.261715 -0.120297 0.797424
603 -0.557056 -0.162616 0.626323
604 -0.250849 0.0498751 0.758443
605 -1.27949 -0.240729 0.84023
606 -2.06012 0.0168772 0.337477
607 -2.17391 0.0188671 0.0992211
608 -0.552971 -1.03576 -0.880594
609 -1.29233 0.00665936 -0.537551
610 -0.99041 -0.0556481 -0.571154
611 -1.08957 -1.29661 -0.262173
612 -1.08518 -1.42953 -0.345815
613 -0.76137 -1.36517 -0.323854
614 -1.38074 -0.646642 -0.481497
615 -1.25588 -0.621517 -0.417757
616 -1.59936 -0.747084 -0.263749
617 -0.535457 -1.5544 0.764729
618 -0.2476 -0.367254 -1.3575
619 0.209085 -0.688044 -1.41643
620 -0.497605 -0.0929235 -0.616539
621 -0.196249 -0.192146 -0.69695
622 -0.640621 0.313382 -0.403884
623 -0.505954 0.379675 -0.335231
624 -0.768983 -1.18769 1.03764
625 -0.854574 -1.14512 0.892372
626 -0.868684 -1.34109 0.805615
627 -0.987785 -1.16979 0.852078
628 -1.29558 0.0704154 -0.617412
629 -1.37786 0.401772 -0.42372
630 -0.514885 1.40268 -0.425241
631 -0.428632 1.13881 -0.593836
632 -0.367331 1.30229 -0.82353
633 -0.307194 1.34721 -0.791426
634 -0.361169 -1.54409 0.415763
635 -0.961249 -1.11218 0.912426
636 -0.561672 -0.309738 -0.990671
637 -0.668405 -0.116274 -1.19211
638 -1.26541 -1.02497 -0.666515
639 -0.98337 -0.952647 -0.541255
640 -0.845273 -0.94428 -1.03327
641 0.441276 -1.17214 -0.614161
642 0.167957 -1.01929 -0.696655
643 0.228666 -1.20957 -0.452751
644 0.4594 -1.02323 -0.66983
645 -0.416803 -0.873656 -0.925669
646 0.433846 -1.15866 0.0967593
647 0.261551 -1.22721 0.268406
648 0.229132 -1.1641 0.09392
649 0.000420755 0.343812 -0.293303
650 0.0259671 0.272474 -0.351726
651 0.377138 0.364085 -0.208526
652 -1.57205 -0.866827 -0.109804
653 -1.41771 -1.03465 -0.0677853
654 -0.265719 -1.7168 0.120295
655 -0.291063 -1.55253 0.200083
656 -0.576515 -1.6049 0.274254
657 -0.444033 -1.64919 0.398463
658 -1.16617 -0.339712 -0.50897
659 -1.01741 -0.544657 0.391797
660 -0.668252 -0.575029 0.685053
661 -0.606897 -0.421789 0.4139
662 -1.1224 -0.584667 0.48176
663 1.65765 0.516306 0.187207
664 1.77756 0.403652 0.219519
665 1.79277 0.429679 0.235162
666 -0.32041 0.602339 1.20071
667 -0.258719 0.796804 1.12439
668 -0.289989 0.5671 0.941122
669 0.239542 -0.449784 0.48956
670 0.418497 -0.227299 0.768832
671 0.441877 -0.569506 0.870994
672 0.366902 -0.677431 0.705851
673 -0.396072 -0.00565773 -0.197276
674 -0.343611 -0.714064 -1.31406
675 -0.0285428 -0.352764 0.385877
676 -0.0769333 -0.42746 0.562549
677 0.0737449 -0.377881 0.550326
678 -0.344612 -0.333439 -1.31852
679 -0.348284 -0.285393 -1.02457
680 -1.78489 0.02046 -0.611317
681 -2.13115 0.0805873 -0.51983
682 -0.245064 1.00304 0.39482
683 -0.360233 1.1489 -0.0782761
684 -0.130991 0.97779 0.10953
685 -0.416276 0.94699 0.0524878
686 -1.24979 0.315628 0.271182
687 -1.0774 0.343985 0.523894
688 -1.20398 0.137036 0.41867
689 -1.17421 0.24079 0.198211
690 -1.87038 -0.484113 -0.41773
691 -1.97091 -0.381051 -0.532663
692 -1.2872 -1.01508 0.639708
693 -1.20121 -0.969191 0.833998
694 -1.40397 -0.537247 0.823654
695 -0.063476 -0.245503 -0.642382
696 -0.164637 1.30342 0.411204
697 -0.250381 1.23509 0.43541
698 -0.203527 1.21079 0.568329
699 -0.244705 1.36502 0.451262
700 -1.44319 -0.564573 -0.517584
701 -1.33914 -0.60687 -0.48207
702 -1.24867 -1.30701 0.133448
703 -0.815894 -1.38654 0.0127342
704 -0.369902 -0.0134009 -0.889233
705 0.511494 -1.10528 -0.615493
706 0.635517 -1.04942 -0.364285
707 0.488476 -1.3136 -0.390833
708 0.633217 -1.04662 -0.660978
709 -1.36851 -0.982525 0.379251
710 0.550157 -0.6184 0.857316
711 0.875445 -0.762334 0.88205
712 0.606757 -0.813099 1.11728
713 0.76064 -0.991012 0.721987
714 -1.36568 -1.04535 -0.530663
715 -1.62042 -0.79742 -0.389062
716 -1.78829 -0.0434779 0.339503
717 -1.80552 -0.226677 0.339559
718 -0.599454 -0.0857068 0.970412
719 -0.316497 -0.0367928 0.8438
720 -1.14166 1.20979 0.223509
721 -1.0181 0.902925 0.0504761
722 -1.14305 0.905945 0.112145
723 -0.745638 -1.43828 -0.144293
724 -0.626473 -1.42365 -0.178474
725 -0.62993 -1.47263 -0.235893
726 -1.01833 -0.859008 0.176147
727 -1.22613 -1.24675 0.427322
728 -1.67626 -0.517649 0.476076
729 -1.7593 -0.534067 0.260362
730 -2.2448 0.186553 -0.316831
731 -2.13196 -0.0293764 -0.482871
732 -1.47554 1.30953 -0.110848
733 -1.65943 1.01635 0.00203811
734 -1.58762 1.01621 -0.128577
735 -1.22693 -0.739585 0.0952938
736 -0.896499 -0.42213 0.0915955
737 -0.286939 -1.17382 0.360459
738 -0.177542 -0.899317 0.471917
739 -0.652102 -0.930944 0.0207393
740 0.99717 -0.353442 0.205991
741 1.13994 -0.528856 0.501079
742 1.09148 -0.206216 0.421242
743 0.720936 -0.446451 0.528242
744 -0.662654 -0.564825 -0.0558127
745 -0.767306 -0.278827 0.973585
746 -0.752284 -0.304509 0.987523
747 -0.626497 -0.382481 0.945666
748 -0.531513 1.20881 -0.80166
749 -0.291922 1.19539 -0.879449
750 -0.575118 1.26702 -0.853417
751 0.759381 -0.990823 -1.0417
752 0.797942 -1.05698 -0.74224
753 0.597165 -1.16389 -0.87189
754 0.948855 -1.02555 -0.903205
755 -1.78288 -0.131494 -0.761952
756 -0.762906 0.136443 1.12176
757 -0.963344 0.304833 1.03369
758 -1.35131 -0.96117 0.17121
759 -1.58279 0.358774 -0.373926
760 -2.05185 0.258548 -0.579598
761 -2.0733 0.259553 -0.532953
762 -1.74016 0.477825 -0.270863
763 1.50296 0.574921 0.411282
764 1.53739 0.953925 0.459052
765 1.51521 0.622984 0.287455
766 -0.126348 -1.1654 -0.360731
767 -0.234003 -1.49468 -0.279503
768 1.41205 0.335905 0.877217
769 1.41956 0.154897 0.73305
770 0.786776 0.100692 -0.16698
771 0.184507 -0.585966 0.361968
772 0.476023 -0.84353 0.331536
773 0.384409 -0.717679 0.451148
774 0.26426 -0.905721 0.419885
775 -0.515492 0.979117 0.816683
776 -0.881607 1.28465 0.731968
777 -0.916796 -0.0594633 -0.225855
778 0.0308654 -0.80901 0.516626
779 -1.29119 -1.24633 -0.0678343
780 -1.30812 -1.21959 -0.158836
781 -0.933528 -1.03407 0.756569
782 -1.79434 0.169248 -0.826142
783 -0.566651 -1.00732 -0.152175
784 0.51241 0.0464821 -1.4776
785 0.419206 0.0373591 -1.45814
786 0.417744 -5.48738e-05 -1.49112
787 0.314204 -0.0606253 -1.23461
788 0.307035 -1.05646 -0.847296
789 0.444841 -0.903875 -0.892899
790 0.555467 -0.983657 -0.727456
791 -0.963946 -0.576165 1.09759
792 -0.863123 -0.501798 0.982354
793 -1.05409 -0.634264 1.06072
794 1.46525 0.441719 0.0235473
795 1.53417 0.588234 -0.103261
796 0.921224 -0.733866 1.15606
797 0.946681 -0.672943 1.16291
798 1.10676 -0.823958 1.11361
799 -1.25518 0.646527 -0.720887
800 -1.33093 0.754959 -0.424129
801 -1.55568 0.666924 -0.57841
802 -0.365491 -1.59607 0.593867
803 -0.397258 -1.66623 0.645738
804 -0.432473 -1.68916 0.587216
805 -0.206688 -1.63762 0.609592
806 -0.926514 -0.361376 1.09119
807 0.812354 -0.635325 0.768896
808 0.588086 -0.513557 0.453185
809 0.891519 -0.691829 0.385562
810 1.22554 0.982154 -0.449778
811 1.11138 1.0184 -0.10154
812 1.0333 0.374756 -0.629835
813 0.731113 0.358365 -0.553636
814 0.912355 0.315247 -0.646796
815 0.106142 -0.991556 -0.24162
816 -0.109252 -1.17096 -0.373387
817 0.12745 -1.08499 -0.121673
818 1.34067 -0.887471 0.448028
819 1.36033 -0.933103 0.589689
820 1.11082 -0.927718 0.498956
821 1.12213 -1.10396 0.311461
822 -0.169127 -0.235239 1.31901
823 -0.295403 -0.987503 -0.502177
824 -0.149754 -1.34726 -0.580269
825 -0.196851 -1.51027 -0.58332
826 -0.0749487 -1.42521 -0.700198
827 -0.180662 -0.755659 0.906241
828 -0.179232 -0.985278 1.24435
829 -0.243197 -0.961468 0.844449
830 -0.0527473 -0.76916 1.18378
831 -0.233714 0.139975 0.958199
832 -1.7056 -0.499895 0.525062
833 -1.70381 -0.454015 0.314547
834 -1.69509 -0.246617 0.334127
835 -0.0745498 -1.037 0.504933
836 -0.11759 -1.10179 0.127613
837 -0.132848 -1.19657 0.870709
838 0.221693 -1.10252 0.653997
839 0.0132795 -1.25472 0.462241
840 -0.619126 -1.798 0.0980512
841 0.0583316 -1.20971 0.215119
842 0.0225557 -1.21614 0.103702
843 0.0540375 -1.19111 0.197596
844 -1.33183 -0.157585 0.970417
845 -0.607069 0.686381 0.491646
846 -0.715188 0.673973 0.44141
847 -1.14398 -0.702638 0.851077
848 -1.46028 0.125788 0.500203
849 -1.68128 0.0208247 0.44984
850 -1.64568 -0.0465715 0.596933
851 -1.61235 0.229979 0.588364
852 -1.74023 0.152545 0.0603685
853 -1.87777 0.375191 0.0230046
854 1.22919 -0.536089 1.15902
855 1.29953 -0.565273 0.885681
856 1.33449 -0.491559 1.05257
857 1.35523 -0.733112 0.906543
858 -0.578382 -0.240938 1.24907
859 -0.555306 -0.0597129 1.22153
860 -0.209774 1.57451 0.368023
861 -0.264776 1.45938 0.137041
862 -0.994131 -0.0237248 -0.0221053
863 -1.71036 -0.736279 -0.252187
864 -0.511145 1.0784 -0.56587
865 -0.790376 1.12418 -0.746611
866 -1.01491 0.807454 -0.770128
867 -1.07881 1.12302 -0.76211
868 -0.839314 0.708568 -0.986913
869 -1.28403 0.690689 -0.852557
870 -0.970669 -0.900089 0.662095
871 -1.1804 -1.02638 0.726195
872 -1.07943 -0.988277 0.916304
873 -0.397586 1.11881 -0.220961
874 -0.550284 1.23681 -0.0864498
875 -0.619977 1.02065 -0.185956
876 -1.28233 1.02421 0.222257
877 -1.43941 1.21605 0.239173
878 -1.48513 1.1305 0.356193
879 -1.22851 1.24725 0.187193
880 0.464767 -0.320519 1.12806
881 0.35964 -0.0867397 0.946536
882 0.310384 -0.111471 0.956532
883 -0.432004 0.303347 -0.581748
884 -0.0559656 0.107345 -0.902019
885 1.2113 0.120778 -0.952911
886 -0.102247 -0.277756 0.910547
887 -1.22749 -0.122827 0.472622
888 -0.888334 1.34646 -0.730301
889 -1.01587 1.48592 -0.469551
890 -0.786431 1.53462 -0.44563
891 -0.719794 1.4773 -0.672614
892 -0.681829 0.874021 1.04156
893 -0.473307 -0.561068 -0.0617703
894 -1.3775 -1.00321 0.130381
895 1.5387 0.482205 -0.137555
896 -1.20549 -0.140472 0.351167
897 -0.851929 0.0730842 0.233273
898 -1.07006 0.191783 0.173074
899 -1.84869 0.268045 0.549959
900 -1.54804 0.413965 0.73591
901 -1.36561 0.814877 0.697692
902 -0.35217 -0.795368 1.1432
903 -0.245741 -1.15703 0.610872
904 0.386836 -0.16388 0.638156
905 0.190335 -0.199155 0.814911
906 0.927616 -1.11765 0.874696
907 0.89522 -1.21444 0.674057
908 0.68645 -1.20943 0.730164
909 -1.25699 -0.247146 0.983102
910 -1.43371 -0.228279 0.865341
911 -1.37366 -0.69899 0.0968427
912 -1.31706 0.256282 0.514306
913 -1.37519 0.24937 0.635848
914 -0.845207 -0.305285 0.529484
915 -0.398207 0.175928 1.23803
916 -0.402177 0.137484 1.15789
917 0.355096 0.305815 0.911668
918 0.418816 0.539772 1.28296
919 0.368849 0.573408 1.0291
920 0.214572 0.452762 1.0365
921 -0.31048 0.67219 0.718605
922 -0.010104 -0.374031 -1.07433
923 -0.125894 -0.320519 -0.982093
924 0.0820063 -0.627053 -0.950623
925 -0.562858 -0.456126 -1.00486
926 0.289461 -0.069202 -0.956493
927 0.149793 0.0997015 -1.07219
928 0.313069 -0.172053 -1.11401
929 1.63361 0.360947 -0.248189
930 1.86714 0.39608 -0.243238
931 1.84837 0.195953 -0.188308
932 -0.326091 -0.500191 0.0714116
933 0.147216 -0.419498 0.893996
934 -0.166924 -0.43234 0.993646
935 0.0637326 -0.342686 1.10159
936 -1.47686 -0.137785 -0.594811
937 -1.52526 -0.414762 0.756813
938 0.490056 -0.324086 -1.16325
939 0.493467 -0.508332 -1.22944
940 0.838143 -0.343697 -1.19829
941 -0.511632 0.253094 0.302757
942 -0.401799 0.292701 0.334385
943 -0.456006 0.271655 0.382723
944 -1.52585 -0.599852 -0.732404
945 1.91718 0.389589 -0.0439607
946 0.073929 -1.14935 0.165784
947 0.0531925 -1.21813 0.343711
948 -0.0554099 -1.19575 -0.542972
949 -0.327378 -1.31443 -0.549027
950 -0.101982 -1.08402 -0.486851
951 1.13085 0.668469 0.997523
952 -0.893454 -0.298484 0.342506
953 -0.61849 -0.276241 0.304198
954 -0.778162 -0.321981 0.0142472
955 1.72748 -0.292922 -0.248012
956 1.66452 -0.288117 -0.107857
957 1.77882 -0.176805 -0.00980846
958 1.50158 -0.107128 -0.114056
959 1.74211 0.291608 0.485868
960 1.59589 0.0517215 0.426699
961 -0.0474234 -1.2577 0.94843
962 -0.280858 -1.39769 0.994206
963 -0.341193 -1.34752 0.992821
964 -1.24547 -1.16464 -0.567737
965 -0.380799 -1.73012 -0.251414
966 -0.412419 -1.60224 -0.317291
967 -0.813719 -1.43178 -0.544893
968 -0.817427 -1.50241 -0.346712
969 0.648734 -0.174668 -0.542898
970 0.746651 -0.0563329 -0.361023
971 0.596345 -0.0153843 -0.624518
972 0.405844 -0.116556 -0.409254
973 0.152248 0.754258 0.358829
974 0.218676 0.599683 0.250667
975 0.343609 0.723123 0.262165
976 0.305187 0.737906 0.372944
977 1.49874 -0.169159 -0.419865
978 1.76259 -0.300404 -0.492373
979 1.43804 -0.665287 -0.324336
980 1.61552 -0.557205 -0.706959
981 -0.491226 -1.01515 1.18265
982 -0.624248 -0.966828 0.959761
983 -0.660519 -1.2598 1.04313
984 0.403578 -1.49987 -0.0733169
985 0.204907 -1.5442 -0.260974
986 0.219275 -1.58123 -0.0772896
987 0.354061 -1.4129 -0.0562537
988 0.210432 -0.919289 0.539234
989 0.396723 -0.671879 0.54103
990 0.460435 -1.05487 0.454618
991 0.290586 -0.93527 0.427023
992 -0.332218 0.703581 -0.14257
993 -0.189172 0.793842 -0.22829
994 -0.449036 0.848086 -0.369861
995 -0.478856 0.520315 -0.250868
996 -0.839592 0.625403 -0.275816
997 -0.51039 0.59764 -0.466798
998 -1.32129 0.98309 -0.730217
999 -0.563074 -0.824329 0.689761
1000 -0.629289 -0.992914 0.629804
1001 -1.33808 0.618187 -0.822468
1002 -0.299241 -0.712993 -0.470505
1003 1.56818 0.736031 0.147213
1004 -0.520874 0.227738 0.944522
1005 -0.622315 0.189974 0.888978
1006 -0.626469 0.248702 1.04866
1007 0.0394831 -0.837541 -0.163911
1008 0.307094 -0.740149 -0.189893
1009 0.15979 -0.59387 -0.124994
1010 0.193262 -0.882509 -0.15038
1011 -0.699118 -0.743239 -0.578839
1012 0.011726 0.768949 -0.581465
1013 -0.918076 1.16999 -0.274233
1014 -1.04478 1.18132 -0.0374955
1015 -1.78516 -0.569653 -0.169044
1016 -1.50876 -0.612856 -0.0160719
1017 -1.57425 -0.598055 0.0463238
1018 -1.85569 -0.442034 0.0622354
1019 -0.625319 1.2881 0.641987
1020 -2.02751 0.219187 -0.161117
1021 0.720614 0.0859252 -1.04612
1022 0.79885 0.1542 -1.02179
1023 0.570934 0.204693 -0.743969
1024 0.0359848 -1.60294 0.285064
1025 0.0591431 -1.45735 0.162834
1026 0.146736 -1.63224 0.28329
1027 -0.0433344 -1.59748 -0.00370506
1028 -1.43448 0.614303 0.0871485
1029 -1.65211 0.519412 -0.0746965
1030 -1.76014 -0.0715482 -0.839664
1031 -2.07979 0.442009 -0.335986
1032 -0.347019 -0.478731 0.746777
1033 -1.12951 1.36953 0.451411
1034 -0.93048 1.313 0.475009
1035 -1.06759 1.28138 0.460277
1036 -1.14172 1.38314 0.339459
1037 -1.05911 0.615865 0.611951
1038 -1.14278 0.736528 0.776154
1039 -0.953571 0.813921 0.808076
1040 -1.02846 0.417742 0.758573
1041 0.271781 0.883161 -0.616806
1042 0.114066 0.941248 -0.643598
1043 0.225967 0.889323 -0.665894
1044 -1.34187 0.477911 -0.176339
1045 -1.15425 0.463023 -0.444145
1046 -0.953308 0.575223 -0.0796366
1047 -0.928061 0.228942 -0.0208368
1048 -1.70865 0.14152 0.0905733
1049 0.0788772 0.697203 -0.0548001
1050 0.362677 0.918793 -0.173239
1051 0.256629 0.556146 -0.0560384
1052 0.229758 0.783949 -0.437184
1053 -0.825128 0.390697 0.0111646
1054 0.561316 0.215609 -0.163661
1055 0.561699 0.28725 -0.0248741
1056 0.635982 0.284599 -0.196416
1057 -0.47834 0.425396 0.567897
1058 -0.458531 0.380735 0.379212
1059 -0.47175 0.884622 -0.143353
1060 -0.637622 0.898935 0.0294583
1061 -0.365617 0.900804 -0.0312949
1062 -1.51978 -0.363125 -0.45489
1063 -0.561298 1.34047 0.71569
1064 -0.627988 1.48227 0.563341
1065 -0.446886 1.42444 0.432759
1066 1.67004 -0.0608125 0.579053
1067 -0.66868 0.181832 0.667866
1068 -0.231231 0.235373 0.576012
1069 -0.21418 0.934368 0.609962
1070 0.148176 0.911895 0.541572
1071 0.649342 0.323127 0.0464593
1072 0.947676 0.440402 -0.0987663
1073 -2.04028 0.467139 0.246713
1074 -1.86598 0.212186 0.563042
1075 -1.60124 0.905709 0.293568
1076 -1.44659 0.95713 0.408569
1077 -1.37284 0.735174 0.00958464
1078 -0.563009 -0.946615 0.967527
1079 -0.612588 -0.868402 1.10624
1080 -0.478986 -0.51601 1.02611
1081 -0.376996 -1.10174 0.896525
1082 -0.12813 0.275243 1.31548
1083 0.152547 0.164399 1.32842
1084 0.170682 -0.036358 1.31765
1085 0.0401649 0.533504 -0.196907
1086 -0.897143 -0.0765884 0.468246
1087 -0.834495 -0.131474 0.460936
1088 -0.733568 -0.0601272 1.18099
1089 -1.43926 0.00969333 0.173162
1090 -1.19944 -0.162791 0.27603
1091 -1.28913 -0.092769 0.354591
1092 -0.645496 -0.55152 0.935974
1093 0.0943411 -0.48335 0.0347485
1094 0.103766 -0.347983 0.305387
1095 0.779052 0.894549 -0.143405
1096 0.830396 0.76917 -0.302828
1097 0.737877 0.682115 0.0720405
1098 1.20374 -0.52623 0.130819
1099 1.25939 -0.635049 0.386612
1100 0.073562 -0.270607 0.398886
1101 0.0909999 -0.610691 0.685778
1102 -0.636693 0.262048 0.583983
1103 -1.62401 1.04808 0.0900359
1104 -0.213066 1.40699 0.537927
1105 -0.296076 1.25001 0.625425
1106 -0.410274 0.291322 0.369214
1107 -0.855309 -0.690645 1.16954
1108 -0.985307 -0.774531 0.98968
1109 -0.502624 1.04423 0.529048
1110 -0.517913 0.961803 0.264196
1111 -0.863685 0.732379 -0.362889
1112 -0.777175 0.72395 -0.613989
1113 -0.731418 0.69692 -0.550629
1114 0.751503 1.36387 0.566489
1115 0.535387 1.4293 0.640882
1116 0.67475 1.29768 0.485784
1117 0.623436 1.21801 0.53718
1118 -0.63109 1.15707 0.435182
1119 -0.635918 0.983436 0.513873
1120 -0.69482 0.348414 0.687028
1121 -0.778774 0.426688 0.556124
1122 -0.99133 0.342951 0.732405
1123 0.0544275 1.48811 0.359817
1124 0.433243 1.29542 0.411918
1125 0.224065 1.61454 0.325761
1126 0.340874 1.50084 0.640897
1127 -0.962242 1.20257 0.479061
1128 1.91535 0.496508 -0.327781
1129 0.51844 1.2585 -0.599749
1130 0.458984 1.18024 -0.506149
1131 0.168954 -1.43614 0.55817
1132 0.351942 -0.620718 1.35179
1133 0.268931 -0.494145 1.10892
1134 0.100681 -0.670338 1.21668
1135 0.292556 0.942563 1.10021
1136 0.495134 0.749795 1.01979
1137 0.461842 0.930003 1.06703
1138 1.00946 1.11559 0.0103891
1139 0.846053 1.27688 -0.0798645
1140 0.903829 1.33272 0.153768
1141 1.0302 1.3178 0.170998
1142 -0.389623 1.19868 0.642292
1143 -0.265243 0.111546 0.0524224
1144 -0.363974 0.420232 -0.0859872
1145 -0.0504373 0.231985 -0.0418643
1146 -0.313685 0.0920328 -0.294309
1147 -0.665479 0.692674 0.677508
1148 -0.697363 0.334026 0.537812
1149 -0.46259 -0.088043 -0.0686718
1150 0.19838 1.33586 0.219788
1151 0.12896 1.27254 0.132357
1152 0.25902 1.05832 0.2567
1153 0.132163 1.22911 0.406663
1154 -1.91964 0.578458 0.296116
1155 -1.74598 0.822913 0.354222
1156 -1.79495 0.933936 0.103037
1157 -2.08793 0.634211 -0.0123528
1158 -0.71319 1.40337 0.848693
1159 -0.575897 1.33772 0.92681
1160 -0.530649 1.55323 0.685239
1161 -0.493082 0.484034 1.16588
1162 0.837866 0.509149 1.24493
1163 0.90398 0.424871 0.932832
1164 -0.0592648 0.201543 0.312526
1165 -0.225852 0.95443 -0.522314
1166 -0.686064 0.772992 0.325722
1167 -0.689047 1.07346 0.355748
1168 -0.649298 1.04654 0.146378
1169 0.707818 1.40786 0.279226
1170 0.530788 1.34247 0.487226
1171 0.0605111 0.197465 0.959749
1172 -0.112725 0.849983 1.03225
1173 -1.23367 0.640677 0.839612
1174 0.208122 0.940473 0.581466
1175 -0.151528 1.23664 0.673859
1176 -0.269589 1.03334 0.803811
1177 -0.160272 1.01012 0.957562
1178 -1.33077 0.614426 0.43247
1179 -1.63445 0.814319 0.414873
1180 -0.18162 0.923625 0.192897
1181 -0.229805 0.785872 0.131703
1182 -0.598228 1.12879 0.101219
1183 -0.82687 1.29365 -0.0810131
1184 -0.0921949 0.172748 0.232878
1185 -0.296501 0.904573 0.686174
1186 -0.231629 1.14465 0.682749
1187 -0.159627 0.899505 0.792488
1188 -0.0276651 1.2623 0.405267
1189 0.025903 1.09545 0.231039
1190 0.0137796 1.14993 0.203632
1191 -1.33532 -0.0487998 -0.392095
1192 -0.482982 1.45356 0.326043
1193 -0.516107 1.58275 0.517478
1194 -0.559729 1.73928 0.137099
1195 -0.936306 0.830063 -0.656781
1196 -0.70383 1.06015 -0.906792
1197 -1.35762 0.915165 -0.0965691
1198 -1.24342 0.982638 -0.0338247
1199 -1.30623 0.706621 -0.262839
1200 -1.35756 0.788627 -0.29797
1201 -0.837134 0.743934 0.679408
1202 -0.425448 0.502517 0.496187
1203 -0.529511 0.420017 0.108623
1204 -0.967618 -0.312766 -0.104457
1205 -0.657614 0.314997 1.14449
1206 -0.16209 0.749889 -0.785244
1207 -0.270657 -0.244424 0.763173
1208 -0.0206449 -1.70524 0.307482
1209 -0.0594699 -1.72579 0.0499222
1210 -0.985518 0.168351 0.0975058
1211 0.765412 0.354961 0.569847
1212 0.896815 0.403844 0.763827
1213 1.13793 -0.0368967 0.643676
1214 -1.64423 0.2045 0.210713
1215 -0.96228 1.45479 0.575195
1216 -0.870214 1.51919 0.458881
1217 -1.08758 0.728928 0.325895
1218 -1.15029 0.987703 0.659225
1219 -1.52058 0.242333 0.274011
1220 0.347517 1.18985 0.848025
1221 0.325386 1.3701 0.799071
1222 -1.21027 0.694172 0.633609
1223 -1.75254 0.982445 -0.0201973
1224 -1.75113 0.918945 0.0686954
1225 -1.65296 0.873581 -0.0351488
1226 -0.56395 1.03821 -0.275403
1227 -0.707558 1.1171 -0.455322
1228 -0.677485 1.11971 -0.281698
1229 0.15741 0.675787 -0.621688
1230 0.0167358 0.706449 -0.961117
1231 0.457772 1.25444 -0.146191
1232 0.462433 1.36425 -0.283706
1233 0.575113 1.02416 -0.248755
1234 -1.04864 1.30936 0.644836
1235 -0.898156 1.40173 0.71267
1236 -1.36633 0.0183038 0.480331
1237 -1.40526 0.811971 -0.726143
1238 -1.494 0.687523 -0.766699
1239 -0.291651 1.46903 0.452019
1240 -0.137673 1.3508 0.74272
1241 -1.0867 1.57124 -0.19663
1242 1.76285 -0.446008 -0.0382237
1243 1.74854 -0.389314 0.0632101
1244 1.59812 -0.675153 0.0253549
1245 -1.19584 0.958631 0.000828114
1246 -0.826544 1.28251 0.367543
1247 -1.01957 0.728038 -0.795248
1248 -1.52649 1.14012 -0.280018
1249 -1.86017 0.859562 -0.351358
1250 -1.60323 0.232207 -0.621863
1251 -1.44488 0.849874 -0.320381
1252 -1.72923 0.81884 -0.0871476
1253 0.261496 0.921323 -1.06896
1254 -0.787971 -0.167905 -0.828293
1255 -0.938331 0.673401 -0.464393
1256 -0.733895 0.557742 -0.648771
1257 0.649891 0.240252 0.478906
1258 0.713059 -0.0896616 0.405409
1259 0.752182 -0.0450554 0.454582
1260 0.547004 -0.0301648 0.573024
1261 -0.481607 0.398723 -0.369379
1262 -0.534653 0.372053 -0.493261
1263 -0.897035 0.771133 0.265678
1264 0.536909 0.900285 -0.378376
1265 0.0866908 -0.944905 -0.334292
1266 0.315721 0.553187 0.169173
1267 -0.908363 -0.180052 0.264811
1268 -1.53235 0.557413 -0.809013
1269 -1.71507 0.456522 -0.751514
1270 -1.55187 0.405315 -0.853425
1271 -0.797205 0.86897 -0.0331763
1272 -1.70902 0.310134 -0.713278
1273 -1.54893 0.482711 -0.273096
1274 -1.54445 0.457496 -0.193493
1275 -1.5842 0.685332 -0.305347
1276 -1.54193 -0.0707931 -0.515284
1277 0.0790777 -0.787444 -0.489854
1278 -0.00147848 -0.89052 -0.56823
1279 0.123751 -0.732132 -0.783173
1280 1.56827 0.561479 -0.20668
1281 -1.42201 0.0747175 -0.333298
1282 -1.95131 0.78092 -0.267558
1283 0.200344 -0.231581 0.402766
1284 -0.644931 0.193047 -0.804056
1285 -0.729076 0.240107 -1.0117
1286 0.282786 0.672822 -0.592926
1287 -1.69267 0.182394 -0.643938
1288 0.427662 1.31734 0.0915263
1289 0.692006 1.4893 0.198263
1290 0.535649 1.28776 0.0386379
1291 -0.678917 0.752854 -0.492516
1292 -0.353023 0.188335 -0.992266
1293 -1.17887 0.9885 -0.495365
1294 -1.15654 0.747408 -0.489118
1295 0.348602 -0.360201 -0.302675
1296 0.100867 -0.3657 -0.369491
1297 1.63045 -0.134395 0.209952
1298 1.50052 -0.301703 0.029353
1299 -1.12132 1.24394 -0.523965
1300 -1.04423 1.33486 -0.524403
1301 0.796773 0.721561 -0.830621
1302 0.574283 0.787417 -1.02458
1303 0.582514 0.522535 -0.853136
1304 -1.1449 1.10144 -0.648707
1305 -1.25949 1.09992 -0.667408
1306 -0.534139 1.05464 0.0548232
1307 -0.418314 1.02948 0.654351
1308 -0.075353 1.65955 -0.235031
1309 0.0487252 1.56458 -0.361118
1310 0.00537701 1.46247 -0.413483
1311 -0.0175926 1.54366 -0.4385
1312 -0.646122 0.557668 -0.995224
1313 -0.459386 0.721954 -0.958499
1314 -0.547576 0.845059 -1.03622
1315 -1.29514 1.11797 -0.378796
1316 -1.14519 1.20616 0.638941
1317 -1.06702 1.37656 0.57216
1318 -0.840813 1.4561 0.739746
1319 -0.255093 1.54403 0.753828
1320 -0.38277 1.34867 0.914064
1321 -0.884564 0.556774 -0.0880526
1322 -0.167262 -0.333246 0.320695
1323 1.37854 0.834544 -0.506573
1324 1.48645 0.895126 -0.475274
1325 0.799094 0.373745 -0.866835
1326 1.7339 -0.388449 0.298152
1327 0.540782 0.293893 1.37951
1328 0.477709 0.0974577 1.27668
1329 0.450202 0.123025 1.41595
1330 0.213137 0.414535 1.34341
1331 -0.44294 0.548834 -1.10839
1332 -0.340509 0.547982 -1.145
1333 -0.288536 0.677107 -1.11508
1334 -0.451686 0.628671 -0.996451
1335 -0.468849 1.67813 0.617747
1336 0.34078 1.41421 -0.271722
1337 -0.617317 -0.00803033 0.574661
1338 -0.399142 0.0430664 0.115437
1339 0.178789 0.832004 -0.969302
1340 0.230823 0.628738 -0.848936
1341 -0.0104985 -0.15832 -1.35706
1342 -0.319293 -0.206354 -1.33775
1343 0.0123024 0.036161 0.20042
1344 1.09884 0.185847 1.24407
1345 0.963723 -0.161357 0.0159231
1346 1.03408 -0.262375 -0.162803
1347 0.893847 0.931493 0.0284033
1348 1.63855 -0.0209874 0.193259
1349 1.789 0.0651428 0.120252
1350 1.84609 0.0258711 0.0965524
1351 1.8407 -0.156935 0.0448871
1352 -0.473084 0.988995 -0.310537
1353 -0.328169 1.02145 -0.243117
1354 -1.2559 0.853313 -0.490824
1355 -1.44749 1.00621 -0.645771
1356 -1.66296 0.999966 0.179635
1357 0.0105893 1.32591 0.180257
1358 1.73499 0.79698 -0.468328
1359 1.58894 0.660015 -0.32192
1360 0.251876 0.91566 -0.737384
1361 0.3307 1.06321 1.02726
1362 0.61772 0.49201 1.19576
1363 0.711715 0.345854 0.955465
1364 0.891624 1.05379 -0.0925835
1365 0.895937 1.03229 -0.336909
1366 0.858738 1.19276 -0.133186
1367 -0.0390218 0.398021 1.27974
1368 -0.00341196 0.910944 -1.04877
1369 -0.212333 -0.275734 0.0987219
1370 -0.118353 -0.111742 0.196794
1371 1.47286 0.120605 -0.420041
1372 1.50555 0.927488 -0.460988
1373 1.42697 0.783226 -0.197878
1374 1.60179 0.961675 -0.106112
1375 0.742943 -0.518724 -0.335165
1376 0.992738 -0.694236 -0.0606925
1377 1.03982 -0.370043 -0.279352
1378 0.874182 -0.380767 -0.255213
1379 1.62809 0.150699 -0.0450403
1380 1.35972 0.668717 0.874044
1381 -0.138326 1.73537 0.0544973
1382 0.252293 1.51473 0.0588552
1383 0.26968 1.52468 0.0640666
1384 1.05489 0.00855593 1.10098
1385 0.932668 0.0574167 1.28412
1386 0.109948 0.579149 0.0979071
1387 0.0355574 0.957078 0.276548
1388 -0.310265 1.32618 -0.238548
1389 -0.19827 1.21048 -0.484855
1390 -0.242645 1.61608 -0.467206
1391 0.290525 1.24672 -0.792195
1392 0.0205144 1.23572 -0.697488
1393 1.25137 0.913282 -0.490107
1394 1.23815 1.08456 -0.634245
1395 1.0667 0.911788 -0.59137
1396 -0.291149 0.475153 -0.0182214
1397 -0.502666 -0.740941 -1.01842
1398 -0.200527 0.674957 -0.237676
1399 0.723316 1.21503 0.0985258
1400 0.608205 1.09282 0.215371
1401 -0.168618 0.411688 -1.26243
1402 -0.434209 0.20281 -1.22693
1403 -0.29604 0.327498 -1.16296
1404 0.0564662 0.101069 0.322169
1405 0.140676 -0.278328 -0.963577
1406 0.177763 -0.563858 -0.973195
1407 0.340689 -0.766895 -0.439436
1408 0.259833 -0.95702 -0.158101
1409 -0.401385 -0.268635 -1.29348
1410 -0.523818 -0.177537 -1.22858
1411 1.12975 -0.895612 0.117621
1412 1.43019 -0.76123 0.366807
1413 0.272169 -0.512431 0.378851
1414 0.575307 -0.549101 0.315334
1415 1.37223 0.294459 -0.521878
1416 -0.24244 0.690361 -0.822625
1417 1.00153 -0.161247 -0.860177
1418 1.09663 -0.184265 -0.846755
1419 1.01917 -0.193987 -0.948803
1420 -1.63103 0.883555 0.30615
1421 -0.78946 1.75987 0.0531917
1422 -0.777382 1.63755 -0.275628
1423 -0.665709 1.74037 -0.132164
1424 -0.715547 0.583034 0.441952
1425 -0.135622 -1.01009 -0.666681
1426 -0.244206 -1.56283 -0.493676
1427 -0.218648 -1.581 -0.462568
1428 -0.54628 -0.492406 -1.24203
1429 1.1598 -0.0495796 1.02009
1430 1.39809 0.0237645 0.868505
1431 1.38482 0.0382252 1.08014
1432 1.44012 -0.121146 0.974885
1433 0.254793 0.341146 -1.08363
1434 0.63486 0.577651 -1.22484
1435 0.564483 0.908326 -0.378841
1436 0.0768757 0.302604 -0.653109
1437 0.163124 0.47642 -0.544608
1438 -0.490991 0.583349 0.00877742
1439 1.23943 0.732612 0.873128
1440 1.20938 0.517972 0.38632
1441 1.22884 0.363507 0.101025
1442 1.29456 0.195635 -0.0846028
1443 1.54483 0.298436 0.143763
1444 -0.669346 -0.295076 -0.820338
1445 0.0692252 0.185937 -1.28508
1446 0.042177 0.281073 -1.04134
1447 0.211968 0.462041 -1.17544
1448 0.0229843 0.528305 -1.27524
1449 1.53712 0.11154 0.823594
1450 1.58113 -0.0584673 0.812459
1451 1.57916 0.0134849 0.787564
1452 0.906306 -0.280081 -1.4185
1453 0.815742 -0.157199 -1.15088
1454 0.818344 -0.110649 -1.44514
1455 0.340473 0.420833 -0.851995
1456 0.159266 0.446144 -0.747175
1457 0.783312 0.501879 0.672252
1458 0.702511 0.473848 0.369051
1459 0.885066 -0.454637 -1.19498
1460 0.885044 -0.578 -1.23206
1461 0.608059 0.849171 -0.877634
1462 0.485496 0.830386 -0.955781
1463 1.21586 -0.0257641 0.19395
1464 1.06253 0.550083 -0.660409
1465 1.73084 -0.236166 -0.721834
1466 1.41953 -0.0256834 -0.624122
1467 0.572331 -1.21534 0.370872
1468 0.762793 -1.05569 -0.00248262
1469 0.775838 1.04586 0.350906
1470 0.626756 0.904753 0.286191
1471 0.619456 1.05165 0.34516
1472 0.636529 -0.308003 1.46838
1473 0.530552 -0.507694 1.41333
1474 0.622059 -0.28912 1.25188
1475 0.794774 -0.389012 1.29007
1476 0.260968 1.00854 -0.614655
1477 0.344255 0.82729 1.14269
1478 0.283589 0.750898 1.20097
1479 1.21847 0.478692 -0.94571
1480 1.52475 1.12609 -0.392692
1481 1.21468 0.361768 -0.492089
1482 1.16056 0.515602 -0.327435
1483 0.499736 1.20798 -0.0415158
1484 0.419779 1.26985 -0.0236574
1485 -0.216893 1.0186 -0.999753
1486 1.06987 0.718766 -0.998435
1487 1.00484 -0.780827 -1.15848
1488 0.811365 -0.93732 -1.12819
1489 1.13999 -1.00383 -0.851333
1490 1.16956 -0.360744 -0.742322
1491 1.14543 -0.930413 -0.55911
1492 0.945789 -0.458414 -0.64649
1493 1.02781 -0.79561 -0.900649
1494 1.10048 0.569479 -0.751234
1495 0.609802 -0.824421 0.244521
1496 0.323389 0.853534 -1.04039
1497 1.01603 0.306608 -0.652979
1498 -0.514605 1.42176 -0.233758
1499 -0.630877 1.16744 -0.354166
1500 -0.359137 1.19576 -0.200071
1501 0.605871 0.0306056 -0.649639
1502 0.977281 0.547012 -0.992174
1503 -0.158818 1.40795 -0.0733889
1504 -0.166776 1.16342 -0.167709
1505 0.0234702 1.26709 -0.0382327
1506 1.6301 0.493628 -0.71688
1507 1.47047 0.740504 -0.753362
1508 1.40985 1.06872 -0.427655
1509 1.29874 0.822672 -0.376312
1510 1.56648 0.0465461 -0.0477412
1511 -0.0536715 -0.244904 -0.672275
1512 -0.0064177 -0.120126 -0.947087
1513 0.375692 0.67808 -0.597923
1514 1.21945 0.701843 -0.405339
1515 1.03934 0.795975 -0.522137
1516 1.46723 0.238729 -0.832417
1517 0.350283 0.0845546 -0.476644
1518 0.182079 -0.00661475 -0.266109
1519 0.380614 -0.054886 -0.110032
1520 -0.22899 0.870162 0.500261
1521 0.332629 1.29416 0.238914
1522 0.178579 1.34351 0.170693
1523 0.903613 0.959382 -0.379761
1524 0.551159 1.48796 -0.236197
1525 0.830958 1.42356 0.0140354
1526 0.546492 1.5601 0.141581
1527 1.30456 0.317018 -0.958235
1528 0.828331 0.149854 -0.934682
1529 0.940503 0.0233396 -1.10917
1530 1.79698 0.110094 -0.53684
1531 0.869796 0.356951 -0.690582
1532 0.648341 0.18287 -0.694388
1533 0.570065 0.73648 -1.1485
1534 0.480289 0.631834 -1.25112
1535 -0.0617766 1.29971 -0.628219
1536 -0.22066 1.18827 -0.825073
1537 -0.182879 0.34993 0.802841
1538 0.0319423 0.26266 -0.136021
1539 1.70628 0.663522 -0.258537
1540 0.937393 0.753721 0.292162
1541 0.279675 -1.60644 0.0800279
1542 0.137702 -0.0467356 1.40447
1543 1.41884 1.23647 -0.277988
1544 1.05667 1.35054 -0.362369
1545 1.06207 1.40136 -0.190007
1546 -0.436009 1.38872 0.376276
1547 -0.168009 1.03121 -0.524378
1548 -0.185669 1.22096 -0.878124
1549 1.47836 -0.105847 0.712819
1550 1.44531 -0.465226 0.693452
1551 1.18157 -0.342923 0.55249
1552 0.557869 1.57838 0.162026
1553 0.0332865 0.608677 -0.00937768
1554 -0.297039 0.00178802 -0.266001
1555 0.251984 0.441014 -0.662637
1556 -0.0533987 0.482879 1.27995
1557 -0.0792071 0.592011 1.23085
1558 -0.295907 1.63248 0.210718
1559 -0.306995 1.61747 0.0711576
1560 0.932675 0.417459 0.274047
1561 1.19336 0.0861537 0.277515
1562 0.888857 0.120378 0.137261
1563 1.01285 0.257738 0.103758
1564 0.322489 1.47525 -0.144774
1565 0.24189 1.51758 -0.109298
1566 1.0153 1.3971 -0.110325
1567 0.812252 0.554712 0.145123
1568 0.928686 0.368637 0.149874
1569 0.171129 1.44931 0.0414951
1570 0.135529 1.45701 0.778527
1571 0.291386 0.817304 0.38766
1572 0.413908 1.03915 0.364505
1573 1.13033 0.56454 0.266668
1574 1.03165 0.449416 0.0766695
1575 0.670169 0.856178 0.64429
1576 0.70141 0.847461 1.01664
1577 1.18031 0.812538 -0.397988
1578 1.67083 0.284946 -0.726643
1579 1.62092 0.230077 -0.667278
1580 1.57748 -0.17094 -0.934425
1581 1.30477 0.0785243 1.09957
1582 -0.224939 0.907989 1.13524
1583 0.833792 -0.123471 -0.349546
1584 0.0552223 1.05817 0.275831
1585 0.190959 1.01556 0.305001
1586 1.32213 -0.854079 0.757851
1587 1.15991 -0.760723 0.812425
1588 1.04184 -0.681294 0.727683
1589 1.21671 -0.0774473 -0.224781
1590 1.36253 -0.0564575 -0.0421174
1591 1.35553 0.91575 0.686325
1592 1.15713 0.504547 0.26035
1593 1.53711 0.182668 0.709416
1594 1.10531 1.40636 -0.145716
1595 1.32389 1.1956 0.350709
1596 0.969928 1.291 0.547924
1597 -0.598767 -1.0808 0.76436
1598 0.207643 0.154825 0.527069
1599 0.409864 0.158441 0.549551
1600 0.18058 0.101681 0.691514
1601 0.334822 0.0813 0.578113
1602 0.369723 -1.52877 0.150157
1603 0.943237 -0.111093 -0.87654
1604 1.12518 1.20972 0.566433
1605 0.841517 1.1219 0.843806
1606 0.565804 1.23754 0.706376
1607 0.940405 1.18511 0.67042
1608 0.753746 -0.179424 -0.0233232
1609 0.685247 -0.290374 0.309272
1610 0.225542 1.01758 0.434274
1611 1.62664 -0.0739401 0.693205
1612 0.532209 0.591131 0.308255
1613 0.631464 0.378446 0.647972
1614 0.402785 0.452505 0.620383
1615 0.699155 0.307423 -0.265236
1616 0.0568 -0.608031 -0.630151
1617 0.468107 -0.718607 -1.03397
1618 0.814763 0.801742 1.06057
1619 -0.00376647 -1.51913 0.594926
1620 -0.147663 -1.47944 0.205378
1621 1.2251 -0.160786 0.840323
1622 1.33591 -0.322364 0.943372
1623 0.0069697 0.828115 0.806713
1624 0.382332 0.614281 0.296514
1625 0.468117 0.330744 0.325874
1626 0.302209 -1.11417 0.346404
1627 0.903793 -0.18605 -0.0495723
1628 0.868523 -0.180707 -0.213792
1629 1.0313 -0.52001 1.13906
1630 1.24967 -0.421572 1.17911
1631 0.975524 -0.443622 1.34087
1632 0.411167 0.11285 0.336298
1633 0.678595 -0.109393 0.313826
1634 0.0268102 0.122546 0.62055
1635 0.10813 0.0233259 0.533993
1636 0.032661 -0.584636 1.30308
1637 -0.00142917 -0.625659 1.29482
1638 0.0642445 -0.729345 1.33517
1639 1.5493 -0.380191 0.779403
1640 1.4356 -0.204199 1.03841
1641 1.45677 -0.165943 0.906654
1642 0.105958 -1.1635 -0.827769
1643 0.0470242 -1.23234 -0.730988
1644 0.0154993 -1.29258 -0.812658
1645 -0.211668 -1.76095 0.244187
1646 -0.625103 -1.76708 0.319528
1647 1.04424 0.90665 0.880202
1648 0.806769 -0.310875 -0.0898956
1649 1.17515 -0.544767 0.0736029
1650 1.11562 -0.623811 -0.0877039
1651 1.25647 -0.0620199 0.393278
1652 0.794365 0.04384 -0.515485
1653 1.71224 -0.673357 -0.361541
1654 1.61607 -0.692621 -0.712373
1655 1.61074 0.766632 0.543416
1656 1.60696 0.727401 0.533215
1657 0.819433 -1.35671 0.191044
1658 1.09545 -1.22735 0.0698827
1659 1.15799 -1.21584 0.0511916
1660 0.957761 -1.32783 -0.114109
1661 0.586574 1.1071 0.0143488
1662 0.788468 -0.00992095 -0.445084
1663 0.679313 -0.213391 -0.474553
1664 0.776995 -0.221128 -0.515439
1665 1.51114 0.678662 -0.26253
1666 1.28767 -0.444936 -0.192113
1667 0.778093 -0.0929402 1.37983
1668 0.755109 -0.230754 1.15593
1669 0.630282 0.34611 1.37564
1670 0.737162 0.17984 1.38155
1671 0.335989 0.505317 0.443118
1672 0.553387 0.175006 1.35284
1673 1.49323 1.15428 0.228448
1674 1.70786 0.995282 0.041511
1675 1.45795 -0.318787 0.848528
1676 0.772742 1.08815 0.868411
1677 0.790143 0.887411 0.657975
1678 -0.643725 0.0714987 0.250847
1679 0.0784259 -1.61703 0.46483
1680 0.932291 0.026681 1.38909
1681 0.407914 -0.966397 1.11909
1682 0.116858 -1.03912 1.0809
1683 0.20017 -1.20006 1.08583
1684 0.556123 0.460468 0.95915
1685 0.0614212 -1.14649 -0.521349
1686 0.159468 -1.41007 0.0806542
1687 0.201423 -1.48751 0.0490514
1688 -0.119999 -1.28186 -0.689083
1689 0.747799 -0.663951 -0.0321757
1690 0.335034 -0.619132 -0.105007
1691 0.602479 -0.866342 -0.0661234
1692 -1.59402 -0.500629 0.403469
1693 0.13077 -1.06674 0.505273
1694 1.56446 -0.346701 0.731302
1695 -0.0869757 -0.261522 1.15742
1696 0.669497 0.667106 1.21756
1697 0.520702 0.62159 1.20984
1698 0.671428 0.000352582 0.679762
1699 0.973866 -0.0844321 0.960808
1700 0.415309 -0.906761 0.0375275
1701 0.234973 -1.39892 0.850354
1702 0.693589 -1.26664 0.724457
1703 0.320731 -1.10305 -0.104376
1704 -1.08372 -0.574379 0.437571
1705 0.861108 -1.34372 0.367095
1706 0.974337 -0.724833 0.626318
1707 1.30579 0.220423 0.396274
1708 0.70426 0.176029 0.236573
1709 1.73617 -0.644981 -0.132297
1710 1.17716 -0.936898 0.853333
1711 0.955764 -0.957173 0.559612
1712 1.13904 -1.06517 0.689039
1713 -0.0148128 0.528243 1.27458
1714 1.13301 -1.02716 0.0947177
1715 0.776791 -1.12877 -0.0888572
1716 0.741928 -0.398538 0.775156
1717 0.782823 -0.400305 0.709827
1718 0.634002 -0.318774 0.559166
1719 0.694764 -0.298264 0.811227
1720 1.39254 -1.0388 0.171517
1721 -0.893212 -0.757241 0.741908
1722 -0.026979 -0.622791 1.05014
1723 0.634438 -0.320843 0.875927
1724 -0.31349 -1.18715 1.15033
1725 -0.385946 -1.06062 1.17129
1726 -0.0166676 -0.664431 1.3096
1727 -0.218918 -1.6457 -0.0624596
1728 1.49605 -0.946322 0.193893
1729 1.44572 -0.721024 0.686586
1730 1.46059 -0.885836 0.348982
1731 0.223586 -0.0235702 0.326687
1732 0.371826 0.193678 0.409527
1733 0.276305 -0.0149099 0.430456
1734 0.523263 -0.860689 0.382291
1735 1.08702 -1.05761 0.308376
1736 1.45836 -0.0266461 -0.49269
1737 -0.347789 -1.05821 0.0377437
1738 1.36903 -0.747499 0.847096
1739 1.2138 -1.13679 -0.446098
1740 1.27368 -1.03917 -0.702618
1741 1.05629 -1.00511 -0.58579
1742 -0.104603 -1.529 0.670932
1743 1.30292 -0.0310879 -0.3942
1744 1.36515 -0.979405 0.222886
1745 1.47871 -0.95662 0.0817369
1746 0.154909 -1.44492 0.625383
1747 0.911411 -0.160005 -0.700829
1748 0.503886 -1.46572 0.459367
1749 0.440252 -1.36509 0.581717
1750 0.538818 -1.23653 0.341806
1751 -0.821009 -0.973371 -0.938397
1752 1.75678 0.182142 -0.629999
1753 1.632 -0.0953962 -0.550281
1754 0.720806 -0.962283 -0.415175
1755 0.98841 -1.26578 -0.31804
1756 0.832164 -1.30689 -0.282635
1757 0.856754 -0.366392 -0.788982
1758 0.791675 -0.212791 1.45404
1759 1.59097 -0.835033 -0.013443
1760 1.53545 -0.894571 -0.156668
1761 1.58803 -0.78404 -0.103069
1762 1.67457 -0.703418 -0.0897323
1763 0.878372 -0.945978 1.13439
1764 0.683713 -1.37566 0.545777
1765 0.320487 -1.54476 0.431737
1766 0.497254 -0.732037 1.3419
1767 0.312557 -0.526912 1.10737
1768 0.570864 -0.808064 1.1442
1769 0.903504 0.0583694 -1.30446
1770 0.935003 0.14059 -1.33007
1771 0.0968651 -0.857061 -1.33193
1772 0.0708918 -1.37191 -0.215645
1773 0.14479 -1.27976 -0.128118
1774 1.1643 -0.518788 0.925093
1775 1.13258 -0.317135 -0.410304
1776 1.16808 -0.29833 -0.312149
1777 1.42405 -0.72831 -0.194796
1778 1.57674 -0.868236 -0.295651
1779 1.60759 -0.822553 -0.384272
1780 1.40631 -0.710171 -0.490586
1781 0.763957 0.268644 -1.33036
1782 0.691119 0.383637 -1.31367
1783 0.338173 -0.126589 -0.0868312
1784 1.62089 -0.708217 -0.558669
1785 1.6468 -0.738216 -0.534055
1786 0.00408887 -0.73489 -0.017582
1787 0.580301 0.0663091 -1.14636
1788 0.662519 -0.213219 -1.48085
1789 0.0573369 -0.851606 -0.37392
1790 0.473825 -0.39959 -0.159353
1791 0.365274 -0.407576 0.328678
1792 0.270197 -0.366416 -0.12352
1793 1.0816 -0.824061 -0.251375
1794 1.21136 -0.596375 -0.224855
1795 1.38044 -0.847304 -0.133674
1796 1.45588 -1.02163 -0.310539
1797 0.272995 -0.20321 -0.661598
1798 -0.111601 -1.73482 -0.0461488
1799 -0.249176 -0.0700894 -1.31959
1800 1.39071 -0.835045 -0.822001
1801 1.15723 -0.631816 -0.997829
1802 1.41096 -0.730248 -0.890437
1803 0.417676 -1.17582 -0.657796
1804 0.519577 -1.10999 -0.688796
1805 0.536198 -0.889392 -0.438146
1806 0.284626 0.8468 -1.08165
1807 0.533503 -0.953106 0.0721134
1808 -0.0244413 0.00663849 -1.33082
1809 0.0982239 -1.2658 -0.857819
1810 0.0528788 -1.26414 -0.875385
1811 0.722489 -0.802828 -1.25254
1812 0.551909 -0.635375 -0.96831
1813 0.631334 -0.885725 -1.0314
1814 0.905488 -0.680624 -1.31722
1815 0.383333 -0.29022 -1.22853
1816 -0.0454316 -0.140226 -0.58217
1817 0.78915 -0.0332039 -1.37074
1818 1.69231 -0.206969 -0.540944
1819 0.504988 -1.32093 0.247551
1820 0.808265 -0.604277 -0.984695
1821 0.72571 -0.752439 -0.805365
1822 0.855924 -0.729686 -0.949637
1823 0.716665 -0.67757 -0.6874
1824 0.676411 0.24929 -1.39519
1825 1.058 -0.226657 -1.18899
1826 1.04823 -0.23644 -1.17941
1827 0.916597 -0.124035 -1.39323
1828 1.02013 -0.145504 -1.32867
1829 1.59319 -0.309583 -0.887379
1830 1.42268 -0.799239 -0.771884
1831 0.0663592 -0.088788 -0.759075
1832 -0.160451 0.0230682 -0.950309
1833 0.359342 -0.336247 -0.366748
1834 0.116433 -0.232684 -0.560204
1835 0.588155 -0.974647 -0.162715
1836 -0.381231 -0.651203 -0.947438
1837 -0.453698 -0.462798 -1.23415
1838 -0.427798 -0.585651 -1.23908
1839 0.292042 -1.25571 -0.800555
1840 0.384086 -1.21867 -0.856077
1841 0.109695 -1.25367 -0.894729
1842 -0.0381593 -1.31789 -0.838319
1843 0.0238912 -0.421514 -1.23137
1844 -1.37534 -1.14898 -0.026152
1845 -0.357156 -1.54604 -0.557813
1846 -0.0301202 -1.48815 -0.262429
1847 -0.742774 0.025708 0.104589
1848 0.595287 -0.697397 -0.802821
1849 0.529816 -0.772864 -0.920867
1850 -0.648214 0.274256 0.124776
1851 0.562402 -0.778403 -1.35555
1852 0.612592 -1.08172 -0.997035
1853 0.641819 -1.04556 -1.03086
1854 -1.17925 0.788251 0.0123752
1855 -1.22348 0.659376 -0.183997
1856 -1.46158 -0.595796 -0.51593
1857 -0.652871 0.196393 -0.942491
1858 -0.125376 0.0603594 -1.38068
1859 -0.246733 0.250647 -1.25111
1860 -0.434446 0.268779 -1.02543
1861 0.255019 -1.2402 -0.267898
1862 0.467793 -1.07076 -0.283054
1863 -1.47017 -0.472683 0.366334
1864 -1.39476 -0.507441 0.242284
1865 -1.67882 0.182429 0.0071174
1866 -1.5566 -0.147926 0.569537
1867 -1.27783 0.630206 0.518668
1868 0.276093 -0.19559 -0.866136
1869 0.173707 -0.152889 -0.718717
1870 -0.0208606 0.0811886 -0.967305
1871 0.189148 -0.297946 -1.39421
1872 -0.251944 0.388922 -1.16141
1873 -0.454367 0.538292 -1.06858
1874 -0.308584 0.383641 -0.384385
1875 -0.584122 0.707644 -0.263555
1876 -0.534507 0.112435 -1.19945
1877 -0.541596 0.551985 -0.619581
1878 -0.455399 0.533653 -1.03115
1879 0.35295 0.0431766 0.762873
1880 0.530556 -0.114627 0.808901
1881 -1.42453 0.661662 -0.267036
1882 -2.21782 0.0965135 -0.322104
1883 -1.75177 0.175064 -0.117735
1884 -1.67691 0.0537354 -0.062926
1885 0.833244 1.27124 -0.596509
1886 0.814579 1.26783 -0.514468
1887 0.846895 1.30308 -0.383783
1888 -0.0187723 -0.660441 -0.0550603
1889 0.0956964 -1.30543 -0.38729
1890 1.10125 -0.343097 -0.589991
1891 0.87833 -0.358964 -1.02341
1892 0.444455 -0.411813 -1.27919
1893 -1.26028 0.238521 0.921546
1894 -1.29144 -0.131428 0.960513
1895 0.573393 -0.349319 -0.198081
1896 0.428652 -1.51367 0.0196587
1897 0.638328 -1.45239 0.236083
1898 -0.506987 -0.394121 1.26074
1899 0.141426 -0.386054 0.000609998
1900 -0.0144357 -0.317586 -0.0246493
1901 -0.506889 -0.983343 1.21452
1902 -1.31769 -1.16667 -0.0285198
1903 1.15811 0.0534121 1.2293
1904 1.17542 -0.0653746 1.23374
1905 0.257458 -1.45897 -0.450242
1906 -1.01371 0.558381 0.35943
1907 -0.454715 -1.04804 0.110324
1908 -0.724012 -1.6992 0.355101
1909 -0.736913 -0.787445 0.922955
1910 -0.832204 -0.852602 1.00015
1911 0.544605 -0.167817 1.47433
1912 1.37409 -1.06591 -0.319843
1913 1.20839 -0.953639 -0.486495
1914 -0.721055 -1.77446 0.249509
1915 0.508191 -1.40987 0.546442
1916 -0.617158 0.00205573 0.16387
1917 0.119516 0.126853 0.882205
1918 0.655228 -0.262802 0.288123
1919 0.593329 0.473571 0.247893
1920 0.0994982 0.0859177 -0.23592
1921 -0.388941 1.71714 0.512388
1922 -0.410869 1.79262 0.285829
1923 -1.88833 -0.485039 0.0353534
1924 -1.34913 0.619568 0.465661
1925 -1.62269 -0.0496453 -0.202179
1926 -1.05452 -0.358802 0.391235
1927 -1.6649 -0.0324906 0.642167
1928 -0.994205 0.134452 0.570891
1929 -1.48578 0.181096 -0.380271
1930 -1.85076 -0.328172 0.468022
1931 -0.706312 0.636458 0.678653
1932 -1.25167 0.557733 0.886175
1933 -1.23006 0.353077 0.940651
1934 -0.663834 -0.306206 0.663809
1935 -0.614946 -0.1357 0.474434
1936 -1.3654 -1.10211 0.278245
1937 -0.907971 -0.922103 0.91558
1938 -0.00201949 -0.650757 1.19393
1939 0.172841 0.514162 1.13729
1940 -0.0199711 -0.692314 0.927951
1941 0.276378 -0.748618 0.751782
1942 0.835736 -0.644091 0.841912
1943 0.16214 0.0638863 0.869389
1944 -0.898831 -0.811499 0.880207
1945 0.123843 -1.26736 0.205697
1946 -0.554478 -0.951303 1.18668
1947 0.596546 0.932864 1.06365
1948 0.269848 0.701585 0.0258947
1949 0.392419 -0.426066 1.42622
1950 0.351034 0.73703 1.20132
1951 0.287457 -0.0835246 0.743006
1952 0.135074 -1.4119 0.889541
1953 0.199609 -0.400271 1.02825
1954 0.253999 -1.17412 0.701089
1955 0.237983 0.0617132 1.24409
1956 -0.89379 -0.966477 1.04813
1957 -1.04405 -0.906569 0.920117
1958 -1.40269 0.824166 0.654582
1959 -0.129012 0.0309541 0.632767
1960 0.042513 0.524774 1.28645
1961 0.0754427 0.525477 1.2548
1962 -0.158314 1.68069 0.22911
1963 0.0581077 -0.131394 0.615517
1964 -0.0534649 0.517325 1.10355
1965 0.136205 -0.0968987 1.37645
1966 0.300884 0.535112 0.863944
1967 -0.214851 0.248042 -1.12037
1968 -1.63995 0.616497 -0.534755
1969 -1.12307 0.22862 0.985798
1970 0.178475 0.781451 1.18789
1971 -0.0238266 0.494288 0.809958
1972 0.48536 -0.140439 1.45823
1973 -1.28607 0.938819 0.0377883
1974 -1.25726 1.05725 -0.348379
1975 -2.19243 0.197122 0.0239393
1976 -1.70115 0.583234 -0.701473
1977 0.232005 0.678386 1.22309
1978 -0.110127 0.941187 1.03425
1979 -0.110917 0.841187 0.884726
1980 -0.0554409 1.70438 0.425142
1981 -0.308701 1.72803 0.461161
1982 -0.106337 1.66097 0.50101
1983 -0.386219 1.65512 -0.269006
1984 -0.222899 1.74232 0.0835459
1985 -0.536312 1.64089 -0.0988314
1986 -0.057194 0.746894 0.630882
1987 -0.0825881 1.50855 0.687401
1988 0.220066 0.726781 1.20822
1989 0.111538 0.871766 1.13331
1990 0.45528 1.03511 1.02199
1991 0.494378 0.996071 1.01842
1992 -0.115935 1.64939 0.654943
1993 0.650847 1.0843 0.895535
1994 0.500329 0.954726 0.705982
1995 0.154998 0.433779 0.839002
1996 0.310348 0.416165 0.646068
1997 0.572712 1.00334 0.315736
1998 0.291515 0.0509194 1.44285
1999 0.209716 0.0549808 1.29641
2000 1.65279 -0.271588 0.669139
2001 1.28521 0.292433 0.373714
2002 -0.258794 1.2371 0.969295
2003 -0.569761 1.75073 0.0177568
2004 -1.85942 0.827483 -0.350194
2005 -0.864568 1.32984 -0.229369
2006 0.182612 1.22089 0.926981
2007 0.461034 0.878911 0.643529
2008 1.79176 0.750502 -0.0201126
2009 1.85045 0.877376 0.0695143
2010 0.546222 1.19679 0.88322
2011 0.432019 1.44598 0.604486
2012 1.0407 1.00445 0.37026
2013 1.14217 1.17767 0.500149
2014 1.06654 1.03477 0.66708
2015 -0.337356 1.7759 0.179305
2016 -0.493388 1.01708 -0.338103
2017 -0.578645 1.66999 -0.340221
2018 -0.564124 1.53842 -0.095068
2019 -0.0787505 1.65937 -0.198915
2020 -0.118041 1.7106 -0.158903
2021 -0.228028 0.330064 -1.16176
2022 -0.440856 0.983049 -0.41581
2023 1.21915 -0.151791 -1.26778
2024 -0.678905 1.72424 -0.037774
2025 -0.291256 1.18505 -0.76655
2026 -0.680517 1.51978 -0.424172
2027 -1.71504 0.782019 -0.496156
2028 0.566288 0.0896517 -1.44325
2029 -0.282359 0.919309 -0.894011
2030 0.941247 1.10102 -0.750169
2031 -1.60089 0.617648 -0.741865
2032 -0.0279649 0.0794554 -1.00433
2033 -0.206453 1.36908 -0.756869
2034 -0.0197803 0.488647 -0.718384
2035 0.118515 0.960669 -1.02247
2036 0.344372 -0.14751 -0.144427
2037 1.08131 0.933468 0.56003
2038 0.40471 0.999742 -0.494654
2039 0.930193 1.2082 -0.650413
2040 0.669014 0.914317 -0.845995
2041 0.624896 -0.480254 -1.44085
2042 0.526151 -0.54957 -1.29204
2043 0.502433 -0.612298 -1.44995
2044 0.625599 -0.690767 -1.37532
2045 0.960665 -0.293128 -0.969533
2046 0.294332 0.950146 1.10783
2047 0.914907 0.0680414 0.0215055
2048 0.565535 -0.431761 -1.44605
2049 0.759262 -0.392161 -1.45075
2050 0.627768 -0.269604 -1.50456
2051 0.714533 -0.0802452 -1.47135
2052 1.23893 0.483173 0.257242
2053 1.35805 0.608923 0.00590569
2054 1.46524 1.03727 -0.0764306
2055 0.700536 0.910707 1.06312
2056 1.6178 1.15589 -0.085869
2057 0.293592 1.16183 0.990858
2058 1.41912 -0.881599 -0.786253
2059 0.826981 -0.849119 -0.384737
2060 1.10873 1.0234 0.639396
2061 0.596623 1.23116 0.841661
2062 1.09017 1.23242 0.592871
2063 0.678765 -0.468182 1.05669
2064 0.730236 -0.513441 1.10953
2065 0.420669 1.28285 0.831055
2066 0.311197 0.309988 0.830001
2067 0.856348 -0.221789 1.43177
2068 0.332715 -0.156688 1.44941
2069 1.34799 -0.390928 1.0143
2070 0.158172 -1.26654 0.976727
2071 0.0990174 -0.140922 1.42355
2072 0.46328 -0.586021 1.36474
2073 1.21875 -0.322743 1.22577
2074 0.689686 -0.292366 1.47858
2075 0.351049 -0.75445 0.790964
2076 0.309714 -0.318061 -0.182459
2077 1.30607 -0.961209 -0.008975
2078 1.38564 -0.13769 0.879727
2079 1.22161 -1.20783 -0.00260033
2080 0.55259 -1.25855 0.589603
2081 0.867697 -0.790314 -0.699395
2082 0.635899 -0.771634 -0.690366
2083 0.650124 -0.210554 1.46518
2084 0.976316 -1.25643 0.190302
2085 1.23685 -1.15503 -0.245688
2086 0.945077 -1.30712 -0.0495366
2087 0.866891 -0.921041 1.12885
2088 0.627852 -1.44104 -0.00114369
2089 0.125959 -1.23557 0.0197372
2090 0.132023 -1.41137 -0.544421
2091 0.119761 -1.43732 -0.498118
2092 1.03078 -0.950362 -0.62169
2093 0.362878 -1.22074 -0.822729
2094 1.39232 -1.0641 0.0467421
2095 1.44856 -0.974714 0.0240148
2096 0.779536 -0.463281 -1.4323
2097 1.0351 -0.968139 -0.785388
2098 0.0918961 -1.32325 -0.802613
2099 0.175386 -0.761566 -1.35682
2100 0.557495 -0.693763 -1.37696
$EndNodes
$Elements
12700
1 4 0 1 3 3 4
2 4 0 5 7 7 8
3 4 0 9 11 11 12
4 4 0 13 15 15 16
5 4 0 17 19 19 20
6 4 0 21 23 23 24
7 4 0 25 27 27 28
8 4 0 29 31 31 32
9 4 0 33 35 35 36
10 4 0 37 39 39 40
11 4 0 41 43 43 44
12 4 0 45 47 47 48
13 4 0 49 51 51 52
14 4 0 53 55 55 56
15 4 0 57 59 59 60
16 4 0 61 29 29 63
17 4 0 64 66 66 67
18 4 0 68 70 70 71
19 4 0 43 73 73 74
20 4 0 75 76 76 77
21 4 0 78 80 80 81
22 4 0 82 84 84 85
23 4 0 86 88 88 89
24 4 0 90 92 92 93
25 4 0 94 95 95 96
26 4 0 97 99 99 100
27 4 0 101 103 103 104
28 4 0 105 107 107 108
29 4 0 109 111 111 112
30 4 0 113 115 115 116
31 4 0 117 119 119 56
32 4 0 120 122 122 123
33 4 0 124 126 126 90
34 4 0 127 129 129 130
35 4 0 131 133 133 134
36 4 0 135 137 137 138
37 4 0 139 141 141 142
38 4 0 18 144 144 145
39 4 0 146 148 148 149
40 4 0 150 151 151 152
41 4 0 153 155 155 156
42 4 0 157 159 159 160
43 4 0 96 162 162 163
44 4 0 164 166 166 167
45 4 0 168 169 169 130
46 4 0 170 129 129 130
47 4 0 171 173 173 174
48 4 0 175 177 177 178
49 4 0 117 180 180 181
50 4 0 182 184 184 185
51 4 0 186 188 188 189
52 4 0 190 192 192 193
53 4 0 194 196 196 197
54 4 0 198 200 200 201
55 4 0 202 204 204 205
56 4 0 206 208 208 209
57 4 0 210 212 212 213
58 4 0 204 215 215 202
59 4 0 216 118 118 56
60 4 0 217 219 219 220
61 4 0 221 214 214 223
62 4 0 179 118 118 180
63 4 0 224 226 226 227
64 4 0 40 38 38 229
65 4 0 230 232 232 233
66 4 0 234 194 194 236
67 4 0 237 235 235 195
68 4 0 239 241 241 242
69 4 0 243 245 245 246
70 4 0 247 249 249 250
71 4 0 251 252 252 253
72 4 0 254 256 256 257
73 4 0 258 260 260 261
74 4 0 262 264 264 10
75 4 0 265 267 267 268
76 4 0 269 270 270 271
77 4 0 272 274 274 275
78 4 0 276 278 278 279
79 4 0 280 282 282 283
80 4 0 34 284 284 285
81 4 0 286 288 288 289
82 4 0 290 292 292 293
83 4 0 294 296 296 297
84 4 0 46 47 47 299
85 4 0 300 302 302 105
86 4 0 303 305 305 306
87 4 0 307 309 309 310
88 4 0 311 313 313 314
89 4 0 315 316 316 317
90 4 0 318 119 119 320
91 4 0 34 322 322 323
92 4 0 324 326 326 327
93 4 0 328 246 246 330
94 4 0 331 170 170 24
95 4 0 332 334 334 335
96 4 0 336 175 175 178
97 4 0 338 339 339 340
98 4 0 188 187 187 342
99 4 0 343 269 269 271
100 4 0 344 346 346 347
101 4 0 348 350 350 351
102 4 0 273 141 141 352
103 4 0 353 354 354 355
104 4 0 356 277 277 358
105 4 0 359 360 360 361
106 4 0 284 362 362 363
107 4 0 364 366 366 367
108 4 0 163 368 368 369
109 4 0 370 372 372 373
110 4 0 374 376 376 377
111 4 0 378 380 380 381
112 4 0 382 358 358 384
113 4 0 385 387 387 388
114 4 0 127 169 169 130
115 4 0 389 390 390 11
116 4 0 391 393 393 394
117 4 0 325 326 326 395
118 4 0 396 318 318 320
119 4 0 154 398 398 155
120 4 0 322 34 34 36
121 4 0 399 401 401 402
122 4 0 403 404 404 114
123 4 0 143 406 406 407
124 4 0 408 409 409 222
125 4 0 410 412 412 413
126 4 0 414 132 132 416
127 4 0 417 419 419 420
128 4 0 421 364 364 289
129 4 0 422 424 424 425
130 4 0 426 368 368 428
131 4 0 429 431 431 432
132 4 0 61 62 62 434
133 4 0 252 436 436 250
134 4 0 437 439 439 440
135 4 0 441 442 442 443
136 4 0 444 445 445 260
137 4 0 446 447 447 134
138 4 0 31 449 449 32
139 4 0 450 452 452 453
140 4 0 445 380 380 381
141 4 0 455 457 457 458
142 4 0 459 158 158 461
143 4 0 462 463 463 396
144 4 0 413 104 104 464
145 4 0 465 467 467 468
146 4 0 469 470 470 471
147 4 0 282 473 473 283
148 4 0 474 117 117 475
149 4 0 476 16 16 478
150 4 0 479 481 481 455
151 4 0 482 484 484 485
152 4 0 100 441 441 443
153 4 0 486 488 488 489
154 4 0 245 490 490 491
155 4 0 492 494 494 495
156 4 0 53 496 496 211
157 4 0 497 434 434 498
158 4 0 499 501 501 502
159 4 0 503 505 505 506
160 4 0 507 508 508 465
161 4 0 349 350 350 509
162 4 0 53 54 54 56
163 4 0 510 397 397 506
164 4 0 195 185 185 194
165 4 0 212 210 210 213
166 4 0 513 515 515 516
167 4 0 517 18 18 519
168 4 0 349 434 434 509
169 4 0 521 523 523 524
170 4 0 525 517 517 526
171 4 0 160 527 527 59
172 4 0 528 529 529 530
173 4 0 520 433 433 349
174 4 0 33 531 531 36
175 4 0 532 533 533 534
176 4 0 113 404 404 114
177 4 0 535 537 537 356
178 4 0 184 539 539 540
179 4 0 541 543 543 475
180 4 0 306 545 545 546
181 4 0 506 504 504 547
182 4 0 20 350 350 509
183 4 0 351 349 349 509
184 4 0 15 549 549 550
185 4 0 551 552 552 553
186 4 0 554 525 525 555
187 4 0 556 557 557 558
188 4 0 22 560 560 24
189 4 0 497 561 561 498
190 4 0 499 500 500 502
191 4 0 212 117 117 562
192 4 0 3 173 173 2
193 4 0 564 116 116 566
194 4 0 567 243 243 329
195 4 0 18 433 433 20
196 4 0 507 210 210 465
197 4 0 568 496 496 570
198 4 0 468 210 210 213
199 4 0 571 572 572 573
200 4 0 349 61 61 509
201 4 0 351 62 62 63
202 4 0 574 576 576 577
203 4 0 397 578 578 154
204 4 0 579 580 580 581
205 4 0 182 512 512 355
206 4 0 434 433 433 520
207 4 0 583 584 584 585
208 4 0 119 320 320 543
209 4 0 586 572 572 573
210 4 0 369 94 94 428
211 4 0 247 589 589 21
212 4 0 404 591 591 318
213 4 0 592 19 19 593
214 4 0 113 1 1 403
215 4 0 517 503 503 519
216 4 0 23 519 519 80
217 4 0 595 497 497 78
218 4 0 597 298 298 227
219 4 0 144 17 17 145
220 4 0 598 600 600 601
221 4 0 19 17 17 20
222 4 0 602 604 604 219
223 4 0 35 551 551 605
224 4 0 340 490 490 607
225 4 0 397 526 526 506
226 4 0 560 547 547 23
227 4 0 609 353 353 610
228 4 0 611 613 613 224
229 4 0 180 349 349 212
230 4 0 614 616 616 78
231 4 0 617 46 46 253
232 4 0 618 2 2 619
233 4 0 319 621 621 318
234 4 0 622 499 499 623
235 4 0 624 626 626 627
236 4 0 556 628 628 629
237 4 0 630 632 632 633
238 4 0 45 252 252 253
239 4 0 635 624 624 627
240 4 0 155 593 593 503
241 4 0 213 636 636 637
242 4 0 615 337 337 336
243 4 0 18 433 433 405
244 4 0 63 349 349 509
245 4 0 638 406 406 595
246 4 0 593 640 640 528
247 4 0 641 643 643 644
248 4 0 403 511 511 506
249 4 0 645 560 560 22
250 4 0 646 648 648 85
251 4 0 649 324 324 651
252 4 0 161 653 653 601
253 4 0 654 656 656 657
254 4 0 179 204 204 658
255 4 0 118 543 543 475
256 4 0 659 176 176 661
257 4 0 662 189 189 553
258 4 0 107 664 664 665
259 4 0 666 668 668 402
260 4 0 669 671 671 672
261 4 0 500 319 319 499
262 4 0 465 210 210 468
263 4 0 1 674 674 4
264 4 0 210 467 467 465
265 4 0 675 372 372 677
266 4 0 563 679 679 173
267 4 0 243 329 329 246
268 4 0 567 31 31 681
269 4 0 682 684 684 685
270 4 0 203 204 204 205
271 4 0 686 688 688 689
272 4 0 690 691 691 246
273 4 0 189 693 693 694
274 4 0 29 61 61 434
275 4 0 591 621 621 318
276 4 0 696 698 698 699
277 4 0 700 118 118 701
278 4 0 369 702 702 703
279 4 0 541 318 318 543
280 4 0 637 636 636 704
281 4 0 595 434 434 349
282 4 0 705 707 707 708
283 4 0 62 434 434 349
284 4 0 349 595 595 181
285 4 0 341 188 188 187
286 4 0 710 712 712 713
287 4 0 714 715 715 79
288 4 0 716 340 340 491
289 4 0 594 517 517 503
290 4 0 718 292 292 719
291 4 0 18 405 405 143
292 4 0 720 722 722 584
293 4 0 723 724 724 725
294 4 0 62 20 20 509
295 4 0 46 251 251 252
296 4 0 581 580 580 612
297 4 0 639 18 18 405
298 4 0 210 507 507 465
299 4 0 94 368 368 428
300 4 0 503 593 593 506
301 4 0 727 709 709 692
302 4 0 61 434 434 498
303 4 0 598 728 728 729
304 4 0 243 731 731 567
305 4 0 732 733 733 734
306 4 0 726 659 659 736
307 4 0 737 127 127 168
308 4 0 94 80 80 739
309 4 0 227 226 226 703
310 4 0 740 742 742 743
311 4 0 176 177 177 178
312 4 0 745 747 747 292
313 4 0 748 52 52 750
314 4 0 751 753 753 754
315 4 0 448 449 449 755
316 4 0 33 757 757 285
317 4 0 758 599 599 709
318 4 0 759 761 761 762
319 4 0 188 726 726 428
320 4 0 763 764 764 765
321 4 0 766 767 767 249
322 4 0 579 17 17 581
323 4 0 411 768 768 769
324 4 0 521 770 770 524
325 4 0 771 773 773 774
326 4 0 775 343 343 399
327 4 0 319 777 777 215
328 4 0 778 738 738 370
329 4 0 95 779 779 780
330 4 0 626 781 781 299
331 4 0 224 80 80 81
332 4 0 80 95 95 81
333 4 0 782 184 184 540
334 4 0 226 580 580 725
335 4 0 724 783 783 435
336 4 0 80 177 177 739
337 4 0 784 786 786 787
338 4 0 709 341 341 188
339 4 0 644 789 789 790
340 4 0 791 793 793 394
341 4 0 794 795 795 663
342 4 0 796 797 797 798
343 4 0 799 801 801 629
344 4 0 427 368 368 46
345 4 0 802 804 804 805
346 4 0 806 792 792 394
347 4 0 807 743 743 809
348 4 0 305 303 303 811
349 4 0 10 347 347 389
350 4 0 803 48 48 802
351 4 0 48 45 45 802
352 4 0 812 813 813 814
353 4 0 815 816 816 817
354 4 0 818 820 820 821
355 4 0 166 164 164 822
356 4 0 501 461 461 502
357 4 0 22 559 559 24
358 4 0 578 825 825 826
359 4 0 827 829 829 830
360 4 0 475 214 214 178
361 4 0 719 604 604 831
362 4 0 832 833 833 834
363 4 0 128 738 738 836
364 4 0 837 838 838 839
365 4 0 724 589 589 248
366 4 0 703 225 225 840
367 4 0 841 836 836 843
368 4 0 285 844 844 150
369 4 0 845 157 157 846
370 4 0 316 298 298 299
371 4 0 693 189 189 694
372 4 0 692 693 693 694
373 4 0 848 850 850 851
374 4 0 241 239 239 853
375 4 0 247 436 436 250
376 4 0 854 856 856 857
377 4 0 858 859 859 290
378 4 0 699 696 696 861
379 4 0 862 214 214 222
380 4 0 32 863 863 616
381 4 0 864 50 50 49
382 4 0 866 868 868 869
383 4 0 870 872 872 693
384 4 0 873 874 874 875
385 4 0 876 878 878 879
386 4 0 880 670 670 882
387 4 0 883 704 704 884
388 4 0 484 885 885 421
389 4 0 602 886 886 831
390 4 0 35 333 333 605
391 4 0 888 890 890 891
392 4 0 401 399 399 402
393 4 0 401 40 40 892
394 4 0 320 744 744 541
395 4 0 758 894 894 601
396 4 0 175 214 214 178
397 4 0 300 895 895 108
398 4 0 560 542 542 177
399 4 0 896 898 898 688
400 4 0 899 136 136 901
401 4 0 692 186 186 189
402 4 0 703 427 427 250
403 4 0 572 828 828 902
404 4 0 903 738 738 829
405 4 0 313 711 711 713
406 4 0 322 323 323 36
407 4 0 670 669 669 905
408 4 0 906 907 907 908
409 4 0 605 909 909 910
410 4 0 188 692 692 189
411 4 0 735 911 911 223
412 4 0 112 913 913 362
413 4 0 552 551 551 659
414 4 0 915 859 859 916
415 4 0 917 919 919 920
416 4 0 921 346 346 344
417 4 0 404 923 923 924
418 4 0 213 466 466 925
419 4 0 926 927 927 928
420 4 0 929 300 300 931
421 4 0 932 370 370 373
422 4 0 933 934 934 935
423 4 0 936 538 538 540
424 4 0 368 369 369 597
425 4 0 216 508 508 448
426 4 0 937 333 333 694
427 4 0 938 939 939 940
428 4 0 941 943 943 220
429 4 0 944 448 448 700
430 4 0 310 945 945 665
431 4 0 128 947 947 843
432 4 0 948 816 816 950
433 4 0 104 951 951 464
434 4 0 736 953 953 954
435 4 0 955 957 957 958
436 4 0 959 960 960 352
437 4 0 961 962 962 963
438 4 0 406 714 714 964
439 4 0 80 94 94 739
440 4 0 588 966 966 767
441 4 0 224 611 611 81
442 4 0 63 62 62 509
443 4 0 967 579 579 968
444 4 0 969 971 971 972
445 4 0 587 586 586 572
446 4 0 973 975 975 976
447 4 0 977 979 979 980
448 4 0 981 982 982 983
449 4 0 984 986 986 987
450 4 0 988 990 990 991
451 4 0 992 415 415 994
452 4 0 995 996 996 997
453 4 0 836 738 738 737
454 4 0 867 998 998 869
455 4 0 426 999 999 1000
456 4 0 599 187 187 692
457 4 0 94 80 80 96
458 4 0 709 599 599 187
459 4 0 318 396 396 893
460 4 0 869 799 799 1001
461 4 0 560 1002 1002 24
462 4 0 1003 795 795 663
463 4 0 1004 718 718 1006
464 4 0 412 769 769 275
465 4 0 941 124 124 93
466 4 0 1007 1009 1009 1010
467 4 0 318 1011 1011 560
468 4 0 1012 416 416 280
469 4 0 1013 1014 1014 147
470 4 0 1006 718 718 756
471 4 0 1015 1016 1016 616
472 4 0 600 1018 1018 729
473 4 0 230 255 255 1019
474 4 0 244 245 245 1020
475 4 0 206 1022 1022 1023
476 4 0 1024 1026 1026 1027
477 4 0 731 567 567 681
478 4 0 1028 359 359 1029
479 4 0 755 31 31 1030
480 4 0 760 761 761 1031
481 4 0 845 59 59 256
482 4 0 270 38 38 40
483 4 0 160 58 58 59
484 4 0 370 738 738 1032
485 4 0 490 239 239 607
486 4 0 680 731 731 567
487 4 0 117 595 595 180
488 4 0 606 716 716 340
489 4 0 1033 1035 1035 1036
490 4 0 39 1038 1038 1039
491 4 0 862 222 222 221
492 4 0 228 270 270 38
493 4 0 270 1037 1037 38
494 4 0 181 542 542 80
495 4 0 1041 1042 1042 1043
496 4 0 1044 1046 1046 1047
497 4 0 582 216 216 354
498 4 0 680 1030 1030 538
499 4 0 491 716 716 1048
500 4 0 893 1002 1002 560
501 4 0 1049 1051 1051 1052
502 4 0 459 1053 1053 461
503 4 0 1054 770 770 1056
504 4 0 1057 943 943 124
505 4 0 703 94 94 739
506 4 0 606 239 239 340
507 4 0 408 205 205 222
508 4 0 1059 1060 1060 1061
509 4 0 101 104 104 413
510 4 0 29 30 30 32
511 4 0 318 320 320 893
512 4 0 354 1062 1062 203
513 4 0 1011 543 543 475
514 4 0 54 183 183 185
515 4 0 1063 1064 1064 1065
516 4 0 334 909 909 34
517 4 0 352 536 536 1066
518 4 0 664 107 107 665
519 4 0 394 322 322 36
520 4 0 65 64 64 66
521 4 0 346 1067 1067 1068
522 4 0 60 1069 1069 1070
523 4 0 524 521 521 1072
524 4 0 606 1073 1073 1074
525 4 0 1028 1076 1076 1077
526 4 0 1078 902 902 1080
527 4 0 963 315 315 983
528 4 0 1082 1083 1083 1084
529 4 0 414 1085 1085 649
530 4 0 1086 35 35 1087
531 4 0 531 36 36 1088
532 4 0 222 1090 1090 1091
533 4 0 1079 571 571 1092
534 4 0 1093 370 370 1094
535 4 0 1095 1096 1096 1097
536 4 0 208 209 209 1023
537 4 0 809 741 741 1099
538 4 0 677 1100 1100 669
539 4 0 292 1088 1088 858
540 4 0 676 1032 1032 1101
541 4 0 124 91 91 1102
542 4 0 1103 268 268 734
543 4 0 293 292 292 916
544 4 0 492 1105 1105 1065
545 4 0 220 1057 1057 1068
546 4 0 394 321 321 34
547 4 0 605 394 394 34
548 4 0 746 806 806 323
549 4 0 604 91 91 1068
550 4 0 1107 793 793 791
551 4 0 583 721 721 584
552 4 0 257 682 682 1110
553 4 0 149 1112 1112 1113
554 4 0 1114 1116 1116 1117
555 4 0 1118 1119 1119 257
556 4 0 1120 1122 1122 1040
557 4 0 668 344 344 347
558 4 0 1123 1125 1125 1126
559 4 0 230 1118 1118 1127
560 4 0 930 1128 1128 122
561 4 0 1129 470 470 97
562 4 0 1131 647 647 82
563 4 0 1132 1133 1133 1134
564 4 0 376 1136 1136 1137
565 4 0 1138 1140 1140 1141
566 4 0 475 204 204 178
567 4 0 1142 1065 1065 1118
568 4 0 1143 1145 1145 1146
569 4 0 255 1147 1147 256
570 4 0 124 125 125 90
571 4 0 262 666 666 10
572 4 0 396 319 319 320
573 4 0 1150 1152 1152 1153
574 4 0 1154 1156 1156 1157
575 4 0 343 1159 1159 399
576 4 0 37 38 38 40
577 4 0 232 1037 1037 1039
578 4 0 1063 1159 1159 1160
579 4 0 400 1161 1161 402
580 4 0 104 1162 1162 1163
581 4 0 11 390 390 12
582 4 0 942 58 58 1068
583 4 0 1158 1019 1019 1159
584 4 0 1012 415 415 280
585 4 0 1166 1110 1110 1168
586 4 0 237 799 799 629
587 4 0 1124 1169 1169 1170
588 4 0 426 168 168 252
589 4 0 1083 263 263 1171
590 4 0 667 668 668 1172
591 4 0 216 354 354 355
592 4 0 38 1173 1173 271
593 4 0 1174 1153 1153 1070
594 4 0 1065 697 697 699
595 4 0 1160 1159 1159 495
596 4 0 402 399 399 1177
597 4 0 202 214 214 205
598 4 0 1161 668 668 402
599 4 0 508 216 216 448
600 4 0 359 1075 1075 1179
601 4 0 59 1181 1181 1110
602 4 0 1168 1183 1183 201
603 4 0 1164 219 219 1184
604 4 0 921 402 402 1185
605 4 0 1186 1176 1176 1069
606 4 0 36 292 292 718
607 4 0 1188 1190 1190 1153
608 4 0 203 1062 1062 1191
609 4 0 1192 1194 1194 198
610 4 0 866 1195 1195 1196
611 4 0 1142 1105 1105 1065
612 4 0 255 256 256 257
613 4 0 1197 1199 1199 1200
614 4 0 230 1201 1201 255
615 4 0 1058 943 943 941
616 4 0 158 126 126 124
617 4 0 293 9 9 263
618 4 0 1192 1064 1064 1065
619 4 0 1202 1058 1058 58
620 4 0 1203 157 157 160
621 4 0 1127 720 720 201
622 4 0 214 862 862 222
623 4 0 434 349 349 180
624 4 0 1006 1205 1205 389
625 4 0 37 40 40 402
626 4 0 132 1165 1165 1012
627 4 0 934 1207 1207 1032
628 4 0 145 407 407 81
629 4 0 1208 1024 1024 1026
630 4 0 319 119 119 215
631 4 0 1053 898 898 1047
632 4 0 1073 240 240 242
633 4 0 1211 1212 1212 1213
634 4 0 353 556 556 558
635 4 0 610 202 202 205
636 4 0 241 852 852 853
637 4 0 879 720 720 1014
638 4 0 1215 1216 1216 1036
639 4 0 1028 1217 1217 1077
640 4 0 118 117 117 475
641 4 0 1218 1037 1037 233
642 4 0 320 119 119 215
643 4 0 848 1219 1219 851
644 4 0 1220 1153 1153 1221
645 4 0 1218 1038 1038 901
646 4 0 912 1219 1219 848
647 4 0 1223 1224 1224 1225
648 4 0 1226 149 149 1228
649 4 0 1206 1229 1229 1230
650 4 0 135 359 359 360
651 4 0 1231 1233 1233 1130
652 4 0 1234 776 776 1235
653 4 0 848 1236 1236 688
654 4 0 135 241 241 853
655 4 0 1001 1237 1237 1238
656 4 0 267 1103 1103 1223
657 4 0 1104 860 860 699
658 4 0 1104 1240 1240 1105
659 4 0 214 1191 1191 205
660 4 0 214 543 543 204
661 4 0 201 200 200 1241
662 4 0 1242 384 384 1244
663 4 0 628 582 582 355
664 4 0 721 583 583 584
665 4 0 1127 1246 1246 201
666 4 0 868 866 866 869
667 4 0 799 998 998 869
668 4 0 202 205 205 558
669 4 0 737 738 738 168
670 4 0 1223 1248 1248 1249
671 4 0 180 63 63 562
672 4 0 212 350 350 562
673 4 0 355 512 512 237
674 4 0 349 212 212 562
675 4 0 964 80 80 81
676 4 0 1225 1028 1028 1077
677 4 0 184 1250 1250 540
678 4 0 869 1237 1237 1001
679 4 0 1235 1019 1019 1034
680 4 0 362 913 913 363
681 4 0 267 876 876 879
682 4 0 1251 1225 1225 734
683 4 0 1253 469 469 471
684 4 0 620 1254 1254 432
685 4 0 700 1062 1062 616
686 4 0 1045 431 431 1256
687 4 0 541 744 744 560
688 4 0 1062 354 354 203
689 4 0 216 582 582 355
690 4 0 628 182 182 237
691 4 0 216 658 658 203
692 4 0 431 996 996 622
693 4 0 349 434 434 180
694 4 0 184 936 936 540
695 4 0 118 204 204 475
696 4 0 1257 1259 1259 1260
697 4 0 1261 1262 1262 623
698 4 0 1263 230 230 233
699 4 0 254 255 255 257
700 4 0 282 1050 1050 473
701 4 0 431 429 429 432
702 4 0 766 816 816 1265
703 4 0 238 182 182 869
704 4 0 60 374 374 377
705 4 0 348 19 19 467
706 4 0 1071 1051 1051 1055
707 4 0 1254 56 56 474
708 4 0 204 216 216 610
709 4 0 333 552 552 553
710 4 0 80 78 78 81
711 4 0 1044 689 689 1046
712 4 0 118 944 944 448
713 4 0 755 680 680 1030
714 4 0 138 136 136 361
715 4 0 508 944 944 448
716 4 0 609 936 936 628
717 4 0 336 175 175 78
718 4 0 23 783 783 80
719 4 0 475 204 204 658
720 4 0 90 91 91 93
721 4 0 1204 541 541 214
722 4 0 688 689 689 125
723 4 0 246 244 244 330
724 4 0 1180 685 685 1061
725 4 0 1267 736 736 221
726 4 0 1219 359 359 1028
727 4 0 733 732 732 734
728 4 0 1215 1034 1034 1033
729 4 0 1268 1270 1270 1250
730 4 0 159 1060 1060 1271
731 4 0 1250 184 184 1272
732 4 0 1273 759 759 629
733 4 0 1249 1252 1252 1275
734 4 0 782 680 680 681
735 4 0 730 760 760 761
736 4 0 755 538 538 1276
737 4 0 20 348 348 509
738 4 0 1109 255 255 1019
739 4 0 1277 1279 1279 642
740 4 0 319 499 499 883
741 4 0 562 467 467 210
742 4 0 1155 1073 1073 1157
743 4 0 1280 895 895 300
744 4 0 1191 1281 1281 558
745 4 0 608 528 528 526
746 4 0 1252 1282 1282 1157
747 4 0 26 1283 1283 1100
748 4 0 1284 234 234 1285
749 4 0 733 1225 1225 734
750 4 0 1052 1286 1286 1229
751 4 0 1287 782 782 540
752 4 0 1288 1169 1169 1290
753 4 0 132 1291 1291 994
754 4 0 1021 206 206 1022
755 4 0 336 337 337 181
756 4 0 468 211 211 637
757 4 0 596 179 179 181
758 4 0 355 582 582 237
759 4 0 147 1013 1013 146
760 4 0 700 179 179 701
761 4 0 543 204 204 475
762 4 0 582 355 355 237
763 4 0 507 351 351 465
764 4 0 432 447 447 1292
765 4 0 56 53 53 610
766 4 0 474 56 56 210
767 4 0 79 639 639 80
768 4 0 355 353 353 56
769 4 0 1293 1294 1294 1111
770 4 0 1295 14 14 1009
771 4 0 56 353 353 610
772 4 0 119 56 56 474
773 4 0 508 562 562 210
774 4 0 628 1250 1250 540
775 4 0 1109 682 682 1110
776 4 0 1297 1298 1298 1243
777 4 0 216 54 54 56
778 4 0 923 922 922 173
779 4 0 1299 87 87 1300
780 4 0 288 1302 1302 1303
781 4 0 1304 1305 1305 1293
782 4 0 697 1109 1109 682
783 4 0 1306 1060 1060 1059
784 4 0 146 865 865 149
785 4 0 1142 1109 1109 682
786 4 0 1308 1310 1310 1311
787 4 0 160 1181 1181 1061
788 4 0 1036 265 265 1241
789 4 0 1312 1314 1314 76
790 4 0 1038 1039 1039 271
791 4 0 1299 1305 1305 1293
792 4 0 1316 1318 1318 1234
793 4 0 1319 1320 1320 495
794 4 0 1247 868 868 1256
795 4 0 49 1195 1195 1196
796 4 0 1231 1232 1232 1130
797 4 0 237 512 512 430
798 4 0 459 1321 1321 1053
799 4 0 86 1248 1248 89
800 4 0 676 1322 1322 675
801 4 0 378 1323 1323 1324
802 4 0 287 1022 1022 1325
803 4 0 356 1326 1326 358
804 4 0 1327 1329 1329 1330
805 4 0 1331 1333 1333 1334
806 4 0 1335 1318 1318 199
807 4 0 1232 1336 1336 1130
808 4 0 604 1337 1337 219
809 4 0 544 545 545 546
810 4 0 874 1306 1306 875
811 4 0 217 218 218 220
812 4 0 685 683 683 1306
813 4 0 1339 68 68 1340
814 4 0 1341 1342 1342 73
815 4 0 1145 65 65 67
816 4 0 104 464 464 1344
817 4 0 1098 1345 1345 1346
818 4 0 1347 544 544 546
819 4 0 257 59 59 1110
820 4 0 766 504 504 950
821 4 0 879 201 201 1241
822 4 0 199 1036 1036 1241
823 4 0 697 683 683 1306
824 4 0 51 52 52 77
825 4 0 720 1035 1035 1036
826 4 0 1348 1350 1350 1351
827 4 0 257 159 159 1110
828 4 0 1180 685 685 1110
829 4 0 873 1353 1353 1059
830 4 0 1180 682 682 1110
831 4 0 1354 1355 1355 800
832 4 0 727 46 46 597
833 4 0 877 267 267 1356
834 4 0 1357 1151 1151 1153
835 4 0 1229 1043 1043 1230
836 4 0 1358 440 440 1359
837 4 0 1042 487 487 471
838 4 0 363 33 33 1122
839 4 0 1137 1135 1135 1361
840 4 0 102 1362 1362 1363
841 4 0 1185 1176 1176 1307
842 4 0 1364 1366 1366 811
843 4 0 446 69 69 134
844 4 0 1171 1083 1083 920
845 4 0 1042 487 487 1368
846 4 0 1322 1370 1370 1094
847 4 0 931 574 574 439
848 4 0 1372 1373 1373 1374
849 4 0 1375 1377 1377 1378
850 4 0 1379 300 300 931
851 4 0 1380 411 411 464
852 4 0 861 683 683 684
853 4 0 1381 1383 1383 1125
854 4 0 1344 1384 1384 1385
855 4 0 1386 1266 1266 67
856 4 0 1387 60 60 1070
857 4 0 1047 1044 1044 557
858 4 0 1388 1390 1390 1310
859 4 0 70 1368 1368 71
860 4 0 1391 488 488 471
861 4 0 1393 1395 1395 810
862 4 0 153 154 154 156
863 4 0 1181 160 160 1396
864 4 0 1397 525 525 554
865 4 0 560 608 608 547
866 4 0 995 992 992 1144
867 4 0 1169 1400 1400 1290
868 4 0 1401 1403 1403 1332
869 4 0 1195 868 868 1112
870 4 0 1184 217 217 1404
871 4 0 1405 1406 1406 924
872 4 0 1010 1408 1408 1265
873 4 0 1409 295 295 1342
874 4 0 384 1411 1411 1412
875 4 0 808 1414 1414 773
876 4 0 1059 683 683 1061
877 4 0 1415 577 577 379
878 4 0 1334 446 446 1416
879 4 0 1417 1418 1418 1419
880 4 0 1420 1076 1076 878
881 4 0 1421 1241 1241 1423
882 4 0 207 206 206 208
883 4 0 1424 157 157 124
884 4 0 1425 591 591 114
885 4 0 1426 824 824 1427
886 4 0 645 113 113 530
887 4 0 1428 1409 1409 1342
888 4 0 1429 1431 1431 1432
889 4 0 3 674 674 113
890 4 0 1433 1434 1434 1303
891 4 0 453 1435 1435 100
892 4 0 236 430 430 1284
893 4 0 171 295 295 297
894 4 0 650 416 416 1437
895 4 0 1181 992 992 1396
896 4 0 1439 532 532 1440
897 4 0 344 58 58 1068
898 4 0 1441 794 794 1443
899 4 0 119 590 590 1444
900 4 0 197 568 568 1285
901 4 0 1445 1447 1447 1448
902 4 0 1449 1430 1430 1451
903 4 0 989 773 773 991
904 4 0 166 586 586 190
905 4 0 363 913 913 1040
906 4 0 622 319 319 499
907 4 0 993 1165 1165 280
908 4 0 1452 1453 1453 1454
909 4 0 1455 1436 1436 325
910 4 0 1457 1211 1211 1458
911 4 0 7 5 5 1460
912 4 0 1371 1379 1379 931
913 4 0 99 1461 1461 1462
914 4 0 276 742 742 1463
915 4 0 450 451 451 453
916 4 0 444 812 812 441
917 4 0 122 123 123 1465
918 4 0 1466 479 479 1418
919 4 0 1467 514 514 1468
920 4 0 1469 1471 1471 1400
921 4 0 1472 1474 1474 1475
922 4 0 437 121 121 440
923 4 0 1476 487 487 471
924 4 0 100 1435 1435 443
925 4 0 1477 385 385 919
926 4 0 455 1479 1479 454
927 4 0 1372 305 305 1374
928 4 0 522 1481 1481 1482
929 4 0 1360 1476 1476 471
930 4 0 1050 1231 1231 1484
931 4 0 75 1333 1333 71
932 4 0 289 366 366 1486
933 4 0 1476 1360 1360 471
934 4 0 444 1482 1482 441
935 4 0 1487 1488 1488 1489
936 4 0 1490 1492 1492 1493
937 4 0 213 1428 1428 925
938 4 0 621 404 404 318
939 4 0 929 1379 1379 108
940 4 0 1494 455 455 454
941 4 0 5 6 6 8
942 4 0 1495 1467 1467 1468
943 4 0 220 943 943 91
944 4 0 1496 98 98 1462
945 4 0 812 1497 1497 455
946 4 0 437 1128 1128 440
947 4 0 1498 630 630 1500
948 4 0 926 1501 1501 478
949 4 0 120 931 931 439
950 4 0 1098 1298 1298 1463
951 4 0 950 816 816 1265
952 4 0 421 366 366 1502
953 4 0 1503 1504 1504 1505
954 4 0 1358 437 437 1507
955 4 0 1508 1393 1393 1509
956 4 0 1510 931 931 120
957 4 0 1511 923 923 1512
958 4 0 472 1513 1513 442
959 4 0 379 445 445 381
960 4 0 1363 1212 1212 1457
961 4 0 574 438 438 929
962 4 0 444 1515 1515 441
963 4 0 481 479 479 455
964 4 0 1517 972 972 1519
965 4 0 1326 1243 1243 382
966 4 0 1520 60 60 1180
967 4 0 1088 33 33 756
968 4 0 1521 1288 1288 1522
969 4 0 683 1504 1504 1505
970 4 0 810 1523 1523 1365
971 4 0 1524 1526 1526 1290
972 4 0 812 1481 1481 1482
973 4 0 885 421 421 455
974 4 0 931 930 930 439
975 4 0 1527 1516 1516 455
976 4 0 931 1510 1510 120
977 4 0 1022 1529 1529 367
978 4 0 452 451 451 1129
979 4 0 1145 1085 1085 649
980 4 0 1129 1130 1130 453
981 4 0 1530 120 120 123
982 4 0 1481 1482 1482 444
983 4 0 1531 1528 1528 814
984 4 0 480 1532 1532 814
985 4 0 966 579 579 965
986 4 0 1533 1534 1534 1462
987 4 0 1476 1042 1042 1041
988 4 0 272 273 273 275
989 4 0 1535 1536 1536 1392
990 4 0 1004 346 346 1537
991 4 0 9 167 167 12
992 4 0 1051 1085 1085 651
993 4 0 1139 1138 1138 1140
994 4 0 440 1128 1128 1539
995 4 0 1540 546 546 424
996 4 0 1051 1055 1055 1097
997 4 0 1541 1027 1027 986
998 4 0 1457 425 425 1458
999 4 0 283 280 280 1042
1000 4 0 1083 1084 1084 1542
1001 4 0 305 810 810 1544
1002 4 0 934 1080 1080 1032
1003 4 0 1544 1366 1366 811
1004 4 0 800 1045 1045 799
1005 4 0 473 472 472 1513
1006 4 0 281 1505 1505 282
1007 4 0 1252 1225 1225 734
1008 4 0 160 159 159 1060
1009 4 0 663 308 308 310
1010 4 0 1497 812 812 455
1011 4 0 1546 1109 1109 697
1012 4 0 1152 1050 1050 1151
1013 4 0 1110 685 685 1306
1014 4 0 460 160 160 1438
1015 4 0 1012 1165 1165 280
1016 4 0 488 487 487 1536
1017 4 0 1549 1551 1551 279
1018 4 0 66 64 64 67
1019 4 0 1289 1525 1525 1526
1020 4 0 1546 1192 1192 1118
1021 4 0 1065 1064 1064 1118
1022 4 0 1085 1049 1049 1553
1023 4 0 1148 1058 1058 124
1024 4 0 1353 1547 1547 281
1025 4 0 1122 1040 1040 229
1026 4 0 673 319 319 1146
1027 4 0 718 1088 1088 756
1028 4 0 1555 326 326 395
1029 4 0 1556 262 262 1557
1030 4 0 1192 861 861 1559
1031 4 0 262 263 263 10
1032 4 0 1560 1562 1562 1563
1033 4 0 59 527 527 1110
1034 4 0 1061 684 684 281
1035 4 0 682 1180 1180 685
1036 4 0 1564 1336 1336 1505
1037 4 0 98 1513 1513 1340
1038 4 0 1096 545 545 546
1039 4 0 97 472 472 1513
1040 4 0 1140 1566 1566 1141
1041 4 0 1063 1142 1142 1105
1042 4 0 951 104 104 464
1043 4 0 1458 1560 1560 1568
1044 4 0 1151 1357 1357 1569
1045 4 0 1063 1320 1320 1105
1046 4 0 346 1004 1004 347
1047 4 0 1398 993 993 1049
1048 4 0 1153 1570 1570 1221
1049 4 0 536 1349 1349 106
1050 4 0 719 293 293 916
1051 4 0 1571 975 975 1572
1052 4 0 1573 546 546 1574
1053 4 0 422 1136 1136 1576
1054 4 0 303 1577 1577 544
1055 4 0 1516 1579 1579 1580
1056 4 0 1581 413 413 464
1057 4 0 682 1520 1520 60
1058 4 0 1159 343 343 399
1059 4 0 400 1582 1582 402
1060 4 0 775 401 401 399
1061 4 0 107 308 308 105
1062 4 0 1525 1139 1139 1290
1063 4 0 1583 523 523 970
1064 4 0 64 1145 1145 67
1065 4 0 1584 1585 1585 1387
1066 4 0 289 1502 1502 1486
1067 4 0 309 107 107 310
1068 4 0 1379 1348 1348 1510
1069 4 0 960 352 352 536
1070 4 0 303 544 544 811
1071 4 0 1586 1588 1588 820
1072 4 0 1589 1442 1442 1590
1073 4 0 1591 764 764 763
1074 4 0 521 1072 1072 1563
1075 4 0 1347 1399 1399 1469
1076 4 0 122 930 930 931
1077 4 0 1573 1560 1560 1592
1078 4 0 1325 813 813 1531
1079 4 0 1593 769 769 1451
1080 4 0 302 895 895 795
1081 4 0 1594 1552 1552 1596
1082 4 0 305 811 811 533
1083 4 0 1597 999 999 1081
1084 4 0 295 1409 1409 1342
1085 4 0 1598 1600 1600 1601
1086 4 0 84 1602 1602 1541
1087 4 0 1603 1417 1417 1418
1088 4 0 1374 795 795 1003
1089 4 0 1591 532 532 1440
1090 4 0 1604 764 764 1591
1091 4 0 1538 1145 1145 1553
1092 4 0 835 738 738 778
1093 4 0 1301 1502 1502 286
1094 4 0 859 718 718 756
1095 4 0 1605 1607 1607 1117
1096 4 0 763 139 139 142
1097 4 0 1510 1348 1348 1297
1098 4 0 568 211 211 704
1099 4 0 740 1608 1608 1609
1100 4 0 835 837 837 838
1101 4 0 1610 1387 1387 1070
1102 4 0 1208 1209 1209 1026
1103 4 0 1611 959 959 1066
1104 4 0 1612 1614 1614 1458
1105 4 0 1056 1615 1615 524
1106 4 0 1277 1296 1296 1616
1107 4 0 622 1262 1262 883
1108 4 0 1443 664 664 106
1109 4 0 395 649 649 651
1110 4 0 1617 1279 1279 116
1111 4 0 130 128 128 370
1112 4 0 924 1616 1616 477
1113 4 0 104 951 951 1163
1114 4 0 105 302 302 108
1115 4 0 1024 1620 1620 1208
1116 4 0 521 1056 1056 524
1117 4 0 417 1429 1429 1622
1118 4 0 859 290 290 167
1119 4 0 376 1623 1623 1361
1120 4 0 66 1624 1624 1625
1121 4 0 959 1593 1593 1066
1122 4 0 990 772 772 646
1123 4 0 1627 1346 1346 1628
1124 4 0 420 1630 1630 1631
1125 4 0 1258 1633 1633 1260
1126 4 0 320 893 893 541
1127 4 0 346 1057 1057 1068
1128 4 0 1634 1635 1635 1404
1129 4 0 999 130 130 1032
1130 4 0 1552 1383 1383 1125
1131 4 0 1134 1637 1637 1638
1132 4 0 1450 1640 1640 1641
1133 4 0 908 713 713 314
1134 4 0 510 1643 1643 1644
1135 4 0 1645 1646 1646 804
1136 4 0 273 139 139 275
1137 4 0 951 1647 1647 1163
1138 4 0 1648 1649 1649 1650
1139 4 0 650 1538 1538 651
1140 4 0 769 141 141 273
1141 4 0 1482 522 522 441
1142 4 0 742 276 276 1463
1143 4 0 1380 139 139 1440
1144 4 0 1056 521 521 524
1145 4 0 1551 279 279 1621
1146 4 0 815 766 766 817
1147 4 0 480 1497 1497 814
1148 4 0 17 433 433 406
1149 4 0 292 746 746 858
1150 4 0 404 114 114 1616
1151 4 0 398 144 144 155
1152 4 0 1653 1465 1465 1654
1153 4 0 307 1656 1656 310
1154 4 0 1657 1659 1659 1660
1155 4 0 957 1298 1298 1243
1156 4 0 1364 1095 1095 1661
1157 4 0 1662 1663 1663 1664
1158 4 0 1649 1376 1376 1650
1159 4 0 1509 1373 1373 1665
1160 4 0 523 770 770 524
1161 4 0 1510 1442 1442 108
1162 4 0 477 1406 1406 16
1163 4 0 989 1413 1413 773
1164 4 0 301 945 945 105
1165 4 0 536 535 535 537
1166 4 0 586 166 166 190
1167 4 0 464 104 104 1344
1168 4 0 957 1297 1297 1243
1169 4 0 1297 957 957 958
1170 4 0 1244 1298 1298 1666
1171 4 0 1303 287 287 1325
1172 4 0 1667 1328 1328 1668
1173 4 0 1405 922 922 924
1174 4 0 1404 1370 1370 1100
1175 4 0 1669 102 102 1670
1176 4 0 376 1671 1671 377
1177 4 0 391 1079 1079 571
1178 4 0 411 410 410 769
1179 4 0 1327 1669 1669 1672
1180 4 0 1003 1674 1674 534
1181 4 0 855 1550 1550 1675
1182 4 0 13 14 14 16
1183 4 0 1415 456 456 458
1184 4 0 325 1023 1023 327
1185 4 0 591 1425 1425 1278
1186 4 0 1555 1340 1340 1455
1187 4 0 1676 1605 1605 1647
1188 4 0 941 1338 1338 220
1189 4 0 101 1212 1212 1363
1190 4 0 807 710 710 713
1191 4 0 1024 1619 1619 1208
1192 4 0 1078 1597 1597 982
1193 4 0 1054 1055 1055 1056
1194 4 0 421 1022 1022 286
1195 4 0 496 570 570 53
1196 4 0 1669 1680 1680 1670
1197 4 0 1681 1683 1683 1638
1198 4 0 1684 1328 1328 917
1199 4 0 1162 102 102 1670
1200 4 0 1278 1425 1425 642
1201 4 0 85 1686 1686 1687
1202 4 0 1554 462 462 396
1203 4 0 824 1688 1688 948
1204 4 0 1689 1690 1690 1691
1205 4 0 704 679 679 297
1206 4 0 1161 1205 1205 892
1207 4 0 942 1203 1203 941
1208 4 0 1212 1613 1613 1457
1209 4 0 620 319 319 883
1210 4 0 728 729 729 833
1211 4 0 133 132 132 1012
1212 4 0 356 536 536 1066
1213 4 0 740 276 276 742
1214 4 0 323 1088 1088 858
1215 4 0 573 291 291 164
1216 4 0 806 323 323 858
1217 4 0 370 128 128 932
1218 4 0 991 1693 1693 774
1219 4 0 1639 383 383 1550
1220 4 0 175 94 94 80
1221 4 0 1695 166 166 822
1222 4 0 1362 1696 1696 1697
1223 4 0 1328 1327 1327 1672
1224 4 0 101 412 412 1699
1225 4 0 946 648 648 1700
1226 4 0 277 1350 1350 356
1227 4 0 277 536 536 356
1228 4 0 313 1701 1701 1702
1229 4 0 1703 1408 1408 817
1230 4 0 805 1645 1645 1208
1231 4 0 1704 188 188 553
1232 4 0 1081 1078 1078 983
1233 4 0 514 1705 1705 513
1234 4 0 807 711 711 713
1235 4 0 1674 1003 1003 534
1236 4 0 1439 140 140 1440
1237 4 0 273 139 139 142
1238 4 0 1138 1364 1364 1347
1239 4 0 273 272 272 274
1240 4 0 141 768 768 464
1241 4 0 1431 1449 1449 464
1242 4 0 1431 410 410 464
1243 4 0 1414 740 740 809
1244 4 0 1562 1633 1633 1259
1245 4 0 1213 274 274 1651
1246 4 0 139 411 411 275
1247 4 0 1593 272 272 1549
1248 4 0 122 1709 1709 978
1249 4 0 1243 1242 1242 384
1250 4 0 1710 1712 1712 906
1251 4 0 1557 264 264 1713
1252 4 0 220 604 604 91
1253 4 0 383 356 356 358
1254 4 0 977 956 956 958
1255 4 0 983 1597 1597 625
1256 4 0 1647 425 425 1457
1257 4 0 1626 648 648 646
1258 4 0 1714 1658 1658 1468
1259 4 0 827 168 168 829
1260 4 0 621 590 590 318
1261 4 0 1716 1718 1718 1719
1262 4 0 1714 821 821 1659
1263 4 0 591 1011 1011 318
1264 4 0 403 591 591 823
1265 4 0 148 888 888 867
1266 4 0 427 252 252 250
1267 4 0 1527 421 421 455
1268 4 0 379 1665 1665 304
1269 4 0 1297 277 277 358
1270 4 0 253 48 48 802
1271 4 0 60 1164 1164 374
1272 4 0 253 617 617 963
1273 4 0 827 778 778 829
1274 4 0 738 778 778 829
1275 4 0 999 1000 1000 1721
1276 4 0 935 586 586 1722
1277 4 0 587 830 830 902
1278 4 0 881 1723 1723 880
1279 4 0 829 828 828 1725
1280 4 0 1724 963 963 983
1281 4 0 962 617 617 963
1282 4 0 672 808 808 989
1283 4 0 804 45 45 802
1284 4 0 586 830 830 1726
1285 4 0 249 1727 1727 655
1286 4 0 1728 383 383 1730
1287 4 0 1212 1163 1163 412
1288 4 0 1412 1411 1411 1099
1289 4 0 436 247 247 250
1290 4 0 383 357 357 1550
1291 4 0 1731 1732 1732 1733
1292 4 0 1711 713 713 1734
1293 4 0 397 949 949 505
1294 4 0 319 673 673 777
1295 4 0 1698 101 101 412
1296 4 0 1735 1411 1411 1714
1297 4 0 117 562 562 210
1298 4 0 277 1297 1297 358
1299 4 0 1101 933 933 672
1300 4 0 1371 1736 1736 1466
1301 4 0 836 1737 1737 127
1302 4 0 252 46 46 250
1303 4 0 1738 855 855 1587
1304 4 0 1718 669 669 670
1305 4 0 516 515 515 1468
1306 4 0 1739 1741 1741 1491
1307 4 0 1742 1619 1619 1679
1308 4 0 302 105 105 108
1309 4 0 383 1326 1326 358
1310 4 0 1371 1743 1743 574
1311 4 0 1720 1728 1728 1745
1312 4 0 1746 1619 1619 1131
1313 4 0 669 670 670 672
1314 4 0 1243 1298 1298 384
1315 4 0 274 960 960 1651
1316 4 0 1561 275 275 1651
1317 4 0 1747 480 480 1603
1318 4 0 770 1071 1071 1056
1319 4 0 1748 1749 1749 1750
1320 4 0 578 154 154 153
1321 4 0 554 1751 1751 555
1322 4 0 1752 1579 1579 1580
1323 4 0 1754 1756 1756 752
1324 4 0 516 1689 1689 1495
1325 4 0 300 301 301 122
1326 4 0 1490 1747 1747 1418
1327 4 0 966 1426 1426 767
1328 4 0 958 1510 1510 1590
1329 4 0 1680 1670 1670 1758
1330 4 0 501 1338 1338 1143
1331 4 0 524 1442 1442 1563
1332 4 0 444 1464 1464 441
1333 4 0 1759 1761 1761 1762
1334 4 0 1705 1712 1712 513
1335 4 0 1682 829 829 838
1336 4 0 906 313 313 311
1337 4 0 592 18 18 517
1338 4 0 634 1742 1742 839
1339 4 0 79 78 78 80
1340 4 0 520 406 406 595
1341 4 0 1626 772 772 991
1342 4 0 53 568 568 637
1343 4 0 1679 1764 1764 1765
1344 4 0 286 364 364 289
1345 4 0 1379 1510 1510 931
1346 4 0 1766 1768 1768 1132
1347 4 0 1479 421 421 455
1348 4 0 406 520 520 595
1349 4 0 813 523 523 524
1350 4 0 906 1701 1701 311
1351 4 0 384 357 357 1412
1352 4 0 1442 106 106 1590
1353 4 0 1757 969 969 478
1354 4 0 405 518 518 555
1355 4 0 1769 366 366 1770
1356 4 0 116 1771 1771 566
1357 4 0 1551 1213 1213 742
1358 4 0 276 357 357 358
1359 4 0 1400 424 424 1661
1360 4 0 249 842 842 1773
1361 4 0 857 855 855 1587
1362 4 0 1589 1775 1775 1776
1363 4 0 519 639 639 555
1364 4 0 917 1328 1328 881
1365 4 0 80 611 611 145
1366 4 0 922 923 923 173
1367 4 0 555 560 560 547
1368 4 0 213 211 211 637
1369 4 0 1519 1518 1518 28
1370 4 0 839 1025 1025 1024
1371 4 0 384 276 276 1098
1372 4 0 1777 1244 1244 1666
1373 4 0 1608 1628 1628 970
1374 4 0 1778 1780 1780 979
1375 4 0 438 929 929 439
1376 4 0 1734 515 515 1495
1377 4 0 1522 1151 1151 1569
1378 4 0 1022 287 287 289
1379 4 0 288 1782 1782 1770
1380 4 0 1769 364 364 1770
1381 4 0 175 336 336 78
1382 4 0 436 724 724 435
1383 4 0 1134 1682 1682 1638
1384 4 0 884 1446 1446 1436
1385 4 0 523 970 970 1662
1386 4 0 26 27 27 28
1387 4 0 1055 395 395 1056
1388 4 0 218 1554 1554 1369
1389 4 0 574 1379 1379 1510
1390 4 0 1779 1785 1785 1780
1391 4 0 358 1326 1326 1243
1392 4 0 1531 480 480 814
1393 4 0 931 929 929 439
1394 4 0 1711 1712 1712 906
1395 4 0 1729 383 383 1412
1396 4 0 1768 712 712 1766
1397 4 0 1679 1765 1765 82
1398 4 0 526 593 593 503
1399 4 0 251 903 903 252
1400 4 0 771 1093 1093 1786
1401 4 0 1359 379 379 1665
1402 4 0 593 144 144 155
1403 4 0 398 593 593 155
1404 4 0 965 226 226 588
1405 4 0 824 1426 1426 767
1406 4 0 121 1128 1128 440
1407 4 0 208 206 206 1023
1408 4 0 784 787 787 1788
1409 4 0 1277 1002 1002 1789
1410 4 0 1648 1346 1346 1650
1411 4 0 1790 26 26 1792
1412 4 0 1296 695 695 1616
1413 4 0 1376 1377 1377 1794
1414 4 0 276 384 384 1098
1415 4 0 1795 1796 1796 1777
1416 4 0 397 156 156 505
1417 4 0 1792 1690 1690 1009
1418 4 0 1407 1277 1277 642
1419 4 0 1797 969 969 478
1420 4 0 816 950 950 1685
1421 4 0 1209 1727 1727 1027
1422 4 0 295 1799 1799 1342
1423 4 0 1690 771 771 1786
1424 4 0 1181 58 58 1396
1425 4 0 1800 1802 1802 1489
1426 4 0 430 237 237 236
1427 4 0 326 1532 1532 1023
1428 4 0 559 1425 1425 823
1429 4 0 788 1804 1804 644
1430 4 0 113 645 645 403
1431 4 0 516 1495 1495 1468
1432 4 0 634 250 250 45
1433 4 0 930 301 301 122
1434 4 0 549 550 550 1805
1435 4 0 1433 1455 1455 1303
1436 4 0 543 214 214 178
1437 4 0 1455 927 927 325
1438 4 0 43 1448 1448 44
1439 4 0 172 923 923 1512
1440 4 0 1806 1534 1534 1533
1441 4 0 171 1799 1799 1342
1442 4 0 1495 1807 1807 1468
1443 4 0 636 704 704 1410
1444 4 0 80 783 783 224
1445 4 0 883 432 432 447
1446 4 0 1444 1254 1254 704
1447 4 0 1534 1462 1462 1340
1448 4 0 530 640 640 1397
1449 4 0 1428 467 467 674
1450 4 0 171 174 174 1341
1451 4 0 1809 1643 1643 1810
1452 4 0 467 350 350 554
1453 4 0 618 1342 1342 674
1454 4 0 1513 472 472 442
1455 4 0 208 209 209 478
1456 4 0 1811 1617 1617 1813
1457 4 0 1264 453 453 1513
1458 4 0 52 75 75 749
1459 4 0 636 1444 1444 704
1460 4 0 1653 1709 1709 978
1461 4 0 1021 1787 1787 208
1462 4 0 1814 1452 1452 1460
1463 4 0 787 43 43 1815
1464 4 0 785 44 44 787
1465 4 0 926 206 206 927
1466 4 0 518 349 349 350
1467 4 0 1146 416 416 650
1468 4 0 1775 1743 1743 1776
1469 4 0 1415 522 522 481
1470 4 0 1021 209 209 1023
1471 4 0 365 367 367 1419
1472 4 0 1784 1653 1653 1779
1473 4 0 1801 6 6 1802
1474 4 0 1795 1761 1761 1777
1475 4 0 518 405 405 350
1476 4 0 1453 1817 1817 1454
1477 4 0 978 120 120 1818
1478 4 0 85 1819 1819 987
1479 4 0 1812 1821 1821 1822
1480 4 0 1757 1820 1820 1823
1481 4 0 1824 1782 1782 1770
1482 4 0 5 1452 1452 1826
1483 4 0 366 1824 1824 1770
1484 4 0 1453 1827 1827 1828
1485 4 0 1580 1466 1466 1418
1486 4 0 929 300 300 1539
1487 4 0 485 6 6 8
1488 4 0 1516 483 483 1580
1489 4 0 1794 1795 1795 1650
1490 4 0 1579 1371 1371 1736
1491 4 0 1830 1801 1801 1493
1492 4 0 809 740 740 1376
1493 4 0 481 1743 1743 1736
1494 4 0 1831 1832 1832 1512
1495 4 0 5 940 940 1826
1496 4 0 554 645 645 608
1497 4 0 214 204 204 178
1498 4 0 593 592 592 1751
1499 4 0 1296 1833 1833 1834
1500 4 0 1807 1700 1700 1835
1501 4 0 1460 1811 1811 1487
1502 4 0 7 1814 1814 1460
1503 4 0 642 550 550 644
1504 4 0 824 816 816 766
1505 4 0 528 674 674 530
1506 4 0 415 414 414 992
1507 4 0 318 1011 1011 543
1508 4 0 529 113 113 530
1509 4 0 18 517 517 593
1510 4 0 511 529 529 530
1511 4 0 321 792 792 394
1512 4 0 618 563 563 2
1513 4 0 1836 590 590 1
1514 4 0 144 594 594 145
1515 4 0 467 210 210 507
1516 4 0 835 738 738 737
1517 4 0 20 520 520 509
1518 4 0 211 1254 1254 210
1519 4 0 406 639 639 407
1520 4 0 19 592 592 593
1521 4 0 19 405 405 592
1522 4 0 405 19 19 592
1523 4 0 405 18 18 592
1524 4 0 679 1409 1409 1837
1525 4 0 1 563 563 1838
1526 4 0 592 518 518 1751
1527 4 0 561 520 520 595
1528 4 0 824 825 825 156
1529 4 0 640 592 592 1751
1530 4 0 593 19 19 17
1531 4 0 62 63 63 509
1532 4 0 767 247 247 21
1533 4 0 1839 643 643 1803
1534 4 0 349 433 433 350
1535 4 0 143 639 639 145
1536 4 0 144 593 593 17
1537 4 0 530 525 525 608
1538 4 0 788 1841 1841 115
1539 4 0 529 510 510 398
1540 4 0 1687 1026 1026 1541
1541 4 0 397 154 154 398
1542 4 0 593 525 525 526
1543 4 0 925 1397 1397 1838
1544 4 0 467 19 19 554
1545 4 0 1843 173 173 1341
1546 4 0 554 560 560 22
1547 4 0 525 608 608 526
1548 4 0 530 511 511 608
1549 4 0 517 518 518 1751
1550 4 0 162 1844 1844 894
1551 4 0 893 331 331 24
1552 4 0 504 505 505 506
1553 4 0 143 144 144 17
1554 4 0 433 405 405 406
1555 4 0 405 143 143 406
1556 4 0 517 593 593 144
1557 4 0 674 640 640 1397
1558 4 0 554 525 525 526
1559 4 0 178 542 542 181
1560 4 0 249 767 767 1027
1561 4 0 639 407 407 638
1562 4 0 17 18 18 406
1563 4 0 406 143 143 407
1564 4 0 20 349 349 509
1565 4 0 143 405 405 407
1566 4 0 555 525 525 547
1567 4 0 530 645 645 608
1568 4 0 178 337 337 181
1569 4 0 405 406 406 520
1570 4 0 511 403 403 506
1571 4 0 405 639 639 595
1572 4 0 555 518 518 547
1573 4 0 638 561 561 520
1574 4 0 595 520 520 349
1575 4 0 20 62 62 509
1576 4 0 596 615 615 497
1577 4 0 505 156 156 1845
1578 4 0 118 119 119 475
1579 4 0 433 29 29 61
1580 4 0 430 429 429 431
1581 4 0 433 406 406 520
1582 4 0 183 936 936 539
1583 4 0 541 1011 1011 543
1584 4 0 1254 53 53 610
1585 4 0 543 216 216 610
1586 4 0 351 350 350 562
1587 4 0 407 638 638 595
1588 4 0 49 50 50 1196
1589 4 0 539 183 183 184
1590 4 0 203 936 936 1191
1591 4 0 561 714 714 29
1592 4 0 433 561 561 29
1593 4 0 638 714 714 29
1594 4 0 638 406 406 29
1595 4 0 80 519 519 145
1596 4 0 449 567 567 329
1597 4 0 433 406 406 29
1598 4 0 434 349 349 509
1599 4 0 1254 704 704 432
1600 4 0 561 29 29 434
1601 4 0 1751 518 518 350
1602 4 0 351 467 467 509
1603 4 0 1444 636 636 704
1604 4 0 508 467 467 465
1605 4 0 467 348 348 507
1606 4 0 237 353 353 556
1607 4 0 351 348 348 509
1608 4 0 466 467 467 468
1609 4 0 568 637 637 704
1610 4 0 504 588 588 21
1611 4 0 517 525 525 526
1612 4 0 14 549 549 1008
1613 4 0 1846 767 767 1027
1614 4 0 188 758 758 726
1615 4 0 1038 1037 1037 1222
1616 4 0 520 561 561 595
1617 4 0 954 777 777 1847
1618 4 0 1688 824 824 949
1619 4 0 525 1751 1751 554
1620 4 0 1410 636 636 1837
1621 4 0 1254 53 53 211
1622 4 0 511 397 397 154
1623 4 0 604 1067 1067 1068
1624 4 0 612 580 580 224
1625 4 0 397 608 608 155
1626 4 0 594 505 505 503
1627 4 0 185 512 512 237
1628 4 0 1751 349 349 350
1629 4 0 153 397 397 156
1630 4 0 179 117 117 180
1631 4 0 63 61 61 509
1632 4 0 1444 1011 1011 475
1633 4 0 496 211 211 637
1634 4 0 29 17 17 20
1635 4 0 183 54 54 56
1636 4 0 1554 319 319 396
1637 4 0 641 1804 1804 753
1638 4 0 1425 948 948 950
1639 4 0 674 645 645 113
1640 4 0 525 555 555 547
1641 4 0 526 517 517 547
1642 4 0 80 613 613 224
1643 4 0 143 964 964 145
1644 4 0 475 179 179 658
1645 4 0 519 518 518 547
1646 4 0 1444 212 212 925
1647 4 0 173 678 678 618
1648 4 0 466 213 213 925
1649 4 0 350 351 351 507
1650 4 0 19 433 433 20
1651 4 0 1342 173 173 1341
1652 4 0 550 789 789 1849
1653 4 0 1678 1850 1850 126
1654 4 0 354 183 183 936
1655 4 0 512 355 355 237
1656 4 0 55 54 54 183
1657 4 0 350 19 19 20
1658 4 0 350 433 433 20
1659 4 0 350 405 405 20
1660 4 0 405 433 433 20
1661 4 0 505 949 949 1845
1662 4 0 433 350 350 20
1663 4 0 1255 1247 1247 1256
1664 4 0 433 349 349 20
1665 4 0 433 520 520 20
1666 4 0 434 62 62 20
1667 4 0 679 563 563 1837
1668 4 0 541 542 542 475
1669 4 0 62 29 29 20
1670 4 0 474 212 212 475
1671 4 0 20 467 467 509
1672 4 0 20 19 19 509
1673 4 0 19 467 467 509
1674 4 0 448 183 183 936
1675 4 0 944 29 29 30
1676 4 0 1851 1852 1852 1853
1677 4 0 63 62 62 30
1678 4 0 936 582 582 628
1679 4 0 183 944 944 30
1680 4 0 543 1011 1011 475
1681 4 0 429 56 56 610
1682 4 0 183 582 582 216
1683 4 0 567 731 731 681
1684 4 0 350 212 212 562
1685 4 0 409 557 557 558
1686 4 0 636 637 637 1410
1687 4 0 1030 30 30 538
1688 4 0 1262 499 499 623
1689 4 0 1030 782 782 540
1690 4 0 610 429 429 202
1691 4 0 63 508 508 944
1692 4 0 29 63 63 944
1693 4 0 508 63 63 944
1694 4 0 429 53 53 432
1695 4 0 508 118 118 944
1696 4 0 180 117 117 210
1697 4 0 29 63 63 30
1698 4 0 63 29 29 30
1699 4 0 638 407 407 964
1700 4 0 29 20 20 30
1701 4 0 550 1279 1279 1849
1702 4 0 354 216 216 448
1703 4 0 204 178 178 181
1704 4 0 680 449 449 567
1705 4 0 30 936 936 755
1706 4 0 1854 1197 1197 1855
1707 4 0 117 212 212 475
1708 4 0 448 936 936 539
1709 4 0 448 30 30 539
1710 4 0 936 183 183 539
1711 4 0 235 182 182 195
1712 4 0 197 569 569 1285
1713 4 0 1410 294 294 297
1714 4 0 30 448 448 755
1715 4 0 944 30 30 448
1716 4 0 31 680 680 1030
1717 4 0 448 700 700 1856
1718 4 0 611 145 145 81
1719 4 0 670 671 671 933
1720 4 0 628 609 609 355
1721 4 0 628 354 354 355
1722 4 0 354 353 353 355
1723 4 0 54 512 512 355
1724 4 0 512 54 54 355
1725 4 0 799 1247 1247 869
1726 4 0 238 235 235 869
1727 4 0 31 449 449 755
1728 4 0 244 328 328 330
1729 4 0 1270 782 782 1272
1730 4 0 539 30 30 538
1731 4 0 936 755 755 538
1732 4 0 539 936 936 538
1733 4 0 1015 600 600 616
1734 4 0 865 888 888 867
1735 4 0 568 569 569 1285
1736 4 0 1030 782 782 539
1737 4 0 183 30 30 539
1738 4 0 539 782 782 184
1739 4 0 1447 71 71 1448
1740 4 0 562 117 117 210
1741 4 0 211 56 56 210
1742 4 0 55 570 570 53
1743 4 0 56 474 474 210
1744 4 0 1688 578 578 949
1745 4 0 42 1445 1445 1448
1746 4 0 1410 679 679 295
1747 4 0 296 1858 1858 1859
1748 4 0 56 508 508 180
1749 4 0 1860 432 432 1284
1750 4 0 118 216 216 56
1751 4 0 1444 590 590 925
1752 4 0 183 508 508 56
1753 4 0 465 466 466 468
1754 4 0 566 116 116 924
1755 4 0 632 630 630 633
1756 4 0 529 674 674 530
1757 4 0 432 430 430 1284
1758 4 0 1861 1408 1408 1862
1759 4 0 548 16 16 1823
1760 4 0 1401 1445 1445 1448
1761 4 0 351 349 349 562
1762 4 0 466 212 212 210
1763 4 0 1863 1090 1090 223
1764 4 0 180 508 508 562
1765 4 0 194 234 234 197
1766 4 0 194 430 430 197
1767 4 0 1085 1398 1398 280
1768 4 0 353 512 512 53
1769 4 0 235 430 430 236
1770 4 0 569 496 496 637
1771 4 0 61 118 118 180
1772 4 0 508 180 180 210
1773 4 0 1092 747 747 1032
1774 4 0 349 61 61 180
1775 4 0 570 512 512 53
1776 4 0 512 570 570 53
1777 4 0 512 55 55 53
1778 4 0 355 54 54 56
1779 4 0 355 216 216 56
1780 4 0 61 508 508 180
1781 4 0 215 777 777 1204
1782 4 0 608 547 547 22
1783 4 0 620 319 319 431
1784 4 0 621 591 591 318
1785 4 0 213 563 563 1837
1786 4 0 1428 678 678 1342
1787 4 0 203 610 610 202
1788 4 0 1751 525 525 554
1789 4 0 71 1333 1333 1448
1790 4 0 360 1028 1028 686
1791 4 0 1089 1219 1219 1865
1792 4 0 119 56 56 429
1793 4 0 110 333 333 1866
1794 4 0 1217 1037 1037 1222
1795 4 0 474 119 119 429
1796 4 0 212 1444 1444 925
1797 4 0 56 118 118 180
1798 4 0 566 1406 1406 1815
1799 4 0 1808 171 171 174
1800 4 0 1011 117 117 212
1801 4 0 477 1869 1869 1797
1802 4 0 1428 925 925 1837
1803 4 0 1149 673 673 396
1804 4 0 1254 568 568 211
1805 4 0 398 608 608 155
1806 4 0 1397 674 674 4
1807 4 0 1410 1409 1409 1837
1808 4 0 562 63 63 507
1809 4 0 562 508 508 507
1810 4 0 63 508 508 507
1811 4 0 1428 468 468 637
1812 4 0 496 465 465 468
1813 4 0 117 212 212 210
1814 4 0 562 210 210 507
1815 4 0 506 503 503 547
1816 4 0 350 562 562 507
1817 4 0 562 350 350 507
1818 4 0 465 1428 1428 468
1819 4 0 467 350 350 507
1820 4 0 211 568 568 637
1821 4 0 1498 1388 1388 1500
1822 4 0 148 1300 1300 867
1823 4 0 1444 590 590 620
1824 4 0 927 1446 1446 1870
1825 4 0 590 620 620 704
1826 4 0 1459 5 5 1460
1827 4 0 618 1428 1428 2
1828 4 0 1751 19 19 554
1829 4 0 183 508 508 465
1830 4 0 211 496 496 465
1831 4 0 56 210 210 465
1832 4 0 211 53 53 465
1833 4 0 211 55 55 465
1834 4 0 55 56 56 465
1835 4 0 56 55 55 465
1836 4 0 210 56 56 465
1837 4 0 56 54 54 465
1838 4 0 119 429 429 620
1839 4 0 508 54 54 465
1840 4 0 468 1428 1428 925
1841 4 0 468 466 466 213
1842 4 0 1410 1409 1409 295
1843 4 0 1871 787 787 1815
1844 4 0 44 43 43 72
1845 4 0 1858 1808 1808 72
1846 4 0 618 1871 1871 1843
1847 4 0 1787 1788 1788 1453
1848 4 0 786 43 43 785
1849 4 0 432 620 620 622
1850 4 0 679 590 590 704
1851 4 0 1831 1511 1511 1512
1852 4 0 156 578 578 949
1853 4 0 1410 1428 1428 1837
1854 4 0 1405 923 923 1512
1855 4 0 1578 123 123 1580
1856 4 0 618 173 173 1341
1857 4 0 1230 68 68 71
1858 4 0 350 19 19 554
1859 4 0 925 1428 1428 1397
1860 4 0 1332 1872 1872 1873
1861 4 0 1047 1321 1321 461
1862 4 0 678 563 563 679
1863 4 0 237 1045 1045 236
1864 4 0 608 554 554 526
1865 4 0 423 424 424 1612
1866 4 0 1860 883 883 1284
1867 4 0 637 468 468 1410
1868 4 0 1184 1386 1386 1396
1869 4 0 588 767 767 249
1870 4 0 474 590 590 620
1871 4 0 474 1254 1254 1444
1872 4 0 590 1011 1011 1444
1873 4 0 1871 1341 1341 73
1874 4 0 56 429 429 610
1875 4 0 214 1016 1016 408
1876 4 0 119 1011 1011 1444
1877 4 0 213 636 636 1444
1878 4 0 211 636 636 1444
1879 4 0 213 212 212 1444
1880 4 0 210 212 212 1444
1881 4 0 210 474 474 1444
1882 4 0 211 212 212 1444
1883 4 0 563 590 590 925
1884 4 0 636 563 563 925
1885 4 0 590 636 636 925
1886 4 0 636 590 590 925
1887 4 0 563 636 636 925
1888 4 0 679 590 590 925
1889 4 0 704 636 636 1410
1890 4 0 468 1428 1428 1410
1891 4 0 637 1409 1409 1410
1892 4 0 468 637 637 1410
1893 4 0 430 235 235 236
1894 4 0 234 430 430 236
1895 4 0 238 234 234 236
1896 4 0 1874 1262 1262 883
1897 4 0 429 1254 1254 620
1898 4 0 194 185 185 197
1899 4 0 185 569 569 197
1900 4 0 1271 996 996 1875
1901 4 0 590 1011 1011 318
1902 4 0 170 247 247 783
1903 4 0 679 636 636 1837
1904 4 0 134 131 131 1416
1905 4 0 923 679 679 173
1906 4 0 173 563 563 404
1907 4 0 1876 1860 1860 1402
1908 4 0 430 236 236 1284
1909 4 0 867 1314 1314 1196
1910 4 0 1277 13 13 1009
1911 4 0 296 1799 1799 171
1912 4 0 247 767 767 21
1913 4 0 1487 1801 1801 1489
1914 4 0 234 131 131 1878
1915 4 0 1816 1511 1511 695
1916 4 0 923 172 172 173
1917 4 0 358 1297 1297 1298
1918 4 0 131 1292 1292 1860
1919 4 0 970 523 523 1662
1920 4 0 1836 404 404 1
1921 4 0 1857 1860 1860 1284
1922 4 0 904 1880 1880 1260
1923 4 0 950 949 949 823
1924 4 0 582 182 182 185
1925 4 0 319 431 431 622
1926 4 0 197 196 196 1312
1927 4 0 1342 678 678 618
1928 4 0 554 349 349 555
1929 4 0 235 195 195 194
1930 4 0 679 171 171 1342
1931 4 0 173 922 922 404
1932 4 0 591 404 404 114
1933 4 0 563 173 173 404
1934 4 0 1859 1403 1403 1401
1935 4 0 1857 1285 1285 1312
1936 4 0 1313 1877 1877 76
1937 4 0 1200 1077 1077 1881
1938 4 0 681 731 731 1882
1939 4 0 525 530 530 526
1940 4 0 1883 1884 1884 1865
1941 4 0 3 1 1 113
1942 4 0 1501 926 926 1797
1943 4 0 1409 563 563 1837
1944 4 0 1885 1886 1886 1887
1945 4 0 1304 998 998 1293
1946 4 0 182 628 628 237
1947 4 0 54 55 55 185
1948 4 0 582 182 182 184
1949 4 0 1616 1511 1511 924
1950 4 0 642 643 643 1803
1951 4 0 50 864 864 49
1952 4 0 1261 995 995 997
1953 4 0 704 884 884 447
1954 4 0 1511 172 172 923
1955 4 0 1786 370 370 1888
1956 4 0 884 704 704 447
1957 4 0 172 704 704 1832
1958 4 0 171 172 172 1832
1959 4 0 171 679 679 1832
1960 4 0 155 397 397 156
1961 4 0 621 172 172 923
1962 4 0 621 679 679 923
1963 4 0 704 1832 1832 621
1964 4 0 679 704 704 621
1965 4 0 620 704 704 621
1966 4 0 590 704 704 621
1967 4 0 1406 3 3 924
1968 4 0 884 621 621 1831
1969 4 0 1760 1761 1761 1762
1970 4 0 645 525 525 1397
1971 4 0 404 563 563 1
1972 4 0 404 3 3 1
1973 4 0 563 590 590 621
1974 4 0 530 525 525 1397
1975 4 0 816 817 817 1889
1976 4 0 591 1002 1002 318
1977 4 0 318 331 331 893
1978 4 0 1322 676 676 675
1979 4 0 1538 1085 1085 1553
1980 4 0 447 704 704 1292
1981 4 0 1890 1490 1490 1492
1982 4 0 1342 465 465 674
1983 4 0 2 563 563 1
1984 4 0 129 247 247 836
1985 4 0 1459 1891 1891 5
1986 4 0 594 155 155 503
1987 4 0 1464 812 812 445
1988 4 0 1858 42 42 1448
1989 4 0 1824 41 41 207
1990 4 0 1831 926 926 1512
1991 4 0 1023 1532 1532 327
1992 4 0 678 1342 1342 618
1993 4 0 43 44 44 785
1994 4 0 679 172 172 1342
1995 4 0 173 172 172 1342
1996 4 0 173 679 679 1342
1997 4 0 640 528 528 525
1998 4 0 893 169 169 24
1999 4 0 1751 640 640 528
2000 4 0 154 578 578 398
2001 4 0 510 578 578 398
2002 4 0 171 173 173 1342
2003 4 0 172 173 173 1342
2004 4 0 679 1409 1409 1342
2005 4 0 618 678 678 2
2006 4 0 582 512 512 185
2007 4 0 754 1488 1488 1489
2008 4 0 640 530 530 525
2009 4 0 319 1554 1554 396
2010 4 0 1662 1652 1652 971
2011 4 0 788 789 789 1852
2012 4 0 1009 1786 1786 1010
2013 4 0 590 621 621 404
2014 4 0 645 511 511 529
2015 4 0 923 563 563 404
2016 4 0 695 1511 1511 404
2017 4 0 923 621 621 404
2018 4 0 563 923 923 404
2019 4 0 467 465 465 674
2020 4 0 467 1428 1428 674
2021 4 0 351 467 467 674
2022 4 0 30 62 62 674
2023 4 0 508 62 62 674
2024 4 0 62 467 467 674
2025 4 0 467 62 62 674
2026 4 0 19 467 467 674
2027 4 0 1428 2 2 674
2028 4 0 15 1279 1279 16
2029 4 0 3 922 922 1843
2030 4 0 1841 529 529 115
2031 4 0 528 640 640 530
2032 4 0 467 19 19 674
2033 4 0 467 640 640 674
2034 4 0 4 466 466 1838
2035 4 0 1428 1397 1397 1838
2036 4 0 466 4 4 1838
2037 4 0 2 674 674 4
2038 4 0 467 212 212 554
2039 4 0 504 767 767 21
2040 4 0 175 78 78 80
2041 4 0 674 19 19 528
2042 4 0 1842 578 578 1688
2043 4 0 925 563 563 1837
2044 4 0 939 1406 1406 1892
2045 4 0 1409 678 678 1837
2046 4 0 674 466 466 4
2047 4 0 1410 213 213 1837
2048 4 0 1397 466 466 4
2049 4 0 4 2 2 1838
2050 4 0 4 1428 1428 1838
2051 4 0 1836 1397 1397 1838
2052 4 0 1397 1428 1428 1838
2053 4 0 4 1 1 1838
2054 4 0 674 2 2 4
2055 4 0 563 1 1 1838
2056 4 0 429 620 620 319
2057 4 0 824 949 949 948
2058 4 0 226 580 580 224
2059 4 0 397 511 511 398
2060 4 0 608 525 525 526
2061 4 0 518 1751 1751 525
2062 4 0 1751 592 592 525
2063 4 0 592 1751 1751 525
2064 4 0 593 517 517 525
2065 4 0 528 593 593 525
2066 4 0 640 19 19 554
2067 4 0 925 1836 1836 1838
2068 4 0 530 674 674 1397
2069 4 0 1 645 645 1397
2070 4 0 1 1836 1836 1397
2071 4 0 1838 563 563 1837
2072 4 0 1838 925 925 1837
2073 4 0 1838 2 2 1837
2074 4 0 2 678 678 1837
2075 4 0 1838 1428 1428 1837
2076 4 0 2 1428 1428 1837
2077 4 0 1397 466 466 554
2078 4 0 925 466 466 554
2079 4 0 925 212 212 554
2080 4 0 212 1011 1011 554
2081 4 0 925 590 590 554
2082 4 0 1011 1836 1836 554
2083 4 0 1836 1397 1397 554
2084 4 0 1397 1836 1836 554
2085 4 0 1805 641 641 644
2086 4 0 349 212 212 554
2087 4 0 349 350 350 554
2088 4 0 1397 640 640 554
2089 4 0 466 640 640 554
2090 4 0 525 1397 1397 554
2091 4 0 608 593 593 526
2092 4 0 212 349 349 554
2093 4 0 824 1427 1427 767
2094 4 0 965 1427 1427 767
2095 4 0 967 17 17 145
2096 4 0 779 612 612 780
2097 4 0 1426 505 505 767
2098 4 0 510 578 578 1688
2099 4 0 511 529 529 398
2100 4 0 528 593 593 398
2101 4 0 511 510 510 398
2102 4 0 608 511 511 398
2103 4 0 154 510 510 398
2104 4 0 127 426 426 168
2105 4 0 594 505 505 613
2106 4 0 1690 1414 1414 1790
2107 4 0 1517 1652 1652 971
2108 4 0 155 517 517 503
2109 4 0 593 526 526 397
2110 4 0 767 504 504 766
2111 4 0 783 23 23 80
2112 4 0 1296 318 318 1616
2113 4 0 325 926 926 1831
2114 4 0 227 597 597 702
2115 4 0 155 156 156 1845
2116 4 0 116 3 3 1771
2117 4 0 725 581 581 968
2118 4 0 900 1893 1893 152
2119 4 0 965 966 966 767
2120 4 0 826 824 824 1688
2121 4 0 826 578 578 1688
2122 4 0 1845 153 153 579
2123 4 0 738 836 836 130
2124 4 0 1846 1798 1798 1027
2125 4 0 645 1836 1836 403
2126 4 0 1277 13 13 1616
2127 4 0 144 155 155 579
2128 4 0 1845 155 155 579
2129 4 0 844 605 605 1894
2130 4 0 591 823 823 22
2131 4 0 593 17 17 579
2132 4 0 593 144 144 579
2133 4 0 725 579 579 968
2134 4 0 788 1642 1642 1841
2135 4 0 1643 643 643 1839
2136 4 0 1804 705 705 644
2137 4 0 397 1425 1425 1688
2138 4 0 608 645 645 403
2139 4 0 177 542 542 178
2140 4 0 503 517 517 519
2141 4 0 767 949 949 766
2142 4 0 560 554 554 22
2143 4 0 1425 1688 1688 949
2144 4 0 1895 970 970 1519
2145 4 0 1425 511 511 403
2146 4 0 1277 1002 1002 1278
2147 4 0 1819 1602 1602 987
2148 4 0 113 511 511 403
2149 4 0 1271 1263 1263 459
2150 4 0 590 404 404 591
2151 4 0 590 1836 1836 591
2152 4 0 403 1836 1836 591
2153 4 0 403 1 1 591
2154 4 0 404 1 1 591
2155 4 0 1836 403 403 591
2156 4 0 554 1836 1836 591
2157 4 0 1011 554 554 591
2158 4 0 1836 554 554 591
2159 4 0 1026 1679 1679 82
2160 4 0 403 823 823 22
2161 4 0 1727 965 965 767
2162 4 0 1541 83 83 1897
2163 4 0 816 824 824 766
2164 4 0 178 176 176 736
2165 4 0 1011 525 525 555
2166 4 0 573 165 165 164
2167 4 0 825 156 156 949
2168 4 0 462 1900 1900 1009
2169 4 0 624 1901 1901 983
2170 4 0 156 397 397 949
2171 4 0 404 621 621 591
2172 4 0 766 815 815 1265
2173 4 0 816 1773 1773 1889
2174 4 0 403 510 510 114
2175 4 0 511 403 403 114
2176 4 0 403 511 511 114
2177 4 0 114 3 3 116
2178 4 0 156 949 949 1845
2179 4 0 1265 1685 1685 642
2180 4 0 497 336 336 78
2181 4 0 766 21 21 823
2182 4 0 608 511 511 506
2183 4 0 503 397 397 506
2184 4 0 725 613 613 968
2185 4 0 610 215 215 202
2186 4 0 848 849 849 851
2187 4 0 639 595 595 555
2188 4 0 526 397 397 506
2189 4 0 593 503 503 506
2190 4 0 560 555 555 177
2191 4 0 966 588 588 767
2192 4 0 594 579 579 613
2193 4 0 779 95 95 1902
2194 4 0 547 519 519 23
2195 4 0 594 397 397 503
2196 4 0 648 1700 1700 1010
2197 4 0 1773 648 648 987
2198 4 0 1754 1715 1715 706
2199 4 0 336 542 542 78
2200 4 0 95 224 224 81
2201 4 0 949 824 824 1426
2202 4 0 428 426 426 435
2203 4 0 581 725 725 968
2204 4 0 1845 949 949 1426
2205 4 0 949 1845 1845 1426
2206 4 0 581 17 17 967
2207 4 0 225 580 580 224
2208 4 0 966 505 505 767
2209 4 0 1748 1750 1750 1467
2210 4 0 1903 1431 1431 1904
2211 4 0 1846 1727 1727 1027
2212 4 0 724 226 226 248
2213 4 0 766 1772 1772 249
2214 4 0 1007 1786 1786 1010
2215 4 0 1620 1727 1727 655
2216 4 0 949 505 505 767
2217 4 0 581 144 144 967
2218 4 0 542 175 175 80
2219 4 0 78 175 175 80
2220 4 0 155 144 144 594
2221 4 0 505 155 155 594
2222 4 0 579 155 155 594
2223 4 0 155 579 579 594
2224 4 0 967 144 144 594
2225 4 0 204 475 475 658
2226 4 0 1861 1889 1889 643
2227 4 0 611 95 95 779
2228 4 0 615 337 337 614
2229 4 0 510 1425 1425 506
2230 4 0 510 511 511 506
2231 4 0 331 21 21 24
2232 4 0 612 967 967 145
2233 4 0 968 612 612 224
2234 4 0 23 613 613 80
2235 4 0 22 547 547 24
2236 4 0 519 594 594 145
2237 4 0 613 612 612 145
2238 4 0 580 612 612 224
2239 4 0 431 237 237 236
2240 4 0 949 397 397 506
2241 4 0 949 505 505 506
2242 4 0 898 125 125 158
2243 4 0 542 560 560 555
2244 4 0 591 403 403 22
2245 4 0 449 448 448 328
2246 4 0 1635 1731 1731 1100
2247 4 0 823 504 504 22
2248 4 0 547 23 23 24
2249 4 0 22 23 23 24
2250 4 0 613 579 579 968
2251 4 0 506 526 526 547
2252 4 0 1011 560 560 547
2253 4 0 349 405 405 555
2254 4 0 29 406 406 964
2255 4 0 1412 1729 1729 818
2256 4 0 504 547 547 22
2257 4 0 1011 1444 1444 475
2258 4 0 177 175 175 178
2259 4 0 24 170 170 783
2260 4 0 506 1425 1425 823
2261 4 0 1444 474 474 475
2262 4 0 723 580 580 725
2263 4 0 580 723 723 725
2264 4 0 589 725 725 588
2265 4 0 129 1907 1907 127
2266 4 0 589 613 613 725
2267 4 0 145 611 611 81
2268 4 0 903 252 252 253
2269 4 0 225 227 227 1908
2270 4 0 613 967 967 145
2271 4 0 725 589 589 588
2272 4 0 723 226 226 725
2273 4 0 226 589 589 725
2274 4 0 505 966 966 588
2275 4 0 428 427 427 435
2276 4 0 580 581 581 725
2277 4 0 613 589 589 725
2278 4 0 613 505 505 725
2279 4 0 588 504 504 767
2280 4 0 1501 327 327 971
2281 4 0 1861 1772 1772 1889
2282 4 0 1427 1845 1845 966
2283 4 0 1686 249 249 1773
2284 4 0 1426 1845 1845 966
2285 4 0 725 505 505 966
2286 4 0 579 505 505 966
2287 4 0 725 579 579 966
2288 4 0 1755 1739 1739 752
2289 4 0 1845 966 966 965
2290 4 0 966 1845 1845 965
2291 4 0 581 226 226 965
2292 4 0 506 949 949 823
2293 4 0 1727 588 588 767
2294 4 0 1079 1909 1909 1910
2295 4 0 1329 1669 1669 1911
2296 4 0 1602 83 83 1897
2297 4 0 1796 1912 1912 1913
2298 4 0 987 1773 1773 1861
2299 4 0 647 1749 1749 1750
2300 4 0 1491 1780 1780 1793
2301 4 0 986 1773 1773 987
2302 4 0 1774 798 798 857
2303 4 0 1002 560 560 24
2304 4 0 589 504 504 588
2305 4 0 1803 641 641 1804
2306 4 0 966 226 226 588
2307 4 0 589 724 724 436
2308 4 0 21 170 170 129
2309 4 0 950 504 504 823
2310 4 0 239 716 716 241
2311 4 0 1267 897 897 221
2312 4 0 654 1727 1727 1209
2313 4 0 320 1149 1149 218
2314 4 0 946 836 836 817
2315 4 0 224 783 783 703
2316 4 0 1819 1602 1602 1897
2317 4 0 1689 549 549 1691
2318 4 0 1646 656 656 1914
2319 4 0 1737 836 836 127
2320 4 0 1688 949 949 950
2321 4 0 703 724 724 248
2322 4 0 46 426 426 252
2323 4 0 1026 1541 1541 1027
2324 4 0 1907 1737 1737 127
2325 4 0 949 948 948 816
2326 4 0 1278 1277 1277 1279
2327 4 0 1701 1915 1915 1749
2328 4 0 333 186 186 553
2329 4 0 1470 975 975 1612
2330 4 0 1026 1024 1024 1027
2331 4 0 766 949 949 950
2332 4 0 836 247 247 842
2333 4 0 654 655 655 1645
2334 4 0 331 1888 1888 1789
2335 4 0 500 622 622 499
2336 4 0 463 128 128 1786
2337 4 0 144 18 18 145
2338 4 0 950 559 559 823
2339 4 0 836 737 737 127
2340 4 0 1265 1278 1278 642
2341 4 0 704 297 297 1292
2342 4 0 81 611 611 780
2343 4 0 405 349 349 555
2344 4 0 555 595 595 181
2345 4 0 504 766 766 21
2346 4 0 23 24 24 783
2347 4 0 1008 1009 1009 1010
2348 4 0 655 248 248 654
2349 4 0 251 168 168 252
2350 4 0 1815 1843 1843 1892
2351 4 0 226 588 588 248
2352 4 0 965 840 840 248
2353 4 0 783 177 177 739
2354 4 0 215 429 429 202
2355 4 0 645 608 608 22
2356 4 0 187 599 599 598
2357 4 0 688 898 898 125
2358 4 0 354 936 936 1191
2359 4 0 202 429 429 431
2360 4 0 948 949 949 950
2361 4 0 1847 501 501 1678
2362 4 0 588 247 247 249
2363 4 0 518 349 349 555
2364 4 0 504 950 950 823
2365 4 0 554 518 518 555
2366 4 0 559 21 21 823
2367 4 0 500 777 777 499
2368 4 0 215 541 541 543
2369 4 0 661 932 932 373
2370 4 0 715 616 616 652
2371 4 0 542 337 337 181
2372 4 0 611 612 612 780
2373 4 0 320 319 319 777
2374 4 0 886 831 831 1917
2375 4 0 1414 1791 1791 808
2376 4 0 506 403 403 823
2377 4 0 559 950 950 823
2378 4 0 499 1262 1262 623
2379 4 0 432 319 319 622
2380 4 0 1612 1097 1097 1919
2381 4 0 661 914 914 953
2382 4 0 542 175 175 178
2383 4 0 145 964 964 81
2384 4 0 726 735 735 736
2385 4 0 435 426 426 127
2386 4 0 1002 331 331 24
2387 4 0 318 319 319 1554
2388 4 0 462 1816 1816 1554
2389 4 0 1835 646 646 1862
2390 4 0 318 1816 1816 1554
2391 4 0 560 744 744 24
2392 4 0 903 1742 1742 253
2393 4 0 331 318 318 396
2394 4 0 1801 1757 1757 1492
2395 4 0 777 205 205 556
2396 4 0 1835 1715 1715 706
2397 4 0 621 319 319 318
2398 4 0 695 621 621 318
2399 4 0 1011 542 542 560
2400 4 0 620 590 590 318
2401 4 0 319 620 620 318
2402 4 0 703 46 46 250
2403 4 0 1209 1024 1024 1027
2404 4 0 1616 591 591 1278
2405 4 0 519 611 611 145
2406 4 0 547 608 608 22
2407 4 0 591 695 695 1616
2408 4 0 404 1511 1511 1616
2409 4 0 1616 1002 1002 1278
2410 4 0 741 742 742 743
2411 4 0 1093 370 370 1786
2412 4 0 1921 494 494 1922
2413 4 0 777 215 215 202
2414 4 0 737 903 903 253
2415 4 0 253 45 45 802
2416 4 0 449 32 32 691
2417 4 0 1103 1225 1225 1077
2418 4 0 1844 246 246 1923
2419 4 0 110 937 937 1866
2420 4 0 320 541 541 1204
2421 4 0 24 744 744 783
2422 4 0 1902 780 780 1844
2423 4 0 572 586 586 573
2424 4 0 1597 168 168 1081
2425 4 0 542 543 543 178
2426 4 0 318 1002 1002 560
2427 4 0 962 903 903 963
2428 4 0 1721 426 426 870
2429 4 0 170 169 169 932
2430 4 0 1337 219 219 220
2431 4 0 500 1053 1053 461
2432 4 0 1045 799 799 629
2433 4 0 1909 1079 1079 1092
2434 4 0 904 669 669 905
2435 4 0 293 291 291 886
2436 4 0 293 292 292 886
2437 4 0 360 1178 1178 686
2438 4 0 1074 899 899 851
2439 4 0 1204 214 214 862
2440 4 0 571 792 792 1092
2441 4 0 541 893 893 560
2442 4 0 323 33 33 36
2443 4 0 1866 937 937 832
2444 4 0 910 937 937 1866
2445 4 0 1924 1867 1867 912
2446 4 0 893 744 744 24
2447 4 0 21 823 823 24
2448 4 0 119 215 215 543
2449 4 0 1121 1906 1906 1424
2450 4 0 203 354 354 610
2451 4 0 354 609 609 1191
2452 4 0 893 170 170 24
2453 4 0 599 600 600 729
2454 4 0 21 22 22 24
2455 4 0 607 239 239 240
2456 4 0 31 32 32 691
2457 4 0 119 118 118 543
2458 4 0 777 673 673 500
2459 4 0 328 1062 1062 616
2460 4 0 1062 658 658 203
2461 4 0 863 1015 1015 616
2462 4 0 1444 212 212 475
2463 4 0 887 109 109 112
2464 4 0 56 216 216 610
2465 4 0 936 354 354 1062
2466 4 0 541 543 543 214
2467 4 0 777 1204 1204 214
2468 4 0 409 330 330 408
2469 4 0 203 609 609 610
2470 4 0 336 337 337 178
2471 4 0 204 118 118 658
2472 4 0 543 118 118 204
2473 4 0 56 119 119 610
2474 4 0 594 144 144 145
2475 4 0 591 645 645 560
2476 4 0 205 1191 1191 558
2477 4 0 1011 554 554 560
2478 4 0 560 177 177 24
2479 4 0 645 554 554 560
2480 4 0 506 608 608 22
2481 4 0 526 1011 1011 560
2482 4 0 591 560 560 22
2483 4 0 645 403 403 22
2484 4 0 1200 1251 1251 1881
2485 4 0 526 525 525 547
2486 4 0 823 21 21 22
2487 4 0 143 611 611 145
2488 4 0 407 639 639 145
2489 4 0 823 591 591 22
2490 4 0 559 591 591 560
2491 4 0 1011 1002 1002 560
2492 4 0 518 517 517 547
2493 4 0 526 518 518 547
2494 4 0 503 517 517 547
2495 4 0 1727 655 655 654
2496 4 0 24 177 177 783
2497 4 0 24 23 23 783
2498 4 0 744 560 560 177
2499 4 0 1396 1386 1386 1553
2500 4 0 214 215 215 202
2501 4 0 179 337 337 701
2502 4 0 551 394 394 914
2503 4 0 944 118 118 700
2504 4 0 567 449 449 691
2505 4 0 968 581 581 612
2506 4 0 896 1926 1926 223
2507 4 0 1016 1015 1015 1017
2508 4 0 177 541 541 178
2509 4 0 551 334 334 605
2510 4 0 24 169 169 783
2511 4 0 948 1688 1688 1643
2512 4 0 724 613 613 23
2513 4 0 505 589 589 23
2514 4 0 505 504 504 23
2515 4 0 505 613 613 23
2516 4 0 504 505 505 23
2517 4 0 503 504 504 23
2518 4 0 594 613 613 23
2519 4 0 519 503 503 23
2520 4 0 547 503 503 23
2521 4 0 547 504 504 23
2522 4 0 547 22 22 23
2523 4 0 22 21 21 23
2524 4 0 588 226 226 248
2525 4 0 541 214 214 178
2526 4 0 551 394 394 605
2527 4 0 177 24 24 783
2528 4 0 177 560 560 783
2529 4 0 613 23 23 783
2530 4 0 613 724 724 783
2531 4 0 589 21 21 783
2532 4 0 247 724 724 783
2533 4 0 23 589 589 783
2534 4 0 23 504 504 783
2535 4 0 23 21 21 783
2536 4 0 21 589 589 783
2537 4 0 840 656 656 248
2538 4 0 744 176 176 739
2539 4 0 912 688 688 686
2540 4 0 328 690 690 1015
2541 4 0 407 964 964 80
2542 4 0 1856 616 616 614
2543 4 0 1856 32 32 715
2544 4 0 205 777 777 862
2545 4 0 1906 231 231 1037
2546 4 0 701 337 337 614
2547 4 0 499 673 673 502
2548 4 0 216 354 354 610
2549 4 0 215 543 543 610
2550 4 0 204 543 543 610
2551 4 0 337 204 204 203
2552 4 0 1062 337 337 203
2553 4 0 658 204 204 203
2554 4 0 329 243 243 246
2555 4 0 337 204 204 181
2556 4 0 614 615 615 78
2557 4 0 1016 1062 1062 616
2558 4 0 224 95 95 81
2559 4 0 328 1062 1062 330
2560 4 0 799 237 237 629
2561 4 0 555 349 349 181
2562 4 0 337 336 336 175
2563 4 0 639 555 555 80
2564 4 0 349 117 117 475
2565 4 0 964 611 611 612
2566 4 0 612 714 714 780
2567 4 0 595 596 596 181
2568 4 0 613 611 611 224
2569 4 0 497 701 701 614
2570 4 0 498 701 701 614
2571 4 0 1856 700 700 498
2572 4 0 944 61 61 498
2573 4 0 595 180 180 181
2574 4 0 639 596 596 181
2575 4 0 475 117 117 181
2576 4 0 595 555 555 181
2577 4 0 658 179 179 700
2578 4 0 658 118 118 700
2579 4 0 448 216 216 700
2580 4 0 354 658 658 700
2581 4 0 216 448 448 700
2582 4 0 658 354 354 700
2583 4 0 1062 354 354 700
2584 4 0 658 337 337 700
2585 4 0 337 658 658 700
2586 4 0 214 337 337 408
2587 4 0 330 1062 1062 408
2588 4 0 1276 755 755 328
2589 4 0 203 214 214 1191
2590 4 0 658 203 203 610
2591 4 0 204 203 203 610
2592 4 0 658 216 216 610
2593 4 0 215 119 119 610
2594 4 0 570 569 569 197
2595 4 0 568 512 512 197
2596 4 0 185 570 570 197
2597 4 0 1030 680 680 540
2598 4 0 222 214 214 223
2599 4 0 731 243 243 567
2600 4 0 202 319 319 431
2601 4 0 1926 662 662 553
2602 4 0 863 600 600 616
2603 4 0 117 475 475 181
2604 4 0 449 755 755 328
2605 4 0 1927 848 848 152
2606 4 0 1143 673 673 1146
2607 4 0 1029 1883 1883 1274
2608 4 0 491 1089 1089 1048
2609 4 0 1884 491 491 1048
2610 4 0 616 1016 1016 615
2611 4 0 1191 214 214 408
2612 4 0 1089 491 491 1048
2613 4 0 687 1121 1121 1928
2614 4 0 1062 1016 1016 616
2615 4 0 246 329 329 1015
2616 4 0 202 777 777 205
2617 4 0 1028 1077 1077 1029
2618 4 0 95 78 78 81
2619 4 0 736 1926 1926 223
2620 4 0 1016 330 330 408
2621 4 0 221 222 222 1090
2622 4 0 1925 557 557 1929
2623 4 0 1089 222 222 1090
2624 4 0 553 659 659 223
2625 4 0 35 531 531 1928
2626 4 0 150 284 284 362
2627 4 0 1864 1089 1089 1090
2628 4 0 615 497 497 701
2629 4 0 330 1191 1191 408
2630 4 0 330 409 409 408
2631 4 0 408 833 833 834
2632 4 0 1927 1930 1930 340
2633 4 0 339 338 338 834
2634 4 0 1930 339 339 834
2635 4 0 152 151 151 851
2636 4 0 833 1692 1692 834
2637 4 0 913 687 687 912
2638 4 0 335 321 321 394
2639 4 0 673 1338 1338 1143
2640 4 0 1062 448 448 1276
2641 4 0 755 936 936 1276
2642 4 0 690 449 449 246
2643 4 0 596 179 179 701
2644 4 0 601 600 600 1017
2645 4 0 896 887 887 553
2646 4 0 1250 1270 1270 629
2647 4 0 936 628 628 1276
2648 4 0 609 1281 1281 1276
2649 4 0 1191 936 936 1276
2650 4 0 205 1191 1191 408
2651 4 0 1191 1062 1062 1276
2652 4 0 409 244 244 1276
2653 4 0 1281 409 409 1276
2654 4 0 244 409 409 1276
2655 4 0 1281 244 244 1276
2656 4 0 1925 409 409 1276
2657 4 0 801 1251 1251 1275
2658 4 0 174 922 922 1512
2659 4 0 30 448 448 32
2660 4 0 31 448 448 32
2661 4 0 61 701 701 498
2662 4 0 1062 448 448 32
2663 4 0 1018 600 600 1923
2664 4 0 567 244 244 329
2665 4 0 714 612 612 780
2666 4 0 161 162 162 894
2667 4 0 551 392 392 394
2668 4 0 615 1016 1016 175
2669 4 0 32 691 691 690
2670 4 0 179 596 596 181
2671 4 0 555 1011 1011 181
2672 4 0 1016 600 600 1017
2673 4 0 475 543 543 178
2674 4 0 1191 205 205 408
2675 4 0 449 691 691 246
2676 4 0 94 369 369 703
2677 4 0 330 1016 1016 1015
2678 4 0 691 246 246 863
2679 4 0 691 243 243 246
2680 4 0 653 1902 1902 162
2681 4 0 690 1015 1015 863
2682 4 0 567 329 329 246
2683 4 0 755 449 449 328
2684 4 0 1276 448 448 328
2685 4 0 448 1276 1276 328
2686 4 0 329 680 680 328
2687 4 0 329 449 449 328
2688 4 0 690 449 449 328
2689 4 0 32 449 449 328
2690 4 0 32 448 448 1856
2691 4 0 638 714 714 79
2692 4 0 691 690 690 863
2693 4 0 1089 1090 1090 1091
2694 4 0 328 32 32 863
2695 4 0 329 244 244 328
2696 4 0 1276 680 680 328
2697 4 0 595 638 638 79
2698 4 0 335 393 393 394
2699 4 0 337 1016 1016 330
2700 4 0 863 246 246 1923
2701 4 0 600 246 246 1923
2702 4 0 1692 1017 1017 833
2703 4 0 1111 721 721 1046
2704 4 0 1062 1276 1276 330
2705 4 0 1276 244 244 330
2706 4 0 328 244 244 330
2707 4 0 328 1276 1276 330
2708 4 0 1925 409 409 330
2709 4 0 1191 244 244 330
2710 4 0 887 552 552 553
2711 4 0 1018 1015 1015 1923
2712 4 0 345 1931 1931 40
2713 4 0 330 1015 1015 1017
2714 4 0 1121 1931 1931 1040
2715 4 0 687 1178 1178 912
2716 4 0 1866 1089 1089 849
2717 4 0 897 862 862 221
2718 4 0 1091 898 898 688
2719 4 0 1863 1864 1864 834
2720 4 0 897 1267 1267 221
2721 4 0 1107 791 791 323
2722 4 0 330 244 244 408
2723 4 0 1925 244 244 408
2724 4 0 179 204 204 181
2725 4 0 178 204 204 181
2726 4 0 475 542 542 181
2727 4 0 1015 690 690 863
2728 4 0 599 598 598 729
2729 4 0 226 225 225 612
2730 4 0 226 580 580 612
2731 4 0 475 1011 1011 181
2732 4 0 187 188 188 342
2733 4 0 1168 1263 1263 1271
2734 4 0 337 1016 1016 175
2735 4 0 180 595 595 596
2736 4 0 448 32 32 1856
2737 4 0 616 614 614 715
2738 4 0 700 448 448 1856
2739 4 0 964 143 143 612
2740 4 0 700 498 498 614
2741 4 0 863 246 246 1844
2742 4 0 163 709 709 727
2743 4 0 80 639 639 145
2744 4 0 598 911 911 1017
2745 4 0 163 94 94 702
2746 4 0 175 1204 1204 178
2747 4 0 700 61 61 498
2748 4 0 81 964 964 780
2749 4 0 612 691 691 780
2750 4 0 701 61 61 498
2751 4 0 497 61 61 701
2752 4 0 596 61 61 701
2753 4 0 1864 598 598 911
2754 4 0 700 337 337 701
2755 4 0 863 616 616 715
2756 4 0 691 32 32 715
2757 4 0 180 61 61 596
2758 4 0 180 434 434 596
2759 4 0 336 179 179 596
2760 4 0 1062 616 616 1856
2761 4 0 596 542 542 181
2762 4 0 519 611 611 224
2763 4 0 18 519 519 145
2764 4 0 596 434 434 497
2765 4 0 498 700 700 614
2766 4 0 596 595 595 497
2767 4 0 595 561 561 497
2768 4 0 181 555 555 80
2769 4 0 61 118 118 701
2770 4 0 616 1062 1062 1856
2771 4 0 29 714 714 964
2772 4 0 614 498 498 715
2773 4 0 498 944 944 715
2774 4 0 714 32 32 715
2775 4 0 1856 944 944 715
2776 4 0 32 944 944 715
2777 4 0 337 701 701 614
2778 4 0 616 337 337 614
2779 4 0 17 967 967 612
2780 4 0 561 714 714 79
2781 4 0 29 434 434 498
2782 4 0 407 17 17 964
2783 4 0 612 863 863 780
2784 4 0 863 32 32 715
2785 4 0 656 227 227 703
2786 4 0 714 407 407 964
2787 4 0 714 29 29 715
2788 4 0 498 561 561 715
2789 4 0 498 29 29 715
2790 4 0 498 714 714 715
2791 4 0 638 595 595 79
2792 4 0 638 407 407 79
2793 4 0 595 639 639 79
2794 4 0 519 613 613 145
2795 4 0 186 189 189 694
2796 4 0 968 967 967 145
2797 4 0 911 78 78 735
2798 4 0 94 224 224 779
2799 4 0 968 580 580 612
2800 4 0 80 964 964 81
2801 4 0 519 18 18 145
2802 4 0 407 143 143 964
2803 4 0 177 555 555 80
2804 4 0 1863 1864 1864 223
2805 4 0 79 407 407 964
2806 4 0 612 143 143 145
2807 4 0 518 18 18 145
2808 4 0 518 639 639 145
2809 4 0 691 29 29 964
2810 4 0 714 32 32 964
2811 4 0 691 32 32 964
2812 4 0 29 32 32 964
2813 4 0 614 497 497 78
2814 4 0 79 498 498 78
2815 4 0 561 498 498 78
2816 4 0 79 561 561 78
2817 4 0 561 497 497 78
2818 4 0 614 715 715 78
2819 4 0 498 715 715 78
2820 4 0 79 616 616 78
2821 4 0 79 715 715 78
2822 4 0 1016 175 175 78
2823 4 0 1016 615 615 78
2824 4 0 600 652 652 601
2825 4 0 78 653 653 652
2826 4 0 497 615 615 78
2827 4 0 639 79 79 78
2828 4 0 612 611 611 145
2829 4 0 967 612 612 145
2830 4 0 612 613 613 145
2831 4 0 1932 228 228 1933
2832 4 0 715 691 691 612
2833 4 0 715 714 714 612
2834 4 0 964 691 691 612
2835 4 0 555 177 177 80
2836 4 0 23 560 560 80
2837 4 0 23 555 555 80
2838 4 0 596 181 181 80
2839 4 0 78 596 596 80
2840 4 0 78 595 595 80
2841 4 0 595 596 596 80
2842 4 0 78 542 542 80
2843 4 0 542 181 181 80
2844 4 0 613 723 723 224
2845 4 0 968 613 613 224
2846 4 0 81 79 79 780
2847 4 0 81 95 95 780
2848 4 0 964 714 714 780
2849 4 0 849 899 899 851
2850 4 0 224 612 612 779
2851 4 0 914 1934 1934 1087
2852 4 0 894 653 653 601
2853 4 0 715 79 79 653
2854 4 0 341 758 758 599
2855 4 0 94 369 369 702
2856 4 0 652 653 653 601
2857 4 0 738 370 370 827
2858 4 0 780 714 714 653
2859 4 0 616 600 600 652
2860 4 0 603 1935 1935 1087
2861 4 0 758 1936 1936 599
2862 4 0 780 715 715 653
2863 4 0 1902 95 95 162
2864 4 0 79 78 78 653
2865 4 0 653 95 95 162
2866 4 0 779 780 780 1902
2867 4 0 78 911 911 735
2868 4 0 1844 780 780 653
2869 4 0 780 79 79 653
2870 4 0 616 715 715 652
2871 4 0 616 78 78 652
2872 4 0 715 653 653 652
2873 4 0 79 653 653 652
2874 4 0 780 653 653 652
2875 4 0 600 616 616 652
2876 4 0 780 863 863 652
2877 4 0 703 226 226 840
2878 4 0 78 616 616 652
2879 4 0 735 659 659 553
2880 4 0 597 163 163 702
2881 4 0 894 1936 1936 601
2882 4 0 1844 95 95 653
2883 4 0 652 1016 1016 911
2884 4 0 340 245 245 491
2885 4 0 552 659 659 1704
2886 4 0 652 653 653 911
2887 4 0 783 723 723 703
2888 4 0 660 428 428 659
2889 4 0 656 250 250 45
2890 4 0 177 94 94 726
2891 4 0 96 175 175 726
2892 4 0 427 176 176 369
2893 4 0 94 726 726 428
2894 4 0 894 1844 1844 601
2895 4 0 162 894 894 758
2896 4 0 35 887 887 605
2897 4 0 342 186 186 598
2898 4 0 224 369 369 703
2899 4 0 727 369 369 597
2900 4 0 368 46 46 727
2901 4 0 804 47 47 48
2902 4 0 982 1081 1081 983
2903 4 0 250 656 656 45
2904 4 0 965 588 588 248
2905 4 0 227 779 779 702
2906 4 0 1844 894 894 1936
2907 4 0 316 727 727 781
2908 4 0 626 624 624 317
2909 4 0 625 1597 1597 781
2910 4 0 601 911 911 1017
2911 4 0 168 127 127 130
2912 4 0 656 46 46 45
2913 4 0 96 78 78 735
2914 4 0 1018 834 834 491
2915 4 0 597 702 702 703
2916 4 0 597 427 427 703
2917 4 0 226 227 227 703
2918 4 0 597 227 227 703
2919 4 0 723 224 224 703
2920 4 0 224 723 723 703
2921 4 0 1863 896 896 223
2922 4 0 702 369 369 703
2923 4 0 188 189 189 553
2924 4 0 703 723 723 248
2925 4 0 572 571 571 573
2926 4 0 727 692 692 316
2927 4 0 781 426 426 1000
2928 4 0 46 368 368 727
2929 4 0 692 870 870 189
2930 4 0 175 78 78 911
2931 4 0 659 1704 1704 553
2932 4 0 368 176 176 428
2933 4 0 368 188 188 726
2934 4 0 335 793 793 394
2935 4 0 369 368 368 428
2936 4 0 426 46 46 1000
2937 4 0 80 95 95 96
2938 4 0 914 551 551 659
2939 4 0 227 656 656 703
2940 4 0 1927 937 937 1930
2941 4 0 189 662 662 553
2942 4 0 709 188 188 692
2943 4 0 600 601 601 1017
2944 4 0 342 758 758 911
2945 4 0 598 758 758 911
2946 4 0 96 94 94 163
2947 4 0 435 169 169 127
2948 4 0 342 758 758 726
2949 4 0 188 341 341 342
2950 4 0 806 322 322 394
2951 4 0 251 737 737 252
2952 4 0 342 341 341 598
2953 4 0 342 187 187 598
2954 4 0 911 758 758 601
2955 4 0 758 911 911 601
2956 4 0 598 341 341 601
2957 4 0 894 758 758 601
2958 4 0 598 599 599 601
2959 4 0 599 894 894 601
2960 4 0 911 161 161 601
2961 4 0 1016 911 911 601
2962 4 0 1924 360 360 361
2963 4 0 599 1936 1936 601
2964 4 0 240 490 490 242
2965 4 0 652 600 600 601
2966 4 0 369 176 176 428
2967 4 0 653 78 78 96
2968 4 0 95 78 78 96
2969 4 0 373 320 320 953
2970 4 0 78 96 96 735
2971 4 0 162 95 95 96
2972 4 0 653 162 162 96
2973 4 0 95 162 162 96
2974 4 0 176 177 177 726
2975 4 0 128 836 836 127
2976 4 0 653 911 911 735
2977 4 0 653 652 652 735
2978 4 0 96 161 161 735
2979 4 0 911 653 653 735
2980 4 0 911 161 161 735
2981 4 0 161 96 96 735
2982 4 0 161 758 758 735
2983 4 0 758 726 726 735
2984 4 0 726 758 758 735
2985 4 0 175 726 726 735
2986 4 0 758 96 96 163
2987 4 0 758 161 161 163
2988 4 0 726 94 94 163
2989 4 0 96 758 758 163
2990 4 0 894 1936 1936 163
2991 4 0 1936 894 894 163
2992 4 0 894 758 758 163
2993 4 0 726 758 758 163
2994 4 0 599 709 709 163
2995 4 0 709 599 599 163
2996 4 0 1936 599 599 163
2997 4 0 726 368 368 163
2998 4 0 726 709 709 163
2999 4 0 670 671 671 672
3000 4 0 162 94 94 163
3001 4 0 298 597 597 227
3002 4 0 656 703 703 248
3003 4 0 188 870 870 189
3004 4 0 224 225 225 227
3005 4 0 1936 727 727 597
3006 4 0 163 1902 1902 702
3007 4 0 727 368 368 597
3008 4 0 369 368 368 46
3009 4 0 724 436 436 250
3010 4 0 586 1636 1636 1938
3011 4 0 393 847 847 394
3012 4 0 573 827 827 1722
3013 4 0 798 1774 1774 1587
3014 4 0 724 435 435 250
3015 4 0 1791 669 669 1718
3016 4 0 169 170 170 129
3017 4 0 836 841 841 843
3018 4 0 21 766 766 1007
3019 4 0 298 47 47 1908
3020 4 0 463 128 128 130
3021 4 0 669 1413 1413 989
3022 4 0 127 168 168 252
3023 4 0 163 162 162 702
3024 4 0 702 224 224 703
3025 4 0 163 1936 1936 727
3026 4 0 693 871 871 189
3027 4 0 1935 914 914 953
3028 4 0 46 656 656 1908
3029 4 0 227 46 46 703
3030 4 0 393 391 391 394
3031 4 0 168 999 999 1000
3032 4 0 1902 94 94 702
3033 4 0 727 298 298 597
3034 4 0 369 94 94 702
3035 4 0 46 427 427 597
3036 4 0 427 597 597 227
3037 4 0 660 551 551 659
3038 4 0 551 659 659 1704
3039 4 0 625 626 626 781
3040 4 0 847 870 870 189
3041 4 0 723 724 724 435
3042 4 0 21 247 247 129
3043 4 0 723 703 703 435
3044 4 0 224 779 779 702
3045 4 0 965 579 579 840
3046 4 0 617 48 48 253
3047 4 0 227 612 612 702
3048 4 0 612 779 779 702
3049 4 0 226 965 965 840
3050 4 0 581 225 225 840
3051 4 0 783 724 724 435
3052 4 0 226 703 703 840
3053 4 0 597 369 369 702
3054 4 0 162 1902 1902 702
3055 4 0 783 744 744 739
3056 4 0 1765 647 647 82
3057 4 0 176 726 726 739
3058 4 0 177 726 726 739
3059 4 0 94 726 726 739
3060 4 0 703 248 248 250
3061 4 0 1026 1765 1765 82
3062 4 0 1935 1934 1934 1087
3063 4 0 1907 436 436 127
3064 4 0 129 1737 1737 127
3065 4 0 1749 1131 1131 1765
3066 4 0 1846 1427 1427 985
3067 4 0 986 1687 1687 987
3068 4 0 127 737 737 252
3069 4 0 45 634 634 657
3070 4 0 783 224 224 739
3071 4 0 247 783 783 1737
3072 4 0 435 169 169 739
3073 4 0 227 298 298 1908
3074 4 0 426 127 127 252
3075 4 0 435 427 427 252
3076 4 0 655 248 248 250
3077 4 0 655 634 634 657
3078 4 0 264 1367 1367 920
3079 4 0 744 177 177 739
3080 4 0 647 82 82 85
3081 4 0 1737 783 783 1907
3082 4 0 783 1737 1737 1907
3083 4 0 435 783 783 1907
3084 4 0 247 1737 1737 1907
3085 4 0 435 247 247 1907
3086 4 0 783 703 703 739
3087 4 0 435 703 703 739
3088 4 0 435 427 427 739
3089 4 0 703 427 427 739
3090 4 0 176 94 94 739
3091 4 0 427 369 369 739
3092 4 0 176 369 369 739
3093 4 0 435 176 176 739
3094 4 0 427 435 435 739
3095 4 0 428 176 176 739
3096 4 0 1907 169 169 739
3097 4 0 783 1907 1907 739
3098 4 0 1907 170 170 739
3099 4 0 1907 783 783 739
3100 4 0 783 169 169 739
3101 4 0 331 170 170 129
3102 4 0 656 248 248 654
3103 4 0 1079 982 982 1909
3104 4 0 1898 165 165 164
3105 4 0 47 1646 1646 1914
3106 4 0 1737 170 170 129
3107 4 0 1907 170 170 129
3108 4 0 1024 1025 1025 1027
3109 4 0 1728 1412 1412 1744
3110 4 0 654 1620 1620 1027
3111 4 0 176 169 169 127
3112 4 0 1131 1619 1619 839
3113 4 0 168 426 426 999
3114 4 0 248 588 588 249
3115 4 0 248 247 247 249
3116 4 0 1905 641 641 643
3117 4 0 1786 1007 1007 817
3118 4 0 939 1815 1815 1892
3119 4 0 1685 1265 1265 1278
3120 4 0 249 247 247 842
3121 4 0 249 436 436 836
3122 4 0 436 1737 1737 836
3123 4 0 127 436 436 252
3124 4 0 45 46 46 253
3125 4 0 48 46 46 253
3126 4 0 655 1727 1727 654
3127 4 0 248 1727 1727 654
3128 4 0 840 248 248 654
3129 4 0 840 965 965 654
3130 4 0 1798 965 965 654
3131 4 0 1620 1024 1024 1208
3132 4 0 176 426 426 127
3133 4 0 1645 655 655 634
3134 4 0 1880 917 917 881
3135 4 0 1908 656 656 1914
3136 4 0 251 46 46 253
3137 4 0 1209 1798 1798 1645
3138 4 0 654 1798 1798 1645
3139 4 0 1081 315 315 983
3140 4 0 1209 1645 1645 1208
3141 4 0 1620 1209 1209 1645
3142 4 0 1915 1749 1749 1765
3143 4 0 1008 1700 1700 1010
3144 4 0 838 1693 1693 839
3145 4 0 1619 634 634 839
3146 4 0 634 805 805 1208
3147 4 0 252 427 427 250
3148 4 0 298 227 227 1908
3149 4 0 1408 817 817 1861
3150 4 0 46 47 47 1908
3151 4 0 837 835 835 839
3152 4 0 1619 1742 1742 839
3153 4 0 737 903 903 839
3154 4 0 835 947 947 839
3155 4 0 436 836 836 737
3156 4 0 738 737 737 127
3157 4 0 1935 603 603 1087
3158 4 0 127 836 836 130
3159 4 0 836 127 127 130
3160 4 0 1080 291 291 934
3161 4 0 47 227 227 1908
3162 4 0 655 656 656 657
3163 4 0 169 426 426 168
3164 4 0 1213 1621 1621 417
3165 4 0 1080 573 573 934
3166 4 0 1718 1716 1716 710
3167 4 0 737 634 634 253
3168 4 0 291 573 573 934
3169 4 0 1940 1767 1767 1941
3170 4 0 586 291 291 573
3171 4 0 962 963 963 1724
3172 4 0 571 1080 1080 573
3173 4 0 435 724 724 250
3174 4 0 248 589 589 250
3175 4 0 724 248 248 250
3176 4 0 589 248 248 250
3177 4 0 655 1645 1645 657
3178 4 0 703 656 656 250
3179 4 0 1908 225 225 1914
3180 4 0 827 738 738 829
3181 4 0 168 903 903 251
3182 4 0 252 903 903 253
3183 4 0 1646 45 45 804
3184 4 0 656 47 47 45
3185 4 0 588 247 247 250
3186 4 0 588 589 589 250
3187 4 0 737 249 249 250
3188 4 0 249 737 737 250
3189 4 0 655 249 249 250
3190 4 0 1620 737 737 250
3191 4 0 634 655 655 250
3192 4 0 252 634 634 250
3193 4 0 45 1646 1646 804
3194 4 0 634 656 656 250
3195 4 0 252 737 737 250
3196 4 0 656 248 248 250
3197 4 0 1646 840 840 1914
3198 4 0 840 225 225 1914
3199 4 0 656 657 657 1646
3200 4 0 654 840 840 1646
3201 4 0 657 656 656 1646
3202 4 0 1908 47 47 1646
3203 4 0 47 45 45 1646
3204 4 0 130 169 169 932
3205 4 0 910 111 111 844
3206 4 0 634 657 657 802
3207 4 0 657 1645 1645 1646
3208 4 0 1645 840 840 1646
3209 4 0 1182 1246 1246 1167
3210 4 0 168 738 738 829
3211 4 0 46 781 781 299
3212 4 0 660 392 392 1092
3213 4 0 130 129 129 932
3214 4 0 1343 1145 1145 65
3215 4 0 871 693 693 189
3216 4 0 802 803 803 805
3217 4 0 981 1078 1078 983
3218 4 0 1742 253 253 837
3219 4 0 805 1619 1619 1208
3220 4 0 192 1133 1133 1134
3221 4 0 829 168 168 1081
3222 4 0 551 847 847 394
3223 4 0 1942 710 710 807
3224 4 0 1078 999 999 1080
3225 4 0 253 837 837 962
3226 4 0 190 1636 1636 1637
3227 4 0 1938 830 830 1726
3228 4 0 1081 837 837 963
3229 4 0 48 47 47 617
3230 4 0 850 151 151 1927
3231 4 0 982 1597 1597 983
3232 4 0 176 426 426 999
3233 4 0 1935 218 218 1678
3234 4 0 797 854 854 798
3235 4 0 804 48 48 617
3236 4 0 47 48 48 617
3237 4 0 47 804 804 617
3238 4 0 781 872 872 870
3239 4 0 624 627 627 872
3240 4 0 622 1262 1262 997
3241 4 0 935 886 886 905
3242 4 0 1943 905 905 882
3243 4 0 903 251 251 1597
3244 4 0 1944 1937 1937 870
3245 4 0 737 947 947 839
3246 4 0 634 1620 1620 1208
3247 4 0 82 947 947 1945
3248 4 0 828 829 829 1682
3249 4 0 912 1178 1178 686
3250 4 0 1078 981 981 1725
3251 4 0 1746 837 837 839
3252 4 0 36 35 35 914
3253 4 0 962 253 253 963
3254 4 0 624 1946 1946 982
3255 4 0 253 251 251 1081
3256 4 0 1136 1947 1947 1697
3257 4 0 251 1081 1081 963
3258 4 0 251 1597 1597 1081
3259 4 0 829 835 835 837
3260 4 0 1081 1078 1078 1725
3261 4 0 903 1081 1081 837
3262 4 0 1948 1470 1470 975
3263 4 0 346 1106 1106 1068
3264 4 0 36 1934 1934 1337
3265 4 0 1338 1149 1149 1916
3266 4 0 253 634 634 802
3267 4 0 744 541 541 954
3268 4 0 1207 292 292 886
3269 4 0 370 676 676 1032
3270 4 0 1474 1472 1472 1911
3271 4 0 781 46 46 299
3272 4 0 727 781 781 870
3273 4 0 1413 989 989 773
3274 4 0 829 903 903 1081
3275 4 0 1916 501 501 1678
3276 4 0 1950 1669 1669 918
3277 4 0 881 1951 1951 882
3278 4 0 1898 291 291 1080
3279 4 0 1937 872 872 781
3280 4 0 1079 572 572 1946
3281 4 0 1725 1081 1081 983
3282 4 0 1742 837 837 961
3283 4 0 847 693 693 189
3284 4 0 981 1078 1078 1725
3285 4 0 935 1953 1953 882
3286 4 0 837 1954 1954 961
3287 4 0 1081 903 903 963
3288 4 0 804 1645 1645 805
3289 4 0 802 657 657 805
3290 4 0 804 657 657 805
3291 4 0 657 802 802 805
3292 4 0 657 634 634 805
3293 4 0 802 1742 1742 805
3294 4 0 634 802 802 805
3295 4 0 253 1742 1742 805
3296 4 0 984 1687 1687 987
3297 4 0 253 803 803 962
3298 4 0 805 803 803 962
3299 4 0 805 1742 1742 962
3300 4 0 805 1952 1952 962
3301 4 0 961 1952 1952 962
3302 4 0 1742 803 803 962
3303 4 0 802 803 803 962
3304 4 0 253 1742 1742 962
3305 4 0 837 253 253 962
3306 4 0 617 47 47 299
3307 4 0 854 855 855 857
3308 4 0 837 961 961 962
3309 4 0 1134 1938 1938 1638
3310 4 0 1328 881 881 880
3311 4 0 1081 982 982 983
3312 4 0 1721 1944 1944 870
3313 4 0 830 587 587 902
3314 4 0 191 1133 1133 193
3315 4 0 837 1081 1081 1724
3316 4 0 830 828 828 902
3317 4 0 1702 311 311 314
3318 4 0 1078 1079 1079 982
3319 4 0 963 837 837 1724
3320 4 0 837 963 963 1724
3321 4 0 828 829 829 902
3322 4 0 933 671 671 672
3323 4 0 1081 1725 1725 983
3324 4 0 1944 1937 1937 1910
3325 4 0 1692 832 832 834
3326 4 0 1724 837 837 828
3327 4 0 1724 829 829 828
3328 4 0 1798 1027 1027 985
3329 4 0 1940 1722 1722 1134
3330 4 0 1724 1081 1081 1725
3331 4 0 711 1629 1629 797
3332 4 0 1729 1738 1738 1587
3333 4 0 1108 1956 1956 1107
3334 4 0 625 624 624 1956
3335 4 0 1909 391 391 1910
3336 4 0 617 46 46 315
3337 4 0 902 830 830 573
3338 4 0 35 394 394 605
3339 4 0 829 902 902 1725
3340 4 0 1078 1081 1081 982
3341 4 0 624 1956 1956 1107
3342 4 0 999 1081 1081 1078
3343 4 0 1901 828 828 1725
3344 4 0 1898 1080 1080 573
3345 4 0 573 1898 1898 164
3346 4 0 1016 1864 1864 1017
3347 4 0 1080 902 902 573
3348 4 0 829 1081 1081 1725
3349 4 0 982 625 625 1956
3350 4 0 676 1207 1207 1032
3351 4 0 1937 635 635 781
3352 4 0 625 635 635 1956
3353 4 0 635 872 872 1956
3354 4 0 227 727 727 316
3355 4 0 1081 999 999 1078
3356 4 0 902 1081 1081 1078
3357 4 0 1946 902 902 1078
3358 4 0 36 745 745 1088
3359 4 0 1108 1107 1107 1910
3360 4 0 902 587 587 573
3361 4 0 902 829 829 1078
3362 4 0 829 999 999 1078
3363 4 0 291 166 166 164
3364 4 0 902 1078 1078 981
3365 4 0 982 1946 1946 981
3366 4 0 1946 982 982 981
3367 4 0 1107 1079 1079 1909
3368 4 0 627 626 626 781
3369 4 0 298 316 316 299
3370 4 0 781 727 727 299
3371 4 0 333 334 334 605
3372 4 0 828 902 902 1725
3373 4 0 1901 572 572 1725
3374 4 0 981 1946 1946 1901
3375 4 0 1946 572 572 1901
3376 4 0 981 624 624 1901
3377 4 0 1704 659 659 553
3378 4 0 692 871 871 693
3379 4 0 1901 902 902 1725
3380 4 0 1901 1724 1724 1725
3381 4 0 1724 1901 1901 1725
3382 4 0 1597 1081 1081 315
3383 4 0 1937 982 982 625
3384 4 0 624 1597 1597 625
3385 4 0 963 617 617 315
3386 4 0 1081 963 963 315
3387 4 0 617 803 803 315
3388 4 0 617 963 963 315
3389 4 0 962 803 803 315
3390 4 0 1725 981 981 983
3391 4 0 315 963 963 983
3392 4 0 963 1724 1724 983
3393 4 0 626 46 46 1000
3394 4 0 187 188 188 692
3395 4 0 47 299 299 317
3396 4 0 46 251 251 1000
3397 4 0 393 392 392 1108
3398 4 0 315 251 251 626
3399 4 0 1597 251 251 626
3400 4 0 1597 625 625 626
3401 4 0 983 315 315 626
3402 4 0 625 624 624 626
3403 4 0 315 983 983 626
3404 4 0 627 625 625 781
3405 4 0 872 627 627 781
3406 4 0 316 627 627 299
3407 4 0 1916 1338 1338 1678
3408 4 0 1956 1108 1108 1910
3409 4 0 662 188 188 553
3410 4 0 626 46 46 781
3411 4 0 1956 1107 1107 1910
3412 4 0 426 251 251 1000
3413 4 0 727 781 781 299
3414 4 0 426 168 168 1000
3415 4 0 46 298 298 316
3416 4 0 781 626 626 1000
3417 4 0 291 1080 1080 573
3418 4 0 626 251 251 317
3419 4 0 626 627 627 317
3420 4 0 299 626 626 317
3421 4 0 627 692 692 871
3422 4 0 338 245 245 491
3423 4 0 910 909 909 844
3424 4 0 872 693 693 793
3425 4 0 394 322 322 34
3426 4 0 791 792 792 394
3427 4 0 982 1079 1079 1956
3428 4 0 872 635 635 1956
3429 4 0 1079 1946 1946 1956
3430 4 0 625 982 982 1956
3431 4 0 315 47 47 299
3432 4 0 1597 251 251 1000
3433 4 0 299 47 47 317
3434 4 0 47 227 227 316
3435 4 0 225 227 227 316
3436 4 0 727 426 426 781
3437 4 0 871 627 627 781
3438 4 0 847 393 393 1957
3439 4 0 871 727 727 781
3440 4 0 872 627 627 693
3441 4 0 393 1944 1944 1957
3442 4 0 727 368 368 781
3443 4 0 627 872 872 693
3444 4 0 321 335 335 394
3445 4 0 1721 1000 1000 870
3446 4 0 1901 624 624 1956
3447 4 0 1000 1944 1944 1721
3448 4 0 251 626 626 317
3449 4 0 315 46 46 317
3450 4 0 299 617 617 317
3451 4 0 299 46 46 317
3452 4 0 46 315 315 317
3453 4 0 299 627 627 317
3454 4 0 1721 392 392 393
3455 4 0 982 1597 1597 1000
3456 4 0 693 793 793 332
3457 4 0 241 240 240 1074
3458 4 0 1909 1944 1944 1910
3459 4 0 781 1597 1597 1000
3460 4 0 391 1944 1944 1910
3461 4 0 368 781 781 870
3462 4 0 887 333 333 605
3463 4 0 1721 781 781 870
3464 4 0 781 368 368 870
3465 4 0 426 1000 1000 870
3466 4 0 334 551 551 394
3467 4 0 572 1901 1901 1107
3468 4 0 165 1901 1901 1107
3469 4 0 688 1236 1236 112
3470 4 0 871 692 692 870
3471 4 0 692 188 188 870
3472 4 0 368 428 428 870
3473 4 0 428 368 368 870
3474 4 0 692 368 368 870
3475 4 0 392 393 393 847
3476 4 0 1058 1203 1203 941
3477 4 0 35 914 914 552
3478 4 0 1078 827 827 1080
3479 4 0 934 886 886 1032
3480 4 0 393 693 693 1957
3481 4 0 60 1068 1068 374
3482 4 0 1108 1937 1937 1957
3483 4 0 572 1946 1946 1107
3484 4 0 793 391 391 394
3485 4 0 793 393 393 1957
3486 4 0 1909 1937 1937 1910
3487 4 0 317 627 627 693
3488 4 0 1944 870 870 1957
3489 4 0 1108 1957 1957 1956
3490 4 0 952 914 914 1087
3491 4 0 332 333 333 335
3492 4 0 332 321 321 335
3493 4 0 334 793 793 791
3494 4 0 1108 393 393 1957
3495 4 0 872 1108 1108 1957
3496 4 0 1956 1937 1937 1910
3497 4 0 1080 747 747 1092
3498 4 0 1864 1016 1016 1017
3499 4 0 316 692 692 693
3500 4 0 317 316 316 693
3501 4 0 627 317 317 693
3502 4 0 627 299 299 693
3503 4 0 165 291 291 164
3504 4 0 872 693 693 1957
3505 4 0 870 1937 1937 1957
3506 4 0 222 1864 1864 223
3507 4 0 1937 870 870 1957
3508 4 0 982 1909 1909 1910
3509 4 0 1004 347 347 1537
3510 4 0 1080 999 999 1032
3511 4 0 694 189 189 335
3512 4 0 847 332 332 335
3513 4 0 735 659 659 1704
3514 4 0 109 844 844 1894
3515 4 0 111 910 910 151
3516 4 0 1866 111 111 151
3517 4 0 335 847 847 394
3518 4 0 1108 1944 1944 1957
3519 4 0 870 693 693 1957
3520 4 0 872 870 870 1957
3521 4 0 1107 1956 1956 1910
3522 4 0 1721 870 870 1957
3523 4 0 393 847 847 1957
3524 4 0 872 781 781 1957
3525 4 0 1937 1957 1957 1956
3526 4 0 1957 1937 1937 1956
3527 4 0 793 1108 1108 1956
3528 4 0 662 552 552 553
3529 4 0 1108 392 392 391
3530 4 0 1909 982 982 1910
3531 4 0 1079 1956 1956 1910
3532 4 0 392 1108 1108 391
3533 4 0 793 393 393 391
3534 4 0 556 609 609 1929
3535 4 0 886 292 292 934
3536 4 0 1000 999 999 1909
3537 4 0 1722 586 586 1938
3538 4 0 1946 1956 1956 1107
3539 4 0 189 186 186 694
3540 4 0 603 1337 1337 719
3541 4 0 1956 1946 1946 1107
3542 4 0 1597 1000 1000 1909
3543 4 0 1000 1597 1597 1909
3544 4 0 1597 982 982 1909
3545 4 0 1000 1937 1937 1909
3546 4 0 781 1944 1944 1909
3547 4 0 781 1937 1937 1909
3548 4 0 1000 1721 1721 1909
3549 4 0 1944 1721 1721 1909
3550 4 0 1944 392 392 1909
3551 4 0 999 1092 1092 1032
3552 4 0 391 392 392 1909
3553 4 0 292 746 746 718
3554 4 0 689 688 688 125
3555 4 0 982 999 999 1909
3556 4 0 35 322 322 34
3557 4 0 284 109 109 844
3558 4 0 321 332 332 335
3559 4 0 793 321 321 332
3560 4 0 110 111 111 910
3561 4 0 1202 921 921 344
3562 4 0 321 322 322 323
3563 4 0 1956 872 872 332
3564 4 0 718 36 36 1337
3565 4 0 292 886 886 934
3566 4 0 129 170 170 932
3567 4 0 672 1101 1101 989
3568 4 0 661 603 603 1935
3569 4 0 745 36 36 292
3570 4 0 827 573 573 934
3571 4 0 109 35 35 605
3572 4 0 688 912 912 686
3573 4 0 130 371 371 661
3574 4 0 937 1866 1866 151
3575 4 0 792 391 391 791
3576 4 0 792 1107 1107 791
3577 4 0 334 321 321 791
3578 4 0 1866 110 110 151
3579 4 0 1267 1086 1086 896
3580 4 0 806 792 792 791
3581 4 0 1863 553 553 223
3582 4 0 394 605 605 34
3583 4 0 900 151 151 851
3584 4 0 886 291 291 934
3585 4 0 33 36 36 1088
3586 4 0 391 1108 1108 791
3587 4 0 391 1107 1107 791
3588 4 0 323 806 806 1898
3589 4 0 334 1107 1107 791
3590 4 0 791 1107 1107 323
3591 4 0 551 333 333 553
3592 4 0 1080 1092 1092 1032
3593 4 0 323 322 322 36
3594 4 0 1894 284 284 34
3595 4 0 1935 92 92 953
3596 4 0 1267 1204 1204 221
3597 4 0 338 1018 1018 491
3598 4 0 1107 1956 1956 332
3599 4 0 793 693 693 332
3600 4 0 428 726 726 659
3601 4 0 347 1537 1537 831
3602 4 0 953 744 744 954
3603 4 0 1236 1091 1091 688
3604 4 0 552 914 914 1087
3605 4 0 914 1087 1087 953
3606 4 0 694 334 334 332
3607 4 0 694 847 847 332
3608 4 0 693 847 847 332
3609 4 0 694 937 937 332
3610 4 0 222 862 862 221
3611 4 0 791 321 321 335
3612 4 0 1067 90 90 1102
3613 4 0 1121 687 687 1037
3614 4 0 332 847 847 335
3615 4 0 332 393 393 335
3616 4 0 847 1721 1721 551
3617 4 0 605 284 284 1894
3618 4 0 887 1236 1236 1091
3619 4 0 1883 759 759 1929
3620 4 0 1091 1866 1866 1863
3621 4 0 284 605 605 1894
3622 4 0 1932 900 900 1933
3623 4 0 34 321 321 323
3624 4 0 333 694 694 910
3625 4 0 394 747 747 745
3626 4 0 334 937 937 910
3627 4 0 1883 852 852 853
3628 4 0 605 334 334 910
3629 4 0 335 334 334 551
3630 4 0 1005 1120 1120 345
3631 4 0 394 746 746 745
3632 4 0 571 1898 1898 1080
3633 4 0 900 361 361 1179
3634 4 0 110 109 109 35
3635 4 0 1562 742 742 1259
3636 4 0 335 189 189 551
3637 4 0 335 333 333 551
3638 4 0 189 335 335 551
3639 4 0 694 333 333 551
3640 4 0 1204 178 178 736
3641 4 0 659 914 914 661
3642 4 0 833 832 832 1930
3643 4 0 221 1204 1204 223
3644 4 0 490 852 852 853
3645 4 0 222 1204 1204 221
3646 4 0 186 333 333 1863
3647 4 0 792 746 746 394
3648 4 0 746 792 792 394
3649 4 0 1087 1086 1086 1267
3650 4 0 293 602 602 886
3651 4 0 1032 603 603 661
3652 4 0 719 1005 1005 1067
3653 4 0 551 1721 1721 394
3654 4 0 905 1951 1951 882
3655 4 0 36 1088 1088 718
3656 4 0 1866 151 151 1927
3657 4 0 662 1926 1926 553
3658 4 0 605 694 694 910
3659 4 0 605 333 333 910
3660 4 0 332 937 937 910
3661 4 0 333 937 937 910
3662 4 0 660 394 394 1092
3663 4 0 392 1909 1909 1092
3664 4 0 392 660 660 1092
3665 4 0 394 392 392 1092
3666 4 0 428 659 659 1704
3667 4 0 726 659 659 1704
3668 4 0 169 130 130 661
3669 4 0 1086 914 914 1087
3670 4 0 130 738 738 1032
3671 4 0 323 858 858 1898
3672 4 0 330 408 408 1017
3673 4 0 333 551 551 552
3674 4 0 1959 604 604 219
3675 4 0 1236 110 110 112
3676 4 0 1207 602 602 219
3677 4 0 1557 1713 1713 1961
3678 4 0 394 792 792 1092
3679 4 0 124 1057 1057 1102
3680 4 0 292 747 747 858
3681 4 0 1930 850 850 717
3682 4 0 1854 1077 1077 1855
3683 4 0 899 241 241 138
3684 4 0 896 1090 1090 688
3685 4 0 340 239 239 491
3686 4 0 241 899 899 1074
3687 4 0 605 110 110 1894
3688 4 0 745 746 746 323
3689 4 0 1337 603 603 719
3690 4 0 1236 887 887 112
3691 4 0 1058 1148 1148 124
3692 4 0 35 605 605 284
3693 4 0 716 340 340 1074
3694 4 0 1074 1927 1927 851
3695 4 0 844 109 109 1894
3696 4 0 858 323 323 1898
3697 4 0 791 321 321 323
3698 4 0 747 1898 1898 1080
3699 4 0 844 110 110 1894
3700 4 0 603 292 292 718
3701 4 0 909 910 910 844
3702 4 0 910 109 109 844
3703 4 0 910 110 110 844
3704 4 0 1680 1903 1903 1904
3705 4 0 164 1898 1898 290
3706 4 0 35 1086 1086 552
3707 4 0 910 151 151 844
3708 4 0 910 334 334 844
3709 4 0 151 910 910 844
3710 4 0 151 937 937 844
3711 4 0 937 910 910 844
3712 4 0 160 159 159 1110
3713 4 0 1893 285 285 150
3714 4 0 340 716 716 1074
3715 4 0 1927 849 849 851
3716 4 0 1894 35 35 34
3717 4 0 1894 605 605 34
3718 4 0 851 899 899 361
3719 4 0 164 858 858 290
3720 4 0 1601 1600 1600 1951
3721 4 0 1086 36 36 1087
3722 4 0 745 322 322 36
3723 4 0 432 236 236 1284
3724 4 0 831 1004 1004 389
3725 4 0 861 1962 1962 1559
3726 4 0 571 1079 1079 573
3727 4 0 934 676 676 1032
3728 4 0 292 1207 1207 934
3729 4 0 135 360 360 361
3730 4 0 953 218 218 1916
3731 4 0 1384 418 418 1904
3732 4 0 1080 827 827 573
3733 4 0 858 1107 1107 1898
3734 4 0 1894 844 844 285
3735 4 0 1080 1207 1207 1032
3736 4 0 571 165 165 573
3737 4 0 902 586 586 573
3738 4 0 746 323 323 1088
3739 4 0 40 1931 1931 229
3740 4 0 756 531 531 757
3741 4 0 1038 270 270 38
3742 4 0 756 33 33 757
3743 4 0 1006 531 531 757
3744 4 0 1067 1148 1148 1102
3745 4 0 852 1884 1884 1048
3746 4 0 858 290 290 167
3747 4 0 256 1109 1109 1520
3748 4 0 603 604 604 719
3749 4 0 1094 1791 1791 669
3750 4 0 858 292 292 290
3751 4 0 165 586 586 164
3752 4 0 893 396 396 932
3753 4 0 1696 1947 1947 1697
3754 4 0 190 166 166 1695
3755 4 0 902 572 572 571
3756 4 0 1898 1107 1107 571
3757 4 0 1107 572 572 571
3758 4 0 391 1107 1107 571
3759 4 0 1106 943 943 220
3760 4 0 1107 1079 1079 571
3761 4 0 1898 806 806 571
3762 4 0 1107 791 791 571
3763 4 0 806 791 791 571
3764 4 0 792 791 791 571
3765 4 0 322 806 806 571
3766 4 0 322 792 792 571
3767 4 0 322 746 746 571
3768 4 0 1898 858 858 571
3769 4 0 858 746 746 571
3770 4 0 858 747 747 571
3771 4 0 1898 292 292 571
3772 4 0 292 1898 1898 571
3773 4 0 747 858 858 571
3774 4 0 747 792 792 571
3775 4 0 1537 831 831 263
3776 4 0 291 164 164 290
3777 4 0 292 291 291 164
3778 4 0 1006 718 718 916
3779 4 0 1214 1089 1089 1219
3780 4 0 371 661 661 932
3781 4 0 219 1935 1935 1322
3782 4 0 763 663 663 142
3783 4 0 1669 918 918 1697
3784 4 0 1909 1721 1721 660
3785 4 0 1450 1449 1449 1432
3786 4 0 394 1721 1721 660
3787 4 0 371 370 370 372
3788 4 0 904 1963 1963 905
3789 4 0 129 130 130 932
3790 4 0 815 1007 1007 817
3791 4 0 603 1207 1207 719
3792 4 0 284 34 34 285
3793 4 0 677 1283 1283 669
3794 4 0 58 942 942 1068
3795 4 0 904 1791 1791 669
3796 4 0 1934 394 394 914
3797 4 0 220 942 942 1068
3798 4 0 1916 218 218 1678
3799 4 0 164 822 822 167
3800 4 0 164 290 290 167
3801 4 0 822 164 164 167
3802 4 0 659 551 551 1704
3803 4 0 677 904 904 669
3804 4 0 1537 604 604 831
3805 4 0 1205 390 390 389
3806 4 0 729 833 833 339
3807 4 0 1148 157 157 124
3808 4 0 1330 1556 1556 1367
3809 4 0 1713 1964 1964 1961
3810 4 0 377 1068 1068 1634
3811 4 0 1950 1947 1947 1697
3812 4 0 167 290 290 293
3813 4 0 167 291 291 293
3814 4 0 822 291 291 293
3815 4 0 40 1147 1147 402
3816 4 0 9 263 263 264
3817 4 0 1055 1051 1051 66
3818 4 0 292 293 293 916
3819 4 0 293 1695 1695 1965
3820 4 0 385 919 919 1966
3821 4 0 915 167 167 12
3822 4 0 33 756 756 285
3823 4 0 10 263 263 389
3824 4 0 1032 660 660 661
3825 4 0 1089 688 688 686
3826 4 0 220 1106 1106 1068
3827 4 0 952 552 552 1267
3828 4 0 773 771 771 774
3829 4 0 176 661 661 736
3830 4 0 914 35 35 552
3831 4 0 1262 234 234 883
3832 4 0 689 1053 1053 1047
3833 4 0 394 1934 1934 914
3834 4 0 370 827 827 1032
3835 4 0 1934 660 660 661
3836 4 0 999 168 168 1032
3837 4 0 844 151 151 150
3838 4 0 1079 1080 1080 1092
3839 4 0 168 738 738 1032
3840 4 0 112 912 912 362
3841 4 0 1909 999 999 1092
3842 4 0 999 1080 1080 1092
3843 4 0 1080 1079 1079 1092
3844 4 0 1909 1078 1078 1092
3845 4 0 947 249 249 841
3846 4 0 660 999 999 1092
3847 4 0 394 391 391 1092
3848 4 0 292 718 718 719
3849 4 0 1204 954 954 1267
3850 4 0 390 11 11 12
3851 4 0 92 1267 1267 1916
3852 4 0 128 130 130 932
3853 4 0 218 396 396 373
3854 4 0 1080 292 292 1032
3855 4 0 792 571 571 1092
3856 4 0 26 1791 1791 1733
3857 4 0 830 1940 1940 1134
3858 4 0 1403 1292 1292 1967
3859 4 0 499 319 319 1146
3860 4 0 603 602 602 719
3861 4 0 1205 756 756 757
3862 4 0 736 1204 1204 954
3863 4 0 747 1092 1092 1032
3864 4 0 1207 747 747 1032
3865 4 0 1431 410 410 1432
3866 4 0 1909 392 392 660
3867 4 0 659 952 952 736
3868 4 0 745 1088 1088 718
3869 4 0 718 531 531 1337
3870 4 0 540 680 680 1929
3871 4 0 1934 1207 1207 603
3872 4 0 660 394 394 914
3873 4 0 870 428 428 659
3874 4 0 808 671 671 710
3875 4 0 292 602 602 719
3876 4 0 531 718 718 1337
3877 4 0 1918 1609 1609 808
3878 4 0 246 245 245 491
3879 4 0 1370 462 462 1369
3880 4 0 1934 1032 1032 603
3881 4 0 1721 394 394 660
3882 4 0 222 1016 1016 223
3883 4 0 1690 1791 1791 1792
3884 4 0 603 1934 1934 718
3885 4 0 1032 371 371 661
3886 4 0 1337 718 718 719
3887 4 0 602 292 292 719
3888 4 0 36 1934 1934 718
3889 4 0 859 1088 1088 718
3890 4 0 319 622 622 883
3891 4 0 1601 1599 1599 1632
3892 4 0 130 1032 1032 661
3893 4 0 1337 1934 1934 1087
3894 4 0 999 428 428 660
3895 4 0 428 426 426 660
3896 4 0 1721 426 426 660
3897 4 0 999 426 426 660
3898 4 0 239 1884 1884 491
3899 4 0 1091 887 887 1863
3900 4 0 1088 745 745 718
3901 4 0 1088 746 746 718
3902 4 0 747 1032 1032 1934
3903 4 0 1032 747 747 1934
3904 4 0 747 394 394 1934
3905 4 0 36 394 394 1934
3906 4 0 747 36 36 1934
3907 4 0 747 745 745 1934
3908 4 0 1272 1269 1269 762
3909 4 0 292 747 747 1934
3910 4 0 292 36 36 1934
3911 4 0 1866 333 333 1863
3912 4 0 218 953 953 1916
3913 4 0 541 1204 1204 954
3914 4 0 887 333 333 552
3915 4 0 168 130 130 661
3916 4 0 736 744 744 953
3917 4 0 151 1927 1927 848
3918 4 0 1959 602 602 219
3919 4 0 178 744 744 736
3920 4 0 501 673 673 1338
3921 4 0 263 831 831 11
3922 4 0 1934 1337 1337 1087
3923 4 0 735 342 342 223
3924 4 0 1338 1184 1184 1143
3925 4 0 661 1934 1934 1935
3926 4 0 552 1086 1086 1087
3927 4 0 35 914 914 1087
3928 4 0 371 130 130 932
3929 4 0 932 320 320 373
3930 4 0 266 720 720 1014
3931 4 0 735 726 726 1704
3932 4 0 342 659 659 1704
3933 4 0 912 360 360 848
3934 4 0 1906 1217 1217 686
3935 4 0 135 1225 1225 1252
3936 4 0 952 736 736 953
3937 4 0 1935 1322 1322 953
3938 4 0 661 371 371 1935
3939 4 0 1087 914 914 953
3940 4 0 553 887 887 1863
3941 4 0 1246 1034 1034 1036
3942 4 0 1017 598 598 729
3943 4 0 659 1721 1721 1704
3944 4 0 911 1016 1016 223
3945 4 0 937 832 832 1930
3946 4 0 1916 1149 1149 1847
3947 4 0 736 952 952 1267
3948 4 0 1149 218 218 953
3949 4 0 1704 428 428 662
3950 4 0 943 941 941 124
3951 4 0 128 370 370 932
3952 4 0 726 428 428 1704
3953 4 0 726 188 188 1704
3954 4 0 244 330 330 491
3955 4 0 186 553 553 1863
3956 4 0 553 1926 1926 223
3957 4 0 954 952 952 1267
3958 4 0 1926 552 552 659
3959 4 0 552 914 914 659
3960 4 0 660 1721 1721 659
3961 4 0 1044 1045 1045 1047
3962 4 0 1204 777 777 954
3963 4 0 777 954 954 1847
3964 4 0 414 995 995 1144
3965 4 0 862 777 777 954
3966 4 0 1203 158 158 160
3967 4 0 1732 66 66 67
3968 4 0 320 1149 1149 1847
3969 4 0 1281 1276 1276 1929
3970 4 0 954 1204 1204 1267
3971 4 0 218 1149 1149 1916
3972 4 0 1032 130 130 371
3973 4 0 168 176 176 661
3974 4 0 660 176 176 661
3975 4 0 999 176 176 661
3976 4 0 659 660 660 661
3977 4 0 1554 1816 1816 1146
3978 4 0 218 1322 1322 953
3979 4 0 1184 1396 1396 1145
3980 4 0 416 1874 1874 883
3981 4 0 603 1032 1032 371
3982 4 0 1207 1032 1032 371
3983 4 0 676 1032 1032 371
3984 4 0 659 726 726 736
3985 4 0 1149 1916 1916 1847
3986 4 0 169 744 744 661
3987 4 0 363 1122 1122 1040
3988 4 0 169 176 176 661
3989 4 0 92 953 953 1916
3990 4 0 726 175 175 736
3991 4 0 914 660 660 661
3992 4 0 1283 1731 1731 1100
3993 4 0 736 541 541 954
3994 4 0 1057 1147 1147 346
3995 4 0 954 953 953 1267
3996 4 0 952 1086 1086 1267
3997 4 0 1087 1337 1337 92
3998 4 0 1087 1935 1935 92
3999 4 0 911 601 601 1017
4000 4 0 1864 342 342 223
4001 4 0 1181 685 685 1110
4002 4 0 904 1951 1951 905
4003 4 0 1337 1935 1935 219
4004 4 0 1184 1338 1338 1143
4005 4 0 219 1935 1935 220
4006 4 0 158 125 125 1424
4007 4 0 125 897 897 90
4008 4 0 157 846 846 1424
4009 4 0 661 952 952 736
4010 4 0 178 1204 1204 736
4011 4 0 178 541 541 736
4012 4 0 1478 1970 1970 1477
4013 4 0 1369 217 217 1322
4014 4 0 943 220 220 93
4015 4 0 462 396 396 1369
4016 4 0 157 1203 1203 941
4017 4 0 220 1678 1678 93
4018 4 0 953 1267 1267 1847
4019 4 0 1926 552 552 896
4020 4 0 221 736 736 223
4021 4 0 222 1864 1864 1089
4022 4 0 1916 1267 1267 1847
4023 4 0 346 220 220 1068
4024 4 0 673 396 396 218
4025 4 0 396 673 673 218
4026 4 0 396 463 463 932
4027 4 0 331 170 170 932
4028 4 0 463 170 170 932
4029 4 0 347 668 668 1971
4030 4 0 1217 1263 1263 231
4031 4 0 130 661 661 932
4032 4 0 661 893 893 932
4033 4 0 1731 1598 1598 1733
4034 4 0 371 1207 1207 1322
4035 4 0 1949 880 880 1972
4036 4 0 371 676 676 1322
4037 4 0 219 603 603 1322
4038 4 0 893 320 320 932
4039 4 0 219 1207 1207 1322
4040 4 0 661 744 744 932
4041 4 0 372 676 676 1322
4042 4 0 373 372 372 1322
4043 4 0 1693 1626 1626 838
4044 4 0 744 953 953 954
4045 4 0 1935 371 371 1322
4046 4 0 25 64 64 27
4047 4 0 1098 384 384 1411
4048 4 0 1920 64 64 27
4049 4 0 1369 932 932 373
4050 4 0 1369 396 396 373
4051 4 0 771 778 778 1101
4052 4 0 1601 1732 1732 1733
4053 4 0 1322 675 675 1094
4054 4 0 1635 219 219 1404
4055 4 0 219 1635 1635 1404
4056 4 0 1632 1732 1732 1733
4057 4 0 1634 1164 1164 1404
4058 4 0 373 218 218 1322
4059 4 0 217 1369 1369 1322
4060 4 0 218 1935 1935 1322
4061 4 0 218 219 219 1322
4062 4 0 219 1370 1370 1322
4063 4 0 1906 686 686 689
4064 4 0 661 176 176 736
4065 4 0 932 373 373 953
4066 4 0 744 932 932 953
4067 4 0 932 744 744 953
4068 4 0 320 373 373 953
4069 4 0 320 932 932 953
4070 4 0 893 744 744 953
4071 4 0 1322 371 371 953
4072 4 0 373 371 371 953
4073 4 0 371 1322 1322 953
4074 4 0 371 1935 1935 953
4075 4 0 1916 953 953 1847
4076 4 0 862 1847 1847 897
4077 4 0 777 1149 1149 1847
4078 4 0 1267 862 862 1847
4079 4 0 953 92 92 1267
4080 4 0 953 1087 1087 1267
4081 4 0 1916 1935 1935 1678
4082 4 0 1883 244 244 1929
4083 4 0 954 1149 1149 1916
4084 4 0 954 320 320 1916
4085 4 0 953 320 320 1916
4086 4 0 1403 1401 1401 1332
4087 4 0 1144 499 499 1146
4088 4 0 1883 680 680 1929
4089 4 0 1267 1916 1916 1678
4090 4 0 360 1219 1219 686
4091 4 0 1866 937 937 1863
4092 4 0 1267 552 552 1090
4093 4 0 897 1090 1090 896
4094 4 0 1090 897 897 896
4095 4 0 1261 1262 1262 883
4096 4 0 942 943 943 1106
4097 4 0 1924 1958 1958 1179
4098 4 0 1317 1035 1035 1033
4099 4 0 1225 1103 1103 1077
4100 4 0 732 266 266 86
4101 4 0 1241 265 265 86
4102 4 0 1167 721 721 201
4103 4 0 1678 1916 1916 897
4104 4 0 1916 1678 1678 897
4105 4 0 1267 1847 1847 897
4106 4 0 1678 92 92 897
4107 4 0 1086 1267 1267 897
4108 4 0 1267 92 92 897
4109 4 0 92 1086 1086 897
4110 4 0 1926 221 221 1090
4111 4 0 1267 897 897 896
4112 4 0 898 897 897 1090
4113 4 0 90 1121 1121 1928
4114 4 0 221 898 898 1090
4115 4 0 1883 557 557 1929
4116 4 0 239 852 852 1048
4117 4 0 408 1016 1016 222
4118 4 0 1016 408 408 222
4119 4 0 1214 716 716 241
4120 4 0 1692 186 186 1863
4121 4 0 221 1864 1864 1089
4122 4 0 552 1086 1086 896
4123 4 0 1090 552 552 896
4124 4 0 1704 870 870 662
4125 4 0 1692 937 937 1863
4126 4 0 1191 609 609 558
4127 4 0 870 189 189 662
4128 4 0 870 188 188 662
4129 4 0 552 1090 1090 896
4130 4 0 1178 912 912 686
4131 4 0 186 728 728 1692
4132 4 0 1236 1089 1089 1091
4133 4 0 896 1091 1091 688
4134 4 0 345 10 10 389
4135 4 0 1089 1091 1091 688
4136 4 0 1866 887 887 1236
4137 4 0 1121 90 90 1928
4138 4 0 340 716 716 491
4139 4 0 1219 1029 1029 1274
4140 4 0 362 1893 1893 363
4141 4 0 1927 1074 1074 851
4142 4 0 175 1016 1016 223
4143 4 0 911 342 342 223
4144 4 0 911 1864 1864 223
4145 4 0 214 1204 1204 223
4146 4 0 1275 1225 1225 1881
4147 4 0 1704 1721 1721 662
4148 4 0 189 870 870 662
4149 4 0 1704 551 551 662
4150 4 0 1721 551 551 662
4151 4 0 551 189 189 662
4152 4 0 189 1721 1721 662
4153 4 0 553 342 342 223
4154 4 0 659 553 553 223
4155 4 0 1704 1926 1926 662
4156 4 0 1704 552 552 662
4157 4 0 1091 1090 1090 1863
4158 4 0 887 553 553 1863
4159 4 0 408 244 244 491
4160 4 0 1090 1091 1091 1863
4161 4 0 1864 1692 1692 1017
4162 4 0 834 1018 1018 491
4163 4 0 600 1923 1923 729
4164 4 0 729 1018 1018 833
4165 4 0 245 338 338 339
4166 4 0 728 1692 1692 832
4167 4 0 937 186 186 832
4168 4 0 896 897 897 688
4169 4 0 850 1927 1927 849
4170 4 0 717 716 716 340
4171 4 0 717 834 834 491
4172 4 0 729 186 186 832
4173 4 0 1923 246 246 491
4174 4 0 1018 245 245 491
4175 4 0 330 1018 1018 491
4176 4 0 246 1923 1923 491
4177 4 0 244 408 408 491
4178 4 0 598 186 186 729
4179 4 0 849 716 716 717
4180 4 0 1015 600 600 1923
4181 4 0 1017 600 600 1018
4182 4 0 553 186 186 1863
4183 4 0 342 188 188 1863
4184 4 0 553 188 188 1863
4185 4 0 553 342 342 1863
4186 4 0 1692 598 598 1863
4187 4 0 186 598 598 1863
4188 4 0 598 1692 1692 1863
4189 4 0 342 598 598 1863
4190 4 0 736 175 175 223
4191 4 0 736 735 735 223
4192 4 0 736 659 659 223
4193 4 0 1267 221 221 223
4194 4 0 736 221 221 223
4195 4 0 1267 1926 1926 223
4196 4 0 221 1090 1090 223
4197 4 0 1090 221 221 223
4198 4 0 339 833 833 832
4199 4 0 1923 245 245 338
4200 4 0 1001 237 237 629
4201 4 0 717 340 340 491
4202 4 0 1210 897 897 125
4203 4 0 1017 1015 1015 1018
4204 4 0 408 1015 1015 1018
4205 4 0 1015 328 328 1018
4206 4 0 246 330 330 1018
4207 4 0 329 1015 1015 1018
4208 4 0 1015 329 329 1018
4209 4 0 329 246 246 1018
4210 4 0 1884 244 244 491
4211 4 0 832 1930 1930 834
4212 4 0 598 729 729 833
4213 4 0 1863 1692 1692 833
4214 4 0 1017 1692 1692 833
4215 4 0 729 598 598 833
4216 4 0 1017 408 408 833
4217 4 0 1692 728 728 729
4218 4 0 360 1214 1214 851
4219 4 0 694 937 937 1930
4220 4 0 1019 1318 1318 1235
4221 4 0 1018 408 408 833
4222 4 0 338 1018 1018 833
4223 4 0 1927 151 151 1930
4224 4 0 716 1927 1927 1930
4225 4 0 717 1018 1018 834
4226 4 0 832 937 937 1930
4227 4 0 729 728 728 832
4228 4 0 1214 239 239 241
4229 4 0 833 729 729 339
4230 4 0 338 717 717 340
4231 4 0 1923 729 729 339
4232 4 0 338 1018 1018 339
4233 4 0 729 1018 1018 339
4234 4 0 729 1923 1923 339
4235 4 0 720 721 721 201
4236 4 0 125 158 158 1053
4237 4 0 1974 1199 1199 1855
4238 4 0 240 239 239 241
4239 4 0 694 693 693 832
4240 4 0 694 186 186 832
4241 4 0 263 1964 1964 1971
4242 4 0 490 1884 1884 1048
4243 4 0 1927 1866 1866 1930
4244 4 0 39 37 37 1039
4245 4 0 339 1930 1930 834
4246 4 0 490 1020 1020 1975
4247 4 0 1075 1028 1028 1076
4248 4 0 892 38 38 269
4249 4 0 848 152 152 851
4250 4 0 848 1219 1219 688
4251 4 0 1154 138 138 1073
4252 4 0 1866 1863 1863 834
4253 4 0 242 1020 1020 853
4254 4 0 1045 800 800 629
4255 4 0 833 1864 1864 834
4256 4 0 833 408 408 834
4257 4 0 996 1855 1855 1046
4258 4 0 1089 1864 1864 834
4259 4 0 1018 833 833 834
4260 4 0 1091 1864 1864 834
4261 4 0 1091 1089 1089 834
4262 4 0 1930 717 717 834
4263 4 0 1930 832 832 834
4264 4 0 832 1692 1692 834
4265 4 0 1692 833 833 834
4266 4 0 1863 1866 1866 834
4267 4 0 850 717 717 834
4268 4 0 1930 1866 1866 834
4269 4 0 717 850 850 834
4270 4 0 849 850 850 834
4271 4 0 913 152 152 851
4272 4 0 1263 231 231 233
4273 4 0 343 1316 1316 1234
4274 4 0 1077 1197 1197 1855
4275 4 0 716 717 717 834
4276 4 0 849 1089 1089 834
4277 4 0 1089 849 849 834
4278 4 0 607 490 490 491
4279 4 0 607 245 245 491
4280 4 0 490 607 607 491
4281 4 0 834 408 408 491
4282 4 0 834 1089 1089 491
4283 4 0 136 900 900 1179
4284 4 0 1884 1089 1089 491
4285 4 0 1882 730 730 1020
4286 4 0 1018 330 330 491
4287 4 0 733 1156 1156 1223
4288 4 0 158 1203 1203 157
4289 4 0 353 202 202 558
4290 4 0 431 777 777 500
4291 4 0 1076 1420 1420 878
4292 4 0 239 607 607 240
4293 4 0 718 1006 1006 916
4294 4 0 897 125 125 1850
4295 4 0 896 887 887 688
4296 4 0 362 112 112 1928
4297 4 0 138 241 241 1073
4298 4 0 852 1048 1048 1214
4299 4 0 848 1927 1927 851
4300 4 0 109 150 150 152
4301 4 0 1214 241 241 899
4302 4 0 716 241 241 899
4303 4 0 1219 849 849 851
4304 4 0 1217 231 231 233
4305 4 0 360 1219 1219 851
4306 4 0 1048 716 716 1214
4307 4 0 1048 1089 1089 1214
4308 4 0 716 1089 1089 1214
4309 4 0 242 241 241 853
4310 4 0 1882 245 245 1975
4311 4 0 1219 1089 1089 688
4312 4 0 1241 266 266 86
4313 4 0 1038 1218 1218 901
4314 4 0 152 913 913 851
4315 4 0 896 1086 1086 688
4316 4 0 1925 244 244 1929
4317 4 0 1632 1732 1732 65
4318 4 0 912 1236 1236 112
4319 4 0 1924 359 359 1179
4320 4 0 876 1178 1178 1077
4321 4 0 1122 757 757 1040
4322 4 0 240 242 242 1975
4323 4 0 568 1857 1857 432
4324 4 0 1906 1217 1217 1854
4325 4 0 1216 1034 1034 1036
4326 4 0 1033 1216 1216 1036
4327 4 0 137 138 138 1154
4328 4 0 1317 1034 1034 1033
4329 4 0 138 137 137 1154
4330 4 0 137 1156 1156 1154
4331 4 0 137 1155 1155 1154
4332 4 0 686 1219 1219 689
4333 4 0 1269 1976 1976 762
4334 4 0 1246 201 201 1036
4335 4 0 848 913 913 112
4336 4 0 270 1038 1038 38
4337 4 0 220 1164 1164 1068
4338 4 0 241 138 138 1073
4339 4 0 1154 136 136 1073
4340 4 0 899 138 138 1073
4341 4 0 1074 900 900 851
4342 4 0 1154 1155 1155 1073
4343 4 0 1284 1857 1857 1285
4344 4 0 409 1191 1191 558
4345 4 0 1020 1883 1883 853
4346 4 0 346 347 347 1537
4347 4 0 602 1943 1943 1917
4348 4 0 1893 1969 1969 1933
4349 4 0 138 135 135 361
4350 4 0 345 668 668 344
4351 4 0 360 1924 1924 912
4352 4 0 136 361 361 1179
4353 4 0 1214 135 135 360
4354 4 0 359 1028 1028 360
4355 4 0 721 1263 1263 1271
4356 4 0 1064 1318 1318 1235
4357 4 0 137 1155 1155 359
4358 4 0 136 137 137 359
4359 4 0 136 1155 1155 359
4360 4 0 401 775 775 255
4361 4 0 1217 1263 1263 1854
4362 4 0 1317 1318 1318 878
4363 4 0 1977 1961 1961 1330
4364 4 0 268 267 267 732
4365 4 0 760 1976 1976 762
4366 4 0 689 898 898 557
4367 4 0 1316 1318 1318 878
4368 4 0 1168 1182 1182 201
4369 4 0 851 913 913 361
4370 4 0 1678 1935 1935 220
4371 4 0 1073 241 241 853
4372 4 0 759 1883 1883 762
4373 4 0 680 759 759 1929
4374 4 0 1678 1338 1338 220
4375 4 0 1029 1219 1219 1274
4376 4 0 1077 1855 1855 1044
4377 4 0 1178 876 876 1077
4378 4 0 1076 1028 1028 1077
4379 4 0 1958 136 136 901
4380 4 0 244 680 680 1929
4381 4 0 899 135 135 360
4382 4 0 1847 897 897 1210
4383 4 0 1678 90 90 93
4384 4 0 1499 874 874 1500
4385 4 0 1028 360 360 1178
4386 4 0 1178 1217 1217 1867
4387 4 0 1122 1005 1005 229
4388 4 0 1178 360 360 1924
4389 4 0 1040 1867 1867 1222
4390 4 0 231 845 845 256
4391 4 0 878 1075 1075 876
4392 4 0 1198 1854 1854 1855
4393 4 0 266 585 585 86
4394 4 0 900 136 136 361
4395 4 0 136 138 138 361
4396 4 0 1246 1167 1167 201
4397 4 0 1216 1246 1246 201
4398 4 0 1119 255 255 257
4399 4 0 361 136 136 1179
4400 4 0 1058 943 943 1106
4401 4 0 269 401 401 399
4402 4 0 500 501 501 461
4403 4 0 126 1850 1850 1203
4404 4 0 345 1931 1931 346
4405 4 0 1931 1147 1147 346
4406 4 0 1105 1319 1319 492
4407 4 0 125 1424 1424 124
4408 4 0 1147 921 921 346
4409 4 0 941 126 126 124
4410 4 0 34 35 35 285
4411 4 0 1978 1177 1177 1623
4412 4 0 1980 1381 1381 1125
4413 4 0 849 1927 1927 1074
4414 4 0 687 1906 1906 686
4415 4 0 688 897 897 1928
4416 4 0 898 862 862 1210
4417 4 0 849 1236 1236 848
4418 4 0 848 360 360 851
4419 4 0 1979 921 921 1971
4420 4 0 1930 340 340 1074
4421 4 0 1866 850 850 848
4422 4 0 1867 1906 1906 687
4423 4 0 1109 775 775 1019
4424 4 0 1236 1089 1089 848
4425 4 0 1219 1089 1089 848
4426 4 0 849 1089 1089 848
4427 4 0 1219 848 848 688
4428 4 0 1928 531 531 1122
4429 4 0 1158 1064 1064 1063
4430 4 0 501 1678 1678 1850
4431 4 0 897 1847 1847 1850
4432 4 0 90 1086 1086 1928
4433 4 0 285 284 284 362
4434 4 0 687 912 912 362
4435 4 0 35 363 363 1928
4436 4 0 90 1148 1148 1928
4437 4 0 1178 1217 1217 686
4438 4 0 1028 1217 1217 686
4439 4 0 1073 135 135 853
4440 4 0 1865 852 852 853
4441 4 0 1045 431 431 1047
4442 4 0 540 1287 1287 1929
4443 4 0 540 1250 1250 1929
4444 4 0 540 1276 1276 1929
4445 4 0 1091 1089 1089 689
4446 4 0 1091 688 688 689
4447 4 0 898 688 688 689
4448 4 0 1090 1091 1091 689
4449 4 0 1090 898 898 689
4450 4 0 1090 222 222 689
4451 4 0 688 686 686 689
4452 4 0 1875 995 995 992
4453 4 0 1969 285 285 1122
4454 4 0 757 285 285 1122
4455 4 0 126 90 90 93
4456 4 0 10 1082 1082 12
4457 4 0 157 1058 1058 1202
4458 4 0 346 1202 1202 1068
4459 4 0 494 1982 1982 860
4460 4 0 1572 1606 1606 1117
4461 4 0 1119 254 254 255
4462 4 0 845 1202 1202 1424
4463 4 0 689 687 687 125
4464 4 0 1906 898 898 125
4465 4 0 851 900 900 361
4466 4 0 157 126 126 124
4467 4 0 1106 1058 1058 58
4468 4 0 1850 1678 1678 126
4469 4 0 125 1850 1850 126
4470 4 0 125 897 897 126
4471 4 0 244 1276 1276 1929
4472 4 0 362 35 35 363
4473 4 0 1338 941 941 220
4474 4 0 57 921 921 1185
4475 4 0 1110 682 682 1306
4476 4 0 220 219 219 1068
4477 4 0 854 797 797 798
4478 4 0 1983 1984 1984 1985
4479 4 0 1202 1057 1057 1424
4480 4 0 1202 1147 1147 845
4481 4 0 1554 319 319 1146
4482 4 0 257 1109 1109 1110
4483 4 0 1156 267 267 265
4484 4 0 157 527 527 160
4485 4 0 1198 1199 1199 1200
4486 4 0 719 602 602 831
4487 4 0 58 157 157 845
4488 4 0 58 1202 1202 845
4489 4 0 91 943 943 124
4490 4 0 1149 673 673 500
4491 4 0 1167 1246 1246 201
4492 4 0 1224 1156 1156 1252
4493 4 0 1422 1421 1421 1241
4494 4 0 1047 556 556 500
4495 4 0 898 1053 1053 1047
4496 4 0 1263 158 158 1424
4497 4 0 1203 501 501 941
4498 4 0 942 501 501 941
4499 4 0 126 501 501 941
4500 4 0 921 57 57 1185
4501 4 0 285 150 150 1933
4502 4 0 1401 1859 1859 1445
4503 4 0 845 921 921 256
4504 4 0 1124 1123 1123 1125
4505 4 0 1614 1257 1257 1625
4506 4 0 1144 673 673 1146
4507 4 0 236 1045 1045 1256
4508 4 0 719 718 718 1004
4509 4 0 1106 1057 1057 1202
4510 4 0 1040 1969 1969 1933
4511 4 0 941 157 157 124
4512 4 0 1068 58 58 60
4513 4 0 1202 921 921 845
4514 4 0 1973 267 267 876
4515 4 0 344 1986 1986 57
4516 4 0 942 1338 1338 941
4517 4 0 1678 501 501 941
4518 4 0 124 1148 1148 1102
4519 4 0 1120 1057 1057 346
4520 4 0 845 1057 1057 1424
4521 4 0 126 1678 1678 90
4522 4 0 266 732 732 86
4523 4 0 1560 1708 1708 1259
4524 4 0 1404 1732 1732 1731
4525 4 0 66 1732 1732 67
4526 4 0 1799 171 171 297
4527 4 0 1369 1554 1554 1143
4528 4 0 1145 1143 1143 1146
4529 4 0 1369 462 462 1143
4530 4 0 416 280 280 1437
4531 4 0 382 1243 1243 384
4532 4 0 414 1396 1396 649
4533 4 0 1554 1920 1920 1143
4534 4 0 1554 1369 1369 1143
4535 4 0 218 673 673 1143
4536 4 0 218 1369 1369 1143
4537 4 0 1338 673 673 1143
4538 4 0 1049 1386 1386 1553
4539 4 0 1203 501 501 1143
4540 4 0 447 131 131 1292
4541 4 0 502 673 673 1144
4542 4 0 1146 1145 1145 1874
4543 4 0 218 1149 1149 1143
4544 4 0 673 502 502 1144
4545 4 0 1338 1149 1149 1143
4546 4 0 1338 218 218 1143
4547 4 0 1338 218 218 220
4548 4 0 1184 219 219 220
4549 4 0 1184 942 942 220
4550 4 0 219 1184 1184 220
4551 4 0 390 1205 1205 389
4552 4 0 217 1338 1338 220
4553 4 0 942 1184 1184 220
4554 4 0 719 604 604 1067
4555 4 0 719 1337 1337 1067
4556 4 0 1935 219 219 220
4557 4 0 92 1935 1935 220
4558 4 0 943 1106 1106 220
4559 4 0 1060 159 159 1271
4560 4 0 943 124 124 93
4561 4 0 220 92 92 93
4562 4 0 1058 1203 1203 58
4563 4 0 157 1203 1203 58
4564 4 0 157 160 160 58
4565 4 0 1058 1202 1202 58
4566 4 0 943 91 91 93
4567 4 0 527 160 160 58
4568 4 0 1987 1123 1123 1188
4569 4 0 346 921 921 344
4570 4 0 347 263 263 1964
4571 4 0 88 1248 1248 1315
4572 4 0 1546 699 699 861
4573 4 0 921 845 845 59
4574 4 0 1202 845 845 59
4575 4 0 58 921 921 59
4576 4 0 845 254 254 59
4577 4 0 845 527 527 59
4578 4 0 1064 198 198 1216
4579 4 0 401 1147 1147 402
4580 4 0 1103 1075 1075 1077
4581 4 0 527 254 254 846
4582 4 0 200 201 201 1241
4583 4 0 91 1337 1337 93
4584 4 0 91 604 604 1067
4585 4 0 390 1082 1082 12
4586 4 0 92 897 897 90
4587 4 0 1147 1931 1931 346
4588 4 0 1057 1202 1202 346
4589 4 0 846 254 254 231
4590 4 0 1424 158 158 231
4591 4 0 1424 1906 1906 231
4592 4 0 1110 1118 1118 1167
4593 4 0 125 687 687 1121
4594 4 0 345 921 921 346
4595 4 0 158 1424 1424 231
4596 4 0 584 720 720 1014
4597 4 0 1060 1166 1166 1168
4598 4 0 40 345 345 402
4599 4 0 1274 1028 1028 1881
4600 4 0 1192 1193 1193 1065
4601 4 0 1086 897 897 90
4602 4 0 92 1337 1337 93
4603 4 0 1057 1424 1424 1148
4604 4 0 1424 1057 1057 1148
4605 4 0 1057 1058 1058 1148
4606 4 0 757 33 33 1122
4607 4 0 1969 363 363 1122
4608 4 0 125 1121 1121 90
4609 4 0 90 1148 1148 1102
4610 4 0 1337 1005 1005 1067
4611 4 0 1678 897 897 90
4612 4 0 1931 1040 1040 1201
4613 4 0 1148 1121 1121 124
4614 4 0 1148 1424 1424 124
4615 4 0 1424 125 125 124
4616 4 0 220 1337 1337 93
4617 4 0 941 1678 1678 93
4618 4 0 126 124 124 93
4619 4 0 90 1678 1678 93
4620 4 0 1928 33 33 1122
4621 4 0 363 687 687 1122
4622 4 0 125 688 688 1928
4623 4 0 1067 1120 1120 1122
4624 4 0 757 531 531 1122
4625 4 0 1928 363 363 1122
4626 4 0 1239 494 494 492
4627 4 0 718 292 292 916
4628 4 0 1931 1057 1057 346
4629 4 0 362 688 688 1928
4630 4 0 232 231 231 1201
4631 4 0 92 1337 1337 1067
4632 4 0 91 92 92 1067
4633 4 0 91 1337 1337 1067
4634 4 0 1173 1037 1037 270
4635 4 0 38 39 39 271
4636 4 0 1337 531 531 1067
4637 4 0 1235 1318 1318 1216
4638 4 0 1185 57 57 1520
4639 4 0 1906 687 687 1037
4640 4 0 1067 604 604 1004
4641 4 0 1521 1552 1552 1124
4642 4 0 1005 604 604 1004
4643 4 0 1005 718 718 1006
4644 4 0 290 859 859 916
4645 4 0 1088 323 323 285
4646 4 0 58 1106 1106 1068
4647 4 0 1006 1005 1005 345
4648 4 0 1073 899 899 1074
4649 4 0 757 1040 1040 229
4650 4 0 1121 1928 1928 1122
4651 4 0 1037 1931 1931 1040
4652 4 0 1040 1201 1201 229
4653 4 0 284 1969 1969 1893
4654 4 0 285 35 35 363
4655 4 0 1867 1217 1217 1037
4656 4 0 1185 1069 1069 1307
4657 4 0 1148 1102 1102 1120
4658 4 0 1928 362 362 1122
4659 4 0 1102 1148 1148 1120
4660 4 0 1148 1121 1121 1120
4661 4 0 345 1120 1120 346
4662 4 0 1988 1970 1970 1961
4663 4 0 1147 668 668 345
4664 4 0 1989 1557 1557 1970
4665 4 0 1121 1424 1424 1931
4666 4 0 1057 1424 1424 1931
4667 4 0 845 1147 1147 1931
4668 4 0 1424 846 846 1931
4669 4 0 846 1147 1147 1931
4670 4 0 1893 363 363 1933
4671 4 0 1040 228 228 1933
4672 4 0 343 1039 1039 271
4673 4 0 346 91 91 1068
4674 4 0 1557 1970 1970 385
4675 4 0 1120 1121 1121 1931
4676 4 0 1120 1102 1102 346
4677 4 0 604 1004 1004 346
4678 4 0 1102 91 91 346
4679 4 0 668 345 345 10
4680 4 0 293 9 9 1542
4681 4 0 1102 1057 1057 346
4682 4 0 91 1057 1057 346
4683 4 0 1557 262 262 1172
4684 4 0 935 1943 1943 905
4685 4 0 345 1067 1067 346
4686 4 0 345 1005 1005 346
4687 4 0 1004 1005 1005 346
4688 4 0 344 1202 1202 1068
4689 4 0 604 219 219 1068
4690 4 0 1065 1239 1239 1546
4691 4 0 1979 667 667 1177
4692 4 0 1571 375 375 1070
4693 4 0 1698 1880 1880 1260
4694 4 0 1990 1137 1137 1361
4695 4 0 1992 493 493 495
4696 4 0 255 230 230 1019
4697 4 0 1575 1994 1994 1576
4698 4 0 1187 57 57 1185
4699 4 0 34 33 33 285
4700 4 0 1171 917 917 920
4701 4 0 386 921 921 1971
4702 4 0 1684 1363 1363 1457
4703 4 0 10 345 345 389
4704 4 0 1964 1979 1979 1971
4705 4 0 386 1979 1979 1971
4706 4 0 344 668 668 347
4707 4 0 1143 217 217 1343
4708 4 0 1068 604 604 1537
4709 4 0 1068 346 346 1537
4710 4 0 698 696 696 699
4711 4 0 1082 167 167 12
4712 4 0 1004 604 604 831
4713 4 0 390 859 859 916
4714 4 0 1995 388 388 1996
4715 4 0 1661 1152 1152 975
4716 4 0 976 375 375 1571
4717 4 0 1068 1959 1959 1537
4718 4 0 1330 1082 1082 1083
4719 4 0 9 263 263 1171
4720 4 0 1329 1330 1330 1083
4721 4 0 1330 1328 1328 1083
4722 4 0 1999 1955 1955 1083
4723 4 0 1088 718 718 756
4724 4 0 546 424 424 1567
4725 4 0 402 1187 1187 1177
4726 4 0 668 666 666 10
4727 4 0 39 37 37 40
4728 4 0 666 668 668 10
4729 4 0 1171 1995 1995 1634
4730 4 0 1205 1161 1161 389
4731 4 0 264 262 262 1557
4732 4 0 918 1327 1327 917
4733 4 0 376 976 976 377
4734 4 0 293 822 822 9
4735 4 0 290 293 293 916
4736 4 0 668 263 263 10
4737 4 0 2000 357 357 383
4738 4 0 1872 1403 1403 1401
4739 4 0 718 1004 1004 916
4740 4 0 345 1004 1004 389
4741 4 0 1970 385 385 1961
4742 4 0 1084 880 880 191
4743 4 0 1174 376 376 374
4744 4 0 1964 264 264 262
4745 4 0 1161 390 390 389
4746 4 0 1964 263 263 262
4747 4 0 1948 1097 1097 975
4748 4 0 1964 1961 1961 1939
4749 4 0 2001 1441 1441 1707
4750 4 0 915 293 293 12
4751 4 0 1176 2002 2002 1177
4752 4 0 1175 698 698 1105
4753 4 0 682 1109 1109 1520
4754 4 0 37 232 232 401
4755 4 0 667 1557 1557 666
4756 4 0 262 668 668 666
4757 4 0 1185 256 256 1520
4758 4 0 389 347 347 11
4759 4 0 347 1004 1004 389
4760 4 0 167 293 293 916
4761 4 0 389 263 263 11
4762 4 0 390 915 915 12
4763 4 0 263 389 389 11
4764 4 0 264 262 262 666
4765 4 0 10 9 9 11
4766 4 0 39 1037 1037 1039
4767 4 0 262 1557 1557 666
4768 4 0 241 606 606 1074
4769 4 0 241 716 716 1074
4770 4 0 34 844 844 285
4771 4 0 1006 1205 1205 756
4772 4 0 668 345 345 402
4773 4 0 1960 1977 1977 1961
4774 4 0 263 264 264 10
4775 4 0 264 1082 1082 10
4776 4 0 666 1556 1556 10
4777 4 0 264 1556 1556 10
4778 4 0 263 9 9 11
4779 4 0 1969 1893 1893 363
4780 4 0 844 111 111 150
4781 4 0 1179 1178 1178 1076
4782 4 0 1153 1188 1188 1070
4783 4 0 347 345 345 389
4784 4 0 167 859 859 390
4785 4 0 1086 897 897 1928
4786 4 0 756 757 757 285
4787 4 0 1005 345 345 229
4788 4 0 228 757 757 1933
4789 4 0 1037 1222 1222 233
4790 4 0 40 39 39 229
4791 4 0 975 1997 1997 1572
4792 4 0 125 897 897 1928
4793 4 0 831 9 9 11
4794 4 0 290 167 167 916
4795 4 0 1004 389 389 11
4796 4 0 11 293 293 916
4797 4 0 831 293 293 916
4798 4 0 11 831 831 916
4799 4 0 831 719 719 916
4800 4 0 389 11 11 916
4801 4 0 389 1004 1004 916
4802 4 0 390 11 11 916
4803 4 0 389 1006 1006 916
4804 4 0 915 11 11 916
4805 4 0 293 12 12 916
4806 4 0 12 11 11 916
4807 4 0 12 293 293 916
4808 4 0 11 12 12 916
4809 4 0 11 9 9 916
4810 4 0 916 859 859 756
4811 4 0 916 1006 1006 756
4812 4 0 859 916 916 756
4813 4 0 390 1088 1088 756
4814 4 0 231 1906 1906 1037
4815 4 0 1040 1931 1931 229
4816 4 0 1037 687 687 1040
4817 4 0 687 1037 1037 1040
4818 4 0 687 1122 1122 1040
4819 4 0 1214 899 899 1074
4820 4 0 37 1147 1147 40
4821 4 0 913 1893 1893 1933
4822 4 0 1074 151 151 851
4823 4 0 1893 150 150 1933
4824 4 0 1147 1931 1931 1201
4825 4 0 231 1147 1147 1201
4826 4 0 846 1931 1931 1201
4827 4 0 231 846 846 1201
4828 4 0 1201 37 37 1039
4829 4 0 1038 39 39 271
4830 4 0 1120 1067 1067 1928
4831 4 0 151 1930 1930 1074
4832 4 0 756 1205 1205 285
4833 4 0 363 35 35 1928
4834 4 0 111 109 109 150
4835 4 0 340 1930 1930 1074
4836 4 0 363 1893 1893 1933
4837 4 0 913 1040 1040 1933
4838 4 0 1932 913 913 1933
4839 4 0 900 152 152 1933
4840 4 0 1893 152 152 1933
4841 4 0 899 1214 1214 1074
4842 4 0 1214 849 849 1074
4843 4 0 1906 1424 1424 1037
4844 4 0 1222 1037 1037 1173
4845 4 0 110 111 111 112
4846 4 0 848 1236 1236 112
4847 4 0 848 152 152 112
4848 4 0 1201 230 230 255
4849 4 0 152 151 151 1074
4850 4 0 150 152 152 1074
4851 4 0 151 152 152 1074
4852 4 0 151 150 150 1074
4853 4 0 1073 136 136 1074
4854 4 0 111 151 151 112
4855 4 0 848 850 850 112
4856 4 0 850 848 848 112
4857 4 0 1866 151 151 112
4858 4 0 152 111 111 112
4859 4 0 152 848 848 112
4860 4 0 152 151 151 112
4861 4 0 1122 687 687 1040
4862 4 0 285 1969 1969 363
4863 4 0 1173 1038 1038 270
4864 4 0 362 284 284 363
4865 4 0 1037 1217 1217 1201
4866 4 0 688 887 887 112
4867 4 0 35 109 109 112
4868 4 0 152 150 150 362
4869 4 0 152 1893 1893 362
4870 4 0 112 152 152 362
4871 4 0 112 109 109 362
4872 4 0 150 152 152 362
4873 4 0 150 109 109 362
4874 4 0 109 112 112 362
4875 4 0 284 109 109 362
4876 4 0 1969 757 757 1040
4877 4 0 1037 232 232 1201
4878 4 0 112 887 887 1928
4879 4 0 887 112 112 1928
4880 4 0 362 912 912 1928
4881 4 0 912 362 362 1928
4882 4 0 687 688 688 1928
4883 4 0 688 1086 1086 1928
4884 4 0 887 1086 1086 1928
4885 4 0 1067 1086 1086 1928
4886 4 0 1067 92 92 1928
4887 4 0 90 92 92 1928
4888 4 0 36 35 35 1928
4889 4 0 36 531 531 1928
4890 4 0 1067 531 531 1928
4891 4 0 1067 36 36 1928
4892 4 0 1067 1337 1337 1928
4893 4 0 1337 36 36 1928
4894 4 0 1067 1005 1005 1122
4895 4 0 531 1928 1928 1122
4896 4 0 1067 1928 1928 1122
4897 4 0 1928 1148 1148 1122
4898 4 0 1928 1121 1121 1122
4899 4 0 1121 1120 1120 1122
4900 4 0 1867 687 687 1040
4901 4 0 1103 267 267 1223
4902 4 0 851 360 360 361
4903 4 0 1037 231 231 1201
4904 4 0 1121 1931 1931 1201
4905 4 0 1037 1424 1424 1201
4906 4 0 1424 1931 1931 1201
4907 4 0 1201 232 232 1039
4908 4 0 39 1201 1201 40
4909 4 0 38 1040 1040 229
4910 4 0 266 267 267 268
4911 4 0 1222 232 232 1218
4912 4 0 359 135 135 361
4913 4 0 57 58 58 60
4914 4 0 1156 1252 1252 1282
4915 4 0 1958 1179 1179 1076
4916 4 0 1217 1867 1867 1076
4917 4 0 1924 912 912 361
4918 4 0 913 360 360 361
4919 4 0 912 1867 1867 361
4920 4 0 1867 912 912 361
4921 4 0 1222 1867 1867 1173
4922 4 0 58 1386 1386 60
4923 4 0 913 1932 1932 1933
4924 4 0 1225 1973 1973 1077
4925 4 0 1164 1386 1386 1396
4926 4 0 230 775 775 1019
4927 4 0 254 159 159 257
4928 4 0 1040 228 228 270
4929 4 0 1317 1318 1318 1235
4930 4 0 267 1356 1356 1103
4931 4 0 1179 1075 1075 1076
4932 4 0 1318 1234 1234 1235
4933 4 0 1037 1222 1222 1173
4934 4 0 1040 757 757 229
4935 4 0 1040 1932 1932 270
4936 4 0 1175 1186 1186 1105
4937 4 0 1201 1040 1040 39
4938 4 0 1854 721 721 1245
4939 4 0 271 1173 1173 901
4940 4 0 233 1218 1218 1076
4941 4 0 1958 900 900 901
4942 4 0 1973 1075 1075 1077
4943 4 0 270 38 38 892
4944 4 0 343 901 901 1316
4945 4 0 1320 1142 1142 1105
4946 4 0 38 1037 1037 39
4947 4 0 1040 913 913 1932
4948 4 0 1173 1040 1040 1932
4949 4 0 1867 1173 1173 1932
4950 4 0 1867 1222 1222 1932
4951 4 0 1173 1867 1867 1932
4952 4 0 361 1867 1867 1932
4953 4 0 900 1173 1173 1932
4954 4 0 361 913 913 1932
4955 4 0 1161 345 345 40
4956 4 0 38 1038 1038 39
4957 4 0 892 37 37 269
4958 4 0 401 232 232 269
4959 4 0 901 1155 1155 1316
4960 4 0 361 1924 1924 1958
4961 4 0 1222 1037 1037 1218
4962 4 0 158 157 157 1166
4963 4 0 269 343 343 399
4964 4 0 1201 37 37 40
4965 4 0 271 1038 1038 1218
4966 4 0 135 1155 1155 1224
4967 4 0 343 775 775 401
4968 4 0 37 343 343 269
4969 4 0 40 757 757 229
4970 4 0 1040 39 39 229
4971 4 0 1120 345 345 229
4972 4 0 39 1040 1040 229
4973 4 0 1122 1120 1120 229
4974 4 0 1164 1386 1386 60
4975 4 0 757 1005 1005 229
4976 4 0 40 228 228 229
4977 4 0 1931 40 40 229
4978 4 0 1931 1201 1201 229
4979 4 0 1120 1931 1931 229
4980 4 0 1931 1201 1201 37
4981 4 0 359 1420 1420 1179
4982 4 0 1188 698 698 1070
4983 4 0 1039 1038 1038 271
4984 4 0 846 1424 1424 1166
4985 4 0 757 1006 1006 229
4986 4 0 345 1205 1205 229
4987 4 0 40 1205 1205 229
4988 4 0 345 40 40 229
4989 4 0 345 1161 1161 229
4990 4 0 892 401 401 269
4991 4 0 401 1201 1201 255
4992 4 0 38 892 892 269
4993 4 0 1159 776 776 399
4994 4 0 1958 1867 1867 1076
4995 4 0 1039 343 343 271
4996 4 0 1353 873 873 1500
4997 4 0 232 1201 1201 1039
4998 4 0 1181 159 159 1110
4999 4 0 1188 1069 1069 1070
5000 4 0 402 668 668 1979
5001 4 0 976 975 975 1571
5002 4 0 1167 257 257 1166
5003 4 0 1158 343 343 1159
5004 4 0 232 401 401 269
5005 4 0 845 1147 1147 256
5006 4 0 37 1201 1201 401
5007 4 0 40 228 228 892
5008 4 0 270 228 228 892
5009 4 0 232 343 343 1039
5010 4 0 757 228 228 892
5011 4 0 1205 757 757 892
5012 4 0 40 270 270 892
5013 4 0 269 38 38 271
5014 4 0 270 269 269 271
5015 4 0 343 37 37 271
5016 4 0 271 232 232 1218
5017 4 0 38 270 270 271
5018 4 0 846 1147 1147 256
5019 4 0 399 1582 1582 1177
5020 4 0 256 1185 1185 1520
5021 4 0 1064 1063 1063 1160
5022 4 0 2002 1319 1319 1240
5023 4 0 1176 775 775 402
5024 4 0 1932 270 270 271
5025 4 0 1173 361 361 901
5026 4 0 361 1173 1173 901
5027 4 0 1173 1222 1222 901
5028 4 0 1179 1155 1155 878
5029 4 0 899 900 900 901
5030 4 0 136 899 899 901
5031 4 0 1033 1317 1317 878
5032 4 0 1316 1234 1234 1235
5033 4 0 199 1033 1033 1036
5034 4 0 720 1246 1246 1036
5035 4 0 1173 1932 1932 901
5036 4 0 1958 361 361 901
5037 4 0 721 201 201 584
5038 4 0 1234 1317 1317 1235
5039 4 0 401 232 232 255
5040 4 0 1239 1104 1104 860
5041 4 0 230 254 254 255
5042 4 0 775 230 230 255
5043 4 0 401 1147 1147 255
5044 4 0 1218 1222 1222 901
5045 4 0 1222 1867 1867 901
5046 4 0 1958 1867 1867 901
5047 4 0 361 1867 1867 901
5048 4 0 271 1932 1932 901
5049 4 0 271 343 343 901
5050 4 0 1037 1218 1218 233
5051 4 0 1217 232 232 233
5052 4 0 698 1142 1142 682
5053 4 0 776 343 343 230
5054 4 0 232 775 775 230
5055 4 0 232 343 343 230
5056 4 0 255 231 231 256
5057 4 0 231 1201 1201 230
5058 4 0 1147 1201 1201 256
5059 4 0 231 254 254 256
5060 4 0 255 254 254 256
5061 4 0 254 59 59 256
5062 4 0 255 1201 1201 256
5063 4 0 158 159 159 1166
5064 4 0 1185 1307 1307 1520
5065 4 0 230 254 254 257
5066 4 0 1160 492 492 1065
5067 4 0 1194 1922 1922 199
5068 4 0 698 1105 1105 697
5069 4 0 1104 1239 1239 492
5070 4 0 1187 402 402 1177
5071 4 0 1606 1572 1572 1117
5072 4 0 256 59 59 57
5073 4 0 666 400 400 1582
5074 4 0 775 1019 1019 1307
5075 4 0 57 1520 1520 60
5076 4 0 1307 1069 1069 682
5077 4 0 387 376 376 374
5078 4 0 1228 149 149 875
5079 4 0 1537 344 344 1971
5080 4 0 58 1068 1068 60
5081 4 0 58 59 59 1181
5082 4 0 494 492 492 495
5083 4 0 1547 281 281 282
5084 4 0 199 1335 1335 1216
5085 4 0 282 684 684 1050
5086 4 0 1505 683 683 1190
5087 4 0 1019 1142 1142 1065
5088 4 0 1983 2003 2003 1985
5089 4 0 901 1218 1218 1316
5090 4 0 901 1958 1958 1316
5091 4 0 892 1161 1161 402
5092 4 0 1234 1318 1318 1235
5093 4 0 1218 343 343 1316
5094 4 0 1124 1610 1610 1220
5095 4 0 1921 1335 1335 1922
5096 4 0 1239 492 492 1065
5097 4 0 1152 1948 1948 1387
5098 4 0 1922 1335 1335 199
5099 4 0 901 343 343 1316
5100 4 0 1034 776 776 1127
5101 4 0 1118 1127 1127 1167
5102 4 0 1282 2004 2004 1275
5103 4 0 1064 1160 1160 1216
5104 4 0 2005 1183 1183 1241
5105 4 0 776 1316 1316 233
5106 4 0 1263 1166 1166 1168
5107 4 0 343 1316 1316 233
5108 4 0 1218 232 232 233
5109 4 0 1316 343 343 1235
5110 4 0 1147 40 40 402
5111 4 0 776 1318 1318 1158
5112 4 0 59 256 256 257
5113 4 0 385 1970 1970 1988
5114 4 0 775 1159 1159 1063
5115 4 0 1104 493 493 492
5116 4 0 1019 1159 1159 1063
5117 4 0 1158 1318 1318 1063
5118 4 0 1158 776 776 399
5119 4 0 1019 1318 1318 1063
5120 4 0 1142 698 698 1105
5121 4 0 1661 1997 1997 975
5122 4 0 1159 1063 1063 399
5123 4 0 1158 1335 1335 495
5124 4 0 1159 1019 1019 399
5125 4 0 1019 775 775 399
5126 4 0 375 60 60 1070
5127 4 0 1019 1119 1119 1118
5128 4 0 1235 1318 1318 1158
5129 4 0 1235 776 776 1158
5130 4 0 1235 343 343 1158
5131 4 0 668 402 402 1979
5132 4 0 1019 1159 1159 399
5133 4 0 1193 198 198 1216
5134 4 0 2006 1153 1153 1221
5135 4 0 1160 1064 1064 1335
5136 4 0 1063 1160 1160 1065
5137 4 0 1980 1123 1123 1126
5138 4 0 1320 1160 1160 492
5139 4 0 1318 1064 1064 1160
5140 4 0 1981 494 494 495
5141 4 0 262 668 668 1172
5142 4 0 262 1557 1557 1172
5143 4 0 667 400 400 402
5144 4 0 1104 1319 1319 1105
5145 4 0 344 921 921 57
5146 4 0 40 668 668 402
5147 4 0 527 159 159 1166
5148 4 0 494 495 495 1921
5149 4 0 892 40 40 402
5150 4 0 1979 668 668 1172
5151 4 0 1585 1152 1152 975
5152 4 0 492 493 493 495
5153 4 0 492 1193 1193 1921
5154 4 0 495 492 492 1921
5155 4 0 1274 1865 1865 1044
5156 4 0 1970 1988 1988 1961
5157 4 0 2002 1320 1320 1105
5158 4 0 1193 1064 1064 198
5159 4 0 1159 1319 1319 1320
5160 4 0 1159 1160 1160 1320
5161 4 0 997 132 132 1877
5162 4 0 1175 2002 2002 1186
5163 4 0 40 892 892 402
5164 4 0 1979 402 402 1187
5165 4 0 1179 1076 1076 878
5166 4 0 1623 2006 2006 1361
5167 4 0 1980 1992 1992 1126
5168 4 0 1130 470 470 97
5169 4 0 668 1979 1979 1172
5170 4 0 1320 399 399 2002
5171 4 0 1174 1571 1571 1070
5172 4 0 1239 860 860 861
5173 4 0 1152 1521 1521 1572
5174 4 0 2007 976 976 376
5175 4 0 2002 1240 1240 2006
5176 4 0 400 401 401 402
5177 4 0 1582 400 400 402
5178 4 0 399 2002 2002 1176
5179 4 0 1320 775 775 1176
5180 4 0 59 1109 1109 257
5181 4 0 1582 667 667 1172
5182 4 0 2008 1358 1358 2009
5183 4 0 402 1582 1582 1177
5184 4 0 1982 1987 1987 1992
5185 4 0 1979 921 921 1187
5186 4 0 684 1049 1049 1387
5187 4 0 1610 1994 1994 1606
5188 4 0 1943 935 935 882
5189 4 0 1639 1738 1738 1729
5190 4 0 1174 1220 1220 1361
5191 4 0 1990 1994 1994 2010
5192 4 0 2002 399 399 1582
5193 4 0 1069 1176 1176 1185
5194 4 0 2002 1176 1176 1177
5195 4 0 1988 1977 1977 1330
5196 4 0 59 1520 1520 1180
5197 4 0 775 1147 1147 402
5198 4 0 1537 347 347 1971
5199 4 0 256 921 921 402
5200 4 0 256 1147 1147 402
5201 4 0 921 668 668 402
5202 4 0 1103 1973 1973 268
5203 4 0 860 1981 1981 1558
5204 4 0 1069 1175 1175 1070
5205 4 0 975 976 976 1571
5206 4 0 1521 1153 1153 1124
5207 4 0 1948 974 974 973
5208 4 0 1124 2011 2011 1126
5209 4 0 1607 2013 2013 2014
5210 4 0 1948 1152 1152 1387
5211 4 0 131 1874 1874 883
5212 4 0 1598 1599 1599 1601
5213 4 0 1655 307 307 1656
5214 4 0 402 667 667 1177
5215 4 0 667 1172 1172 1177
5216 4 0 1172 667 667 1177
5217 4 0 1172 1978 1978 1177
5218 4 0 1979 1978 1978 1177
5219 4 0 1978 2002 2002 1177
5220 4 0 1187 1177 1177 2006
5221 4 0 1177 2002 2002 1240
5222 4 0 1142 1546 1546 1118
5223 4 0 1240 2002 2002 1186
5224 4 0 1446 884 884 1436
5225 4 0 1176 402 402 1185
5226 4 0 1987 493 493 1240
5227 4 0 696 697 697 699
5228 4 0 1069 1187 1187 57
5229 4 0 921 59 59 57
5230 4 0 493 494 494 1982
5231 4 0 494 1982 1982 1992
5232 4 0 1319 493 493 1992
5233 4 0 1160 1158 1158 1335
5234 4 0 1922 1192 1192 1558
5235 4 0 1922 1981 1981 1558
5236 4 0 1174 375 375 1070
5237 4 0 919 385 385 920
5238 4 0 385 1970 1970 1477
5239 4 0 492 1319 1319 495
5240 4 0 1335 492 492 495
5241 4 0 1160 1319 1319 495
5242 4 0 1240 1319 1319 1105
5243 4 0 1263 1167 1167 721
5244 4 0 1105 698 698 699
5245 4 0 1240 493 493 1104
5246 4 0 230 776 776 1127
5247 4 0 493 1240 1240 1104
5248 4 0 1982 1239 1239 1104
5249 4 0 493 1987 1987 1104
5250 4 0 1987 1240 1240 1104
5251 4 0 1239 494 494 860
5252 4 0 1139 1399 1399 1661
5253 4 0 1982 494 494 860
5254 4 0 1142 1019 1019 1118
5255 4 0 684 682 682 1190
5256 4 0 1050 1264 1264 1233
5257 4 0 1064 1065 1065 1118
5258 4 0 199 1215 1215 1216
5259 4 0 1558 860 860 861
5260 4 0 1142 1109 1109 1118
5261 4 0 1505 684 684 1190
5262 4 0 59 57 57 1520
5263 4 0 1177 1176 1176 1186
5264 4 0 1175 1177 1177 1186
5265 4 0 1177 1175 1175 1186
5266 4 0 1186 1175 1175 1105
5267 4 0 2002 1186 1186 1105
5268 4 0 1240 1320 1320 1105
5269 4 0 775 402 402 1185
5270 4 0 1150 1153 1153 1124
5271 4 0 492 1335 1335 1921
5272 4 0 1109 697 697 1118
5273 4 0 698 1186 1186 1069
5274 4 0 1186 1187 1187 1069
5275 4 0 1387 1386 1386 973
5276 4 0 1187 921 921 57
5277 4 0 1319 1105 1105 492
5278 4 0 1176 1069 1069 1185
5279 4 0 492 495 495 1921
5280 4 0 1041 1286 1286 1043
5281 4 0 60 1520 1520 1180
5282 4 0 1179 1958 1958 878
5283 4 0 1697 918 918 919
5284 4 0 1187 402 402 1185
5285 4 0 402 775 775 1185
5286 4 0 255 775 775 1307
5287 4 0 1109 1185 1185 1307
5288 4 0 1109 256 256 1307
5289 4 0 1185 775 775 1307
5290 4 0 256 775 775 1307
5291 4 0 1185 1186 1186 1307
5292 4 0 1307 1186 1186 1142
5293 4 0 1186 1320 1320 1142
5294 4 0 1186 2002 2002 1142
5295 4 0 1176 2002 2002 1142
5296 4 0 1307 1176 1176 1142
5297 4 0 775 1176 1176 1142
5298 4 0 399 775 775 1142
5299 4 0 399 1063 1063 1142
5300 4 0 1159 399 399 1142
5301 4 0 1320 1063 1063 1142
5302 4 0 1063 399 399 1142
5303 4 0 1019 1307 1307 1142
5304 4 0 1063 1019 1019 1142
5305 4 0 1105 697 697 699
5306 4 0 493 1992 1992 495
5307 4 0 1584 1152 1152 1387
5308 4 0 1307 698 698 1142
5309 4 0 1307 1019 1019 1142
5310 4 0 1319 1320 1320 492
5311 4 0 1320 1319 1319 492
5312 4 0 1246 1064 1064 1034
5313 4 0 1522 1569 1569 1125
5314 4 0 59 254 254 257
5315 4 0 495 1239 1239 1921
5316 4 0 495 494 494 1921
5317 4 0 200 1246 1246 201
5318 4 0 1855 1199 1199 1044
5319 4 0 1193 492 492 1335
5320 4 0 492 1160 1160 1065
5321 4 0 492 1063 1063 1065
5322 4 0 1572 1521 1521 1124
5323 4 0 681 760 760 761
5324 4 0 431 1047 1047 461
5325 4 0 1962 1981 1981 2015
5326 4 0 1922 1981 1981 2015
5327 4 0 1962 494 494 2015
5328 4 0 1239 1193 1193 1065
5329 4 0 1186 698 698 682
5330 4 0 1982 1992 1992 1980
5331 4 0 1984 1962 1962 2015
5332 4 0 1980 1922 1922 2015
5333 4 0 1193 1064 1064 1065
5334 4 0 1059 685 685 1061
5335 4 0 2016 864 864 1499
5336 4 0 2017 1985 1985 2018
5337 4 0 1357 1150 1150 1153
5338 4 0 1921 1981 1981 1922
5339 4 0 1980 494 494 2015
5340 4 0 1167 230 230 1166
5341 4 0 1422 1183 1183 2018
5342 4 0 2019 1983 1983 2020
5343 4 0 1065 1105 1105 699
5344 4 0 1921 1193 1193 1192
5345 4 0 1921 1239 1239 1192
5346 4 0 1922 1193 1193 1192
5347 4 0 1981 1922 1922 1192
5348 4 0 1366 1483 1483 1661
5349 4 0 1065 1546 1546 697
5350 4 0 1105 1065 1065 697
5351 4 0 1986 57 57 60
5352 4 0 1069 1307 1307 1520
5353 4 0 1192 1239 1239 860
5354 4 0 1948 1152 1152 975
5355 4 0 1033 1035 1035 878
5356 4 0 1064 1246 1246 1216
5357 4 0 877 876 876 1103
5358 4 0 1503 2019 2019 1309
5359 4 0 861 1559 1559 198
5360 4 0 1186 1069 1069 682
5361 4 0 697 1142 1142 682
5362 4 0 1019 230 230 1118
5363 4 0 1623 387 387 374
5364 4 0 1110 1060 1060 1306
5365 4 0 682 685 685 1306
5366 4 0 147 1293 1293 1294
5367 4 0 584 201 201 1014
5368 4 0 1145 1554 1554 1146
5369 4 0 1446 1872 1872 2021
5370 4 0 683 684 684 1190
5371 4 0 1498 1499 1499 874
5372 4 0 997 1291 1291 1113
5373 4 0 697 682 682 685
5374 4 0 1069 682 682 1520
5375 4 0 682 59 59 1520
5376 4 0 1109 682 682 1520
5377 4 0 1109 257 257 1520
5378 4 0 1520 57 57 60
5379 4 0 57 1986 1986 60
5380 4 0 1180 59 59 1181
5381 4 0 1239 1546 1546 699
5382 4 0 1065 1104 1104 699
5383 4 0 1546 697 697 699
5384 4 0 1139 1483 1483 1661
5385 4 0 683 1353 1353 1500
5386 4 0 1962 1981 1981 1558
5387 4 0 1182 200 200 874
5388 4 0 684 697 697 1190
5389 4 0 699 860 860 861
5390 4 0 860 1104 1104 699
5391 4 0 1696 1136 1136 1947
5392 4 0 1525 1526 1526 1290
5393 4 0 1169 1288 1288 1124
5394 4 0 1288 1151 1151 1522
5395 4 0 1560 423 423 425
5396 4 0 1288 1484 1484 1569
5397 4 0 1152 975 975 1571
5398 4 0 1382 1565 1565 1383
5399 4 0 860 1981 1981 1980
5400 4 0 860 1982 1982 1980
5401 4 0 1981 1982 1982 1980
5402 4 0 1981 494 494 1980
5403 4 0 1126 1115 1115 1221
5404 4 0 1034 1317 1317 1035
5405 4 0 1461 99 99 1462
5406 4 0 1061 993 993 281
5407 4 0 1661 1050 1050 1152
5408 4 0 993 684 684 281
5409 4 0 889 1422 1422 1423
5410 4 0 684 1504 1504 281
5411 4 0 685 1181 1181 1110
5412 4 0 1389 1547 1547 2022
5413 4 0 1233 1050 1050 1661
5414 4 0 1193 1192 1192 1194
5415 4 0 1386 60 60 1181
5416 4 0 365 482 482 1825
5417 4 0 159 527 527 1166
5418 4 0 1585 975 975 1571
5419 4 0 697 1118 1118 1110
5420 4 0 159 1181 1181 1110
5421 4 0 1505 1484 1484 1151
5422 4 0 1546 1239 1239 861
5423 4 0 1558 1192 1192 861
5424 4 0 1559 861 861 1503
5425 4 0 873 1389 1389 2022
5426 4 0 1180 1181 1181 1061
5427 4 0 1139 1545 1545 1366
5428 4 0 1423 1421 1421 2024
5429 4 0 2025 487 487 1535
5430 4 0 1235 1215 1215 1034
5431 4 0 1984 2003 2003 2020
5432 4 0 1275 800 800 1881
5433 4 0 1271 996 996 1046
5434 4 0 699 1546 1546 861
5435 4 0 1189 1152 1152 1387
5436 4 0 1546 697 697 861
5437 4 0 1226 1352 1352 1059
5438 4 0 683 682 682 684
5439 4 0 683 874 874 1500
5440 4 0 1396 992 992 1144
5441 4 0 1435 451 451 1365
5442 4 0 131 1860 1860 1284
5443 4 0 861 697 697 1190
5444 4 0 60 59 59 1181
5445 4 0 59 159 159 1181
5446 4 0 1437 1052 1052 395
5447 4 0 1248 268 268 734
5448 4 0 685 159 159 1060
5449 4 0 1855 1045 1045 1044
5450 4 0 1983 2003 2003 2020
5451 4 0 1245 1973 1973 1198
5452 4 0 1559 1984 1984 2015
5453 4 0 500 673 673 499
5454 4 0 443 450 450 1395
5455 4 0 631 1388 1388 1500
5456 4 0 1389 1504 1504 1500
5457 4 0 697 861 861 1182
5458 4 0 1306 861 861 1182
5459 4 0 1118 697 697 1110
5460 4 0 861 1192 1192 1182
5461 4 0 257 527 527 1110
5462 4 0 461 622 622 499
5463 4 0 995 623 623 1144
5464 4 0 1499 630 630 1500
5465 4 0 1111 1291 1291 1113
5466 4 0 1144 1143 1143 1145
5467 4 0 1291 1111 1111 1113
5468 4 0 501 1143 1143 1144
5469 4 0 174 1405 1405 1512
5470 4 0 1306 697 697 1182
5471 4 0 1036 720 720 879
5472 4 0 1110 1546 1546 1182
5473 4 0 2022 864 864 994
5474 4 0 1306 683 683 1182
5475 4 0 159 1060 1060 1110
5476 4 0 846 158 158 1166
5477 4 0 846 157 157 1166
5478 4 0 1110 697 697 1182
5479 4 0 1558 1962 1962 2015
5480 4 0 1496 1302 1302 1462
5481 4 0 199 1193 1193 198
5482 4 0 254 231 231 1166
5483 4 0 254 846 846 1166
5484 4 0 254 257 257 1166
5485 4 0 159 257 257 1166
5486 4 0 231 254 254 1166
5487 4 0 992 1438 1438 1059
5488 4 0 1192 1118 1118 1182
5489 4 0 1558 1962 1962 1559
5490 4 0 1962 861 861 1559
5491 4 0 1962 1381 1381 1559
5492 4 0 280 1085 1085 1052
5493 4 0 159 1110 1110 1166
5494 4 0 890 2005 2005 2026
5495 4 0 1559 1558 1558 1194
5496 4 0 1192 1558 1558 1194
5497 4 0 749 1548 1548 633
5498 4 0 1316 1155 1155 878
5499 4 0 1225 733 733 734
5500 4 0 1234 1317 1317 1035
5501 4 0 1085 993 993 280
5502 4 0 1119 257 257 1167
5503 4 0 1875 1438 1438 1059
5504 4 0 1962 1381 1381 2015
5505 4 0 1984 1381 1381 2015
5506 4 0 1558 1194 1194 2015
5507 4 0 1194 1558 1558 2015
5508 4 0 1980 1381 1381 2015
5509 4 0 876 267 267 879
5510 4 0 1875 1271 1271 875
5511 4 0 1318 1235 1235 1216
5512 4 0 232 233 233 1127
5513 4 0 1034 1019 1019 1127
5514 4 0 1118 230 230 1167
5515 4 0 1127 720 720 721
5516 4 0 1127 1263 1263 1167
5517 4 0 257 1119 1119 1167
5518 4 0 1194 1192 1192 198
5519 4 0 1335 1318 1318 1216
5520 4 0 1064 1335 1335 1216
5521 4 0 1110 1166 1166 1168
5522 4 0 1215 1318 1318 1216
5523 4 0 1335 1064 1064 1216
5524 4 0 1014 266 266 585
5525 4 0 732 1248 1248 734
5526 4 0 233 232 232 1127
5527 4 0 1034 1118 1118 1127
5528 4 0 1155 878 878 1356
5529 4 0 1974 1248 1248 1251
5530 4 0 1235 776 776 1034
5531 4 0 1199 1197 1197 1200
5532 4 0 1421 1922 1922 199
5533 4 0 1421 1335 1335 199
5534 4 0 1246 1216 1216 1034
5535 4 0 1182 1118 1118 1167
5536 4 0 1127 1118 1118 1167
5537 4 0 1118 1064 1064 1246
5538 4 0 1215 1317 1317 1034
5539 4 0 1216 1235 1235 1034
5540 4 0 198 1064 1064 1246
5541 4 0 1118 1192 1192 1246
5542 4 0 198 1192 1192 1246
5543 4 0 1182 200 200 1246
5544 4 0 1118 1182 1182 1246
5545 4 0 1034 1234 1234 1127
5546 4 0 1033 1316 1316 878
5547 4 0 1234 1316 1316 1127
5548 4 0 159 1263 1263 1271
5549 4 0 762 2027 2027 1275
5550 4 0 148 1974 1974 147
5551 4 0 1166 1060 1060 1168
5552 4 0 776 1235 1235 1034
5553 4 0 1216 1215 1215 1034
5554 4 0 1246 1019 1019 1034
5555 4 0 1019 776 776 1127
5556 4 0 776 343 343 1127
5557 4 0 233 343 343 1127
5558 4 0 158 1263 1263 1166
5559 4 0 1316 233 233 1127
5560 4 0 1035 1316 1316 1127
5561 4 0 1035 233 233 1127
5562 4 0 1035 1034 1034 1127
5563 4 0 1035 1234 1234 1127
5564 4 0 231 158 158 1166
5565 4 0 230 233 233 1127
5566 4 0 231 1263 1263 1166
5567 4 0 1077 1275 1275 1881
5568 4 0 233 1217 1217 1127
5569 4 0 2003 1194 1194 2024
5570 4 0 1035 1246 1246 1127
5571 4 0 233 1035 1035 1127
5572 4 0 1246 200 200 201
5573 4 0 1036 1033 1033 879
5574 4 0 583 1198 1198 584
5575 4 0 1167 720 720 721
5576 4 0 1155 1156 1156 1224
5577 4 0 686 1906 1906 1854
5578 4 0 1167 1263 1263 1166
5579 4 0 231 230 230 1166
5580 4 0 1168 1167 1167 721
5581 4 0 1263 1060 1060 1166
5582 4 0 1060 1110 1110 1168
5583 4 0 1183 200 200 201
5584 4 0 1167 1110 1110 1168
5585 4 0 1182 1110 1110 1168
5586 4 0 1060 1182 1182 1168
5587 4 0 1060 1306 1306 1168
5588 4 0 1881 1028 1028 1044
5589 4 0 265 1036 1036 1241
5590 4 0 1013 1014 1014 86
5591 4 0 268 1197 1197 1198
5592 4 0 759 1250 1250 1929
5593 4 0 1183 2005 2005 1241
5594 4 0 994 993 993 1059
5595 4 0 1231 282 282 1130
5596 4 0 1854 1973 1973 1198
5597 4 0 1217 1077 1077 1854
5598 4 0 1111 1854 1854 1046
5599 4 0 1854 722 722 1245
5600 4 0 1183 201 201 1271
5601 4 0 1973 268 268 1197
5602 4 0 201 721 721 1271
5603 4 0 876 720 720 879
5604 4 0 877 878 878 879
5605 4 0 1127 1217 1217 722
5606 4 0 1263 720 720 722
5607 4 0 721 1263 1263 722
5608 4 0 721 720 720 722
5609 4 0 877 1033 1033 879
5610 4 0 233 1316 1316 1076
5611 4 0 1075 1420 1420 1356
5612 4 0 1077 1217 1217 1854
5613 4 0 994 1352 1352 1059
5614 4 0 359 1155 1155 1224
5615 4 0 997 995 995 415
5616 4 0 1958 1222 1222 1076
5617 4 0 1156 1224 1224 1420
5618 4 0 878 1420 1420 1356
5619 4 0 1155 1224 1224 1420
5620 4 0 876 1075 1075 1077
5621 4 0 1316 1958 1958 1076
5622 4 0 1155 359 359 1179
5623 4 0 1077 1973 1973 1854
5624 4 0 1103 1156 1156 1223
5625 4 0 1178 359 359 1075
5626 4 0 361 359 359 1179
5627 4 0 1155 136 136 1179
5628 4 0 876 1075 1075 1103
5629 4 0 1075 876 876 1103
5630 4 0 1035 1317 1317 1033
5631 4 0 1420 359 359 1179
5632 4 0 1422 2005 2005 2018
5633 4 0 878 1155 1155 1356
5634 4 0 1224 1420 1420 1356
5635 4 0 201 198 198 1036
5636 4 0 201 199 199 1036
5637 4 0 1958 1076 1076 878
5638 4 0 1316 1076 1076 878
5639 4 0 782 539 539 184
5640 4 0 1033 1034 1034 1036
5641 4 0 198 1194 1194 2024
5642 4 0 1033 1215 1215 265
5643 4 0 1179 1420 1420 1076
5644 4 0 1216 198 198 1036
5645 4 0 1195 148 148 149
5646 4 0 878 267 267 265
5647 4 0 878 720 720 879
5648 4 0 1958 1924 1924 1076
5649 4 0 1178 1867 1867 1076
5650 4 0 233 1222 1222 1076
5651 4 0 1222 1867 1867 1076
5652 4 0 1356 1156 1156 1103
5653 4 0 2028 207 207 1787
5654 4 0 876 722 722 1077
5655 4 0 750 865 865 891
5656 4 0 722 876 876 1077
5657 4 0 196 868 868 238
5658 4 0 201 1246 1246 1036
5659 4 0 877 878 878 1103
5660 4 0 1356 878 878 1103
5661 4 0 1356 1075 1075 1103
5662 4 0 733 1103 1103 268
5663 4 0 487 1485 1485 1368
5664 4 0 267 876 876 1103
5665 4 0 1854 1263 1263 1046
5666 4 0 1300 890 890 888
5667 4 0 1223 267 267 732
5668 4 0 1254 1444 1444 432
5669 4 0 620 474 474 432
5670 4 0 1224 137 137 1252
5671 4 0 759 760 760 762
5672 4 0 1076 1178 1178 876
5673 4 0 1076 1217 1217 876
5674 4 0 1217 722 722 876
5675 4 0 1217 1127 1127 876
5676 4 0 722 720 720 876
5677 4 0 1127 720 720 876
5678 4 0 878 1076 1076 876
5679 4 0 878 1035 1035 876
5680 4 0 720 1035 1035 876
5681 4 0 878 233 233 876
5682 4 0 878 1316 1316 876
5683 4 0 1316 233 233 876
5684 4 0 1420 1155 1155 1356
5685 4 0 878 267 267 1356
5686 4 0 1224 1156 1156 1103
5687 4 0 1356 267 267 1103
5688 4 0 1294 1293 1293 1354
5689 4 0 879 1036 1036 265
5690 4 0 879 877 877 265
5691 4 0 762 1274 1274 1273
5692 4 0 1014 201 201 1241
5693 4 0 200 1421 1421 1422
5694 4 0 585 266 266 732
5695 4 0 353 609 609 558
5696 4 0 1342 1858 1858 73
5697 4 0 416 1085 1085 280
5698 4 0 879 267 267 265
5699 4 0 1077 722 722 1854
5700 4 0 1033 1036 1036 265
5701 4 0 1014 1183 1183 1013
5702 4 0 1215 1033 1033 265
5703 4 0 1036 1033 1033 265
5704 4 0 1033 878 878 265
5705 4 0 1317 878 878 265
5706 4 0 1014 1271 1271 1013
5707 4 0 869 1001 1001 1270
5708 4 0 1250 1270 1270 1272
5709 4 0 268 266 266 732
5710 4 0 1103 733 733 1225
5711 4 0 1103 1224 1224 1225
5712 4 0 1356 1224 1224 1225
5713 4 0 1224 1420 1420 1225
5714 4 0 1420 1224 1224 1225
5715 4 0 1075 1420 1420 1225
5716 4 0 1075 359 359 1225
5717 4 0 1075 1103 1103 1225
5718 4 0 557 1281 1281 1929
5719 4 0 1224 1225 1225 1252
5720 4 0 1223 1156 1156 1252
5721 4 0 1197 1103 1103 1225
5722 4 0 1197 733 733 1225
5723 4 0 1224 135 135 1225
5724 4 0 197 430 430 1285
5725 4 0 268 1973 1973 1198
5726 4 0 722 1217 1217 1854
5727 4 0 584 1245 1245 147
5728 4 0 585 1198 1198 1974
5729 4 0 1198 584 584 585
5730 4 0 1014 1183 1183 1241
5731 4 0 1906 158 158 459
5732 4 0 234 236 236 1256
5733 4 0 1197 1200 1200 1251
5734 4 0 1053 1321 1321 1047
5735 4 0 1013 1974 1974 1315
5736 4 0 148 1299 1299 1293
5737 4 0 1248 1251 1251 1315
5738 4 0 1048 1214 1214 1865
5739 4 0 1252 1029 1029 1157
5740 4 0 1157 1282 1282 1031
5741 4 0 1321 996 996 1046
5742 4 0 353 610 610 558
5743 4 0 1029 1252 1252 1157
5744 4 0 1197 1198 1198 585
5745 4 0 1060 158 158 1271
5746 4 0 1060 160 160 1271
5747 4 0 160 158 158 1271
5748 4 0 1293 998 998 1354
5749 4 0 1855 1854 1854 1046
5750 4 0 261 259 259 2030
5751 4 0 998 1237 1237 1354
5752 4 0 1872 447 447 1878
5753 4 0 265 266 266 1014
5754 4 0 1973 1198 1198 583
5755 4 0 1245 722 722 583
5756 4 0 1973 722 722 583
5757 4 0 1271 1014 1014 1013
5758 4 0 1198 1973 1973 583
5759 4 0 876 266 266 583
5760 4 0 2003 1421 1421 2024
5761 4 0 879 266 266 583
5762 4 0 583 266 266 585
5763 4 0 1245 721 721 583
5764 4 0 1388 1389 1389 1310
5765 4 0 583 722 722 584
5766 4 0 720 876 876 584
5767 4 0 583 876 876 584
5768 4 0 720 879 879 584
5769 4 0 266 583 583 584
5770 4 0 879 720 720 584
5771 4 0 1226 873 873 1059
5772 4 0 1014 879 879 1241
5773 4 0 584 1198 1198 585
5774 4 0 1276 628 628 1929
5775 4 0 732 265 265 86
5776 4 0 1198 266 266 585
5777 4 0 201 1271 1271 1014
5778 4 0 721 1271 1271 1014
5779 4 0 201 584 584 1014
5780 4 0 2005 87 87 1241
5781 4 0 1315 1293 1293 1354
5782 4 0 732 268 268 734
5783 4 0 1299 1013 1013 1300
5784 4 0 87 86 86 88
5785 4 0 1293 147 147 1111
5786 4 0 1210 898 898 1047
5787 4 0 88 889 889 1300
5788 4 0 1273 1968 1968 1275
5789 4 0 471 488 488 486
5790 4 0 749 632 632 633
5791 4 0 992 995 995 1144
5792 4 0 2004 2027 2027 1976
5793 4 0 2024 2003 2003 1985
5794 4 0 889 2005 2005 890
5795 4 0 1146 319 319 883
5796 4 0 1875 1352 1352 1059
5797 4 0 1305 1304 1304 998
5798 4 0 87 2005 2005 1241
5799 4 0 266 1014 1014 1241
5800 4 0 1014 266 266 1241
5801 4 0 1197 268 268 734
5802 4 0 200 1421 1421 1241
5803 4 0 1183 1421 1421 1241
5804 4 0 265 199 199 1241
5805 4 0 1103 733 733 734
5806 4 0 1149 1847 1847 500
5807 4 0 1315 148 148 1299
5808 4 0 1291 2016 2016 1226
5809 4 0 1273 762 762 1275
5810 4 0 734 1252 1252 1275
5811 4 0 801 1968 1968 1275
5812 4 0 1251 1197 1197 734
5813 4 0 1271 460 460 1875
5814 4 0 585 268 268 734
5815 4 0 1247 238 238 1256
5816 4 0 89 732 732 1249
5817 4 0 1077 1029 1029 1881
5818 4 0 1014 2005 2005 1013
5819 4 0 1198 585 585 1974
5820 4 0 1929 1274 1274 629
5821 4 0 267 265 265 732
5822 4 0 87 266 266 86
5823 4 0 585 1248 1248 1974
5824 4 0 1014 584 584 147
5825 4 0 585 1014 1014 147
5826 4 0 585 584 584 147
5827 4 0 585 1245 1245 147
5828 4 0 1974 1245 1245 147
5829 4 0 1974 585 585 147
5830 4 0 1974 1197 1197 1200
5831 4 0 196 235 235 238
5832 4 0 1013 721 721 147
5833 4 0 1282 1252 1252 1249
5834 4 0 2017 2026 2026 1498
5835 4 0 1294 1195 1195 1255
5836 4 0 1294 1974 1974 1354
5837 4 0 1251 1200 1200 1354
5838 4 0 1219 689 689 1044
5839 4 0 686 1028 1028 1044
5840 4 0 234 238 238 1256
5841 4 0 1274 1219 1219 1044
5842 4 0 1191 409 409 558
5843 4 0 1315 1355 1355 1354
5844 4 0 2031 1269 1269 1268
5845 4 0 236 622 622 1256
5846 4 0 238 1247 1247 869
5847 4 0 1197 1248 1248 734
5848 4 0 2004 1252 1252 1249
5849 4 0 1248 734 734 1249
5850 4 0 1223 732 732 1249
5851 4 0 245 1882 1882 1020
5852 4 0 447 1832 1832 2032
5853 4 0 86 732 732 89
5854 4 0 244 243 243 1020
5855 4 0 1047 689 689 557
5856 4 0 267 268 268 732
5857 4 0 557 409 409 558
5858 4 0 1355 1237 1237 801
5859 4 0 865 50 50 748
5860 4 0 86 585 585 88
5861 4 0 1223 733 733 732
5862 4 0 681 1882 1882 1020
5863 4 0 539 582 582 184
5864 4 0 760 1269 1269 762
5865 4 0 1389 630 630 2033
5866 4 0 1251 1248 1248 734
5867 4 0 1013 87 87 86
5868 4 0 585 88 88 1315
5869 4 0 88 585 585 1315
5870 4 0 1013 585 585 1315
5871 4 0 889 89 89 1355
5872 4 0 1248 1974 1974 1315
5873 4 0 1248 268 268 86
5874 4 0 732 268 268 86
5875 4 0 585 268 268 86
5876 4 0 1315 1013 1013 1299
5877 4 0 86 1248 1248 1315
5878 4 0 1247 799 799 1255
5879 4 0 799 866 866 869
5880 4 0 1293 149 149 1111
5881 4 0 890 891 891 2026
5882 4 0 1299 148 148 1300
5883 4 0 1858 171 171 1859
5884 4 0 89 1315 1315 1299
5885 4 0 866 867 867 998
5886 4 0 88 1013 1013 1299
5887 4 0 1263 1271 1271 1046
5888 4 0 1248 1315 1315 89
5889 4 0 1354 1237 1237 800
5890 4 0 1422 87 87 890
5891 4 0 1299 88 88 1300
5892 4 0 1873 1860 1860 1312
5893 4 0 1200 1199 1199 1294
5894 4 0 889 87 87 890
5895 4 0 1974 1293 1293 1354
5896 4 0 760 1287 1287 761
5897 4 0 875 1306 1306 1059
5898 4 0 199 1194 1194 2024
5899 4 0 1241 87 87 889
5900 4 0 199 1421 1421 2024
5901 4 0 889 88 88 1300
5902 4 0 888 865 865 1227
5903 4 0 1165 1206 1206 2029
5904 4 0 89 88 88 889
5905 4 0 1547 1165 1165 2022
5906 4 0 1352 994 994 2016
5907 4 0 994 1291 1291 2016
5908 4 0 1097 1347 1347 424
5909 4 0 1041 1360 1360 1043
5910 4 0 1354 1200 1200 800
5911 4 0 1875 994 994 1059
5912 4 0 995 415 415 414
5913 4 0 1304 1299 1299 1293
5914 4 0 1021 1022 1022 1529
5915 4 0 2031 1268 1268 1238
5916 4 0 864 865 865 49
5917 4 0 1315 1251 1251 1354
5918 4 0 146 1013 1013 1300
5919 4 0 146 2005 2005 1300
5920 4 0 146 890 890 1300
5921 4 0 2005 890 890 1300
5922 4 0 1315 1974 1974 1293
5923 4 0 1865 1214 1214 853
5924 4 0 87 2005 2005 1300
5925 4 0 1013 2005 2005 1300
5926 4 0 890 1300 1300 888
5927 4 0 1042 1041 1041 1043
5928 4 0 1300 148 148 888
5929 4 0 148 865 865 888
5930 4 0 326 1555 1555 442
5931 4 0 888 1305 1305 1355
5932 4 0 182 869 869 1001
5933 4 0 867 1299 1299 1304
5934 4 0 632 51 51 748
5935 4 0 633 1390 1390 2033
5936 4 0 1275 1251 1251 1881
5937 4 0 89 1305 1305 1355
5938 4 0 1228 1227 1227 1499
5939 4 0 1233 1050 1050 1231
5940 4 0 238 1247 1247 1256
5941 4 0 630 864 864 1499
5942 4 0 490 242 242 1975
5943 4 0 183 182 182 184
5944 4 0 866 1293 1293 1294
5945 4 0 1315 1299 1299 1305
5946 4 0 1112 1247 1247 1255
5947 4 0 1299 1304 1304 1305
5948 4 0 867 1300 1300 1305
5949 4 0 1300 89 89 1305
5950 4 0 867 888 888 1305
5951 4 0 888 89 89 1305
5952 4 0 888 889 889 1305
5953 4 0 1300 889 889 1305
5954 4 0 1270 184 184 1272
5955 4 0 1294 1293 1293 1111
5956 4 0 147 721 721 1111
5957 4 0 512 237 237 195
5958 4 0 245 490 490 1020
5959 4 0 1305 89 89 1355
5960 4 0 1315 89 89 1355
5961 4 0 1251 1315 1315 1355
5962 4 0 1355 89 89 1249
5963 4 0 1276 1250 1250 1929
5964 4 0 499 502 502 1144
5965 4 0 1976 1968 1968 801
5966 4 0 1200 1197 1197 1881
5967 4 0 1282 732 732 1157
5968 4 0 556 1281 1281 558
5969 4 0 1270 628 628 184
5970 4 0 866 1195 1195 1294
5971 4 0 799 1247 1247 1255
5972 4 0 473 1286 1286 1513
5973 4 0 1247 1195 1195 868
5974 4 0 446 1416 1416 77
5975 4 0 1263 1854 1854 1046
5976 4 0 184 1287 1287 540
5977 4 0 623 1144 1144 1874
5978 4 0 1199 1045 1045 800
5979 4 0 1293 1294 1294 1354
5980 4 0 1293 866 866 1354
5981 4 0 1355 1976 1976 2031
5982 4 0 205 556 556 557
5983 4 0 1304 148 148 1195
5984 4 0 867 148 148 1195
5985 4 0 865 866 866 1195
5986 4 0 1304 867 867 1195
5987 4 0 1045 236 236 1256
5988 4 0 1857 430 430 1285
5989 4 0 512 53 53 430
5990 4 0 621 432 432 883
5991 4 0 196 234 234 238
5992 4 0 1270 1001 1001 237
5993 4 0 1249 2027 2027 1275
5994 4 0 734 1223 1223 1249
5995 4 0 512 430 430 197
5996 4 0 1305 998 998 1293
5997 4 0 1355 1315 1315 1293
5998 4 0 704 294 294 297
5999 4 0 1292 1860 1860 1403
6000 4 0 432 431 431 1284
6001 4 0 1249 734 734 1275
6002 4 0 1334 1333 1333 446
6003 4 0 1226 1227 1227 1499
6004 4 0 628 1276 1276 540
6005 4 0 685 684 684 1061
6006 4 0 1013 2005 2005 1228
6007 4 0 149 148 148 1293
6008 4 0 148 149 149 1293
6009 4 0 1974 147 147 1293
6010 4 0 1195 866 866 1293
6011 4 0 998 1304 1304 1293
6012 4 0 148 1195 1195 1293
6013 4 0 1200 1354 1354 800
6014 4 0 734 1248 1248 1249
6015 4 0 732 89 89 1249
6016 4 0 1199 1294 1294 800
6017 4 0 1396 1398 1398 1144
6018 4 0 2031 2027 2027 1238
6019 4 0 680 755 755 540
6020 4 0 1881 801 801 629
6021 4 0 1294 1974 1974 1111
6022 4 0 1268 1968 1968 629
6023 4 0 1271 1046 1046 459
6024 4 0 1198 1199 1199 1855
6025 4 0 1198 1197 1197 1855
6026 4 0 1974 1198 1198 1855
6027 4 0 1273 1044 1044 629
6028 4 0 801 2031 2031 1268
6029 4 0 459 460 460 461
6030 4 0 1275 1274 1274 1881
6031 4 0 799 1045 1045 1255
6032 4 0 1968 1976 1976 2031
6033 4 0 761 680 680 1020
6034 4 0 1225 135 135 1029
6035 4 0 1048 1884 1884 1865
6036 4 0 1294 1247 1247 799
6037 4 0 1237 1354 1354 799
6038 4 0 1884 1048 1048 1865
6039 4 0 538 1030 1030 184
6040 4 0 237 182 182 195
6041 4 0 801 2027 2027 1238
6042 4 0 628 184 184 1250
6043 4 0 237 238 238 195
6044 4 0 1354 866 866 799
6045 4 0 1237 801 801 799
6046 4 0 800 1294 1294 799
6047 4 0 609 1929 1929 558
6048 4 0 1249 1251 1251 2027
6049 4 0 1249 1248 1248 2027
6050 4 0 1355 1248 1248 2027
6051 4 0 2027 1355 1355 1976
6052 4 0 1249 1282 1282 1031
6053 4 0 1020 607 607 1975
6054 4 0 241 242 242 853
6055 4 0 490 1884 1884 1883
6056 4 0 1020 1975 1975 1031
6057 4 0 1030 538 538 540
6058 4 0 801 1237 1237 1238
6059 4 0 2031 1976 1976 801
6060 4 0 1976 2031 2031 801
6061 4 0 2027 1237 1237 1238
6062 4 0 1275 1077 1077 1881
6063 4 0 731 1882 1882 1020
6064 4 0 1020 490 490 1975
6065 4 0 1225 1197 1197 1881
6066 4 0 582 628 628 184
6067 4 0 760 2004 2004 1031
6068 4 0 1252 1156 1156 1157
6069 4 0 730 1882 1882 1975
6070 4 0 730 1020 1020 1975
6071 4 0 1968 759 759 762
6072 4 0 1237 800 800 799
6073 4 0 1282 1252 1252 1275
6074 4 0 800 1237 1237 801
6075 4 0 1354 1294 1294 799
6076 4 0 800 1355 1355 801
6077 4 0 2027 1251 1251 801
6078 4 0 1882 1020 1020 1975
6079 4 0 1881 1273 1273 1044
6080 4 0 1001 238 238 237
6081 4 0 1268 1269 1269 1250
6082 4 0 1321 1053 1053 461
6083 4 0 1250 1968 1968 629
6084 4 0 1929 1250 1250 629
6085 4 0 1111 1195 1195 1255
6086 4 0 1111 149 149 1255
6087 4 0 1111 1112 1112 1255
6088 4 0 1112 1195 1195 1255
6089 4 0 568 432 432 1284
6090 4 0 430 568 568 1284
6091 4 0 801 799 799 1238
6092 4 0 1268 1001 1001 1238
6093 4 0 704 620 620 432
6094 4 0 1270 182 182 195
6095 4 0 431 236 236 622
6096 4 0 236 1262 1262 622
6097 4 0 883 884 884 447
6098 4 0 1225 1252 1252 1029
6099 4 0 1268 799 799 1238
6100 4 0 538 782 782 184
6101 4 0 538 1276 1276 540
6102 4 0 1045 1247 1247 238
6103 4 0 1237 1001 1001 1238
6104 4 0 238 868 868 869
6105 4 0 238 799 799 237
6106 4 0 1286 472 472 1041
6107 4 0 869 182 182 1270
6108 4 0 730 731 731 1882
6109 4 0 184 182 182 185
6110 4 0 355 353 353 237
6111 4 0 1053 1203 1203 461
6112 4 0 2031 1976 1976 1268
6113 4 0 205 203 203 558
6114 4 0 244 490 490 1020
6115 4 0 1881 1199 1199 629
6116 4 0 556 1045 1045 629
6117 4 0 1882 731 731 1020
6118 4 0 1270 1250 1250 629
6119 4 0 1225 359 359 1029
6120 4 0 1250 1287 1287 1272
6121 4 0 782 184 184 1272
6122 4 0 761 681 681 1882
6123 4 0 235 234 234 194
6124 4 0 55 570 570 185
6125 4 0 1968 1976 1976 762
6126 4 0 582 54 54 185
6127 4 0 54 582 582 185
6128 4 0 430 512 512 197
6129 4 0 1001 799 799 237
6130 4 0 1287 184 184 540
6131 4 0 237 195 195 194
6132 4 0 297 296 296 1859
6133 4 0 1270 1268 1268 629
6134 4 0 460 158 158 461
6135 4 0 1929 628 628 629
6136 4 0 194 512 512 430
6137 4 0 500 461 461 622
6138 4 0 194 237 237 430
6139 4 0 1291 1113 1113 1877
6140 4 0 238 235 235 430
6141 4 0 97 453 453 100
6142 4 0 1526 1564 1564 1383
6143 4 0 237 628 628 629
6144 4 0 244 731 731 1020
6145 4 0 1398 993 993 280
6146 4 0 53 512 512 430
6147 4 0 431 1045 1045 236
6148 4 0 610 53 53 430
6149 4 0 610 353 353 430
6150 4 0 609 610 610 558
6151 4 0 1047 431 431 500
6152 4 0 556 202 202 500
6153 4 0 556 431 431 500
6154 4 0 1028 1881 1881 1044
6155 4 0 2016 1291 1291 1226
6156 4 0 1282 1029 1029 762
6157 4 0 689 1046 1046 1047
6158 4 0 1321 1271 1271 459
6159 4 0 704 1254 1254 432
6160 4 0 1284 430 430 1285
6161 4 0 1857 432 432 1284
6162 4 0 1254 620 620 432
6163 4 0 429 202 202 431
6164 4 0 353 430 430 431
6165 4 0 610 202 202 431
6166 4 0 430 353 353 431
6167 4 0 353 556 556 431
6168 4 0 202 556 556 431
6169 4 0 556 1045 1045 431
6170 4 0 1312 1331 1331 1334
6171 4 0 1247 1255 1255 1256
6172 4 0 996 1321 1321 461
6173 4 0 1263 1046 1046 459
6174 4 0 1217 1854 1854 1046
6175 4 0 1321 1047 1047 461
6176 4 0 430 53 53 1284
6177 4 0 1044 1028 1028 1046
6178 4 0 2016 149 149 1226
6179 4 0 1276 538 538 540
6180 4 0 538 755 755 540
6181 4 0 184 628 628 540
6182 4 0 681 680 680 1020
6183 4 0 1250 1269 1269 1272
6184 4 0 1865 1884 1884 557
6185 4 0 996 1045 1045 461
6186 4 0 607 730 730 1882
6187 4 0 761 759 759 1883
6188 4 0 761 1287 1287 1883
6189 4 0 1287 759 759 1883
6190 4 0 1157 730 730 1031
6191 4 0 801 799 799 629
6192 4 0 1884 244 244 1883
6193 4 0 1020 680 680 1883
6194 4 0 680 1020 1020 1883
6195 4 0 680 782 782 760
6196 4 0 680 681 681 760
6197 4 0 1272 1287 1287 760
6198 4 0 1272 782 782 760
6199 4 0 1157 242 242 1031
6200 4 0 762 853 853 1031
6201 4 0 1249 730 730 760
6202 4 0 1976 1249 1249 760
6203 4 0 1077 1197 1197 1881
6204 4 0 762 759 759 1273
6205 4 0 1252 137 137 1157
6206 4 0 1274 1275 1275 1881
6207 4 0 853 135 135 1157
6208 4 0 1154 135 135 1157
6209 4 0 853 1029 1029 1157
6210 4 0 762 761 761 1031
6211 4 0 1089 1214 1214 1865
6212 4 0 996 431 431 461
6213 4 0 242 490 490 853
6214 4 0 1865 135 135 853
6215 4 0 1975 1020 1020 1031
6216 4 0 490 1020 1020 1883
6217 4 0 501 1850 1850 461
6218 4 0 557 556 556 629
6219 4 0 557 1925 1925 1929
6220 4 0 490 244 244 1883
6221 4 0 1929 557 557 629
6222 4 0 237 1045 1045 629
6223 4 0 1929 556 556 629
6224 4 0 557 1044 1044 629
6225 4 0 799 1001 1001 629
6226 4 0 1272 1968 1968 759
6227 4 0 1287 1272 1272 759
6228 4 0 1287 761 761 759
6229 4 0 1287 760 760 759
6230 4 0 242 1157 1157 1031
6231 4 0 1020 853 853 1031
6232 4 0 1156 1154 1154 1157
6233 4 0 853 1154 1154 1157
6234 4 0 853 1073 1073 1157
6235 4 0 1883 1274 1274 762
6236 4 0 759 1883 1883 1929
6237 4 0 240 607 607 1975
6238 4 0 1975 242 242 1157
6239 4 0 732 1156 1156 1157
6240 4 0 1282 1223 1223 1157
6241 4 0 2004 762 762 1031
6242 4 0 762 1157 1157 1031
6243 4 0 760 1249 1249 1031
6244 4 0 762 2004 2004 1275
6245 4 0 1883 1029 1029 762
6246 4 0 1274 1883 1883 762
6247 4 0 1251 2027 2027 1275
6248 4 0 800 1200 1200 1881
6249 4 0 135 853 853 1029
6250 4 0 1214 135 135 1029
6251 4 0 1028 135 135 1029
6252 4 0 1219 135 135 1029
6253 4 0 1865 1219 1219 1029
6254 4 0 1883 1020 1020 762
6255 4 0 853 1883 1883 1029
6256 4 0 1968 2004 2004 762
6257 4 0 760 730 730 1031
6258 4 0 762 2004 2004 1031
6259 4 0 2027 1968 1968 1031
6260 4 0 2027 2004 2004 1031
6261 4 0 1929 1281 1281 558
6262 4 0 431 500 500 461
6263 4 0 732 265 265 1157
6264 4 0 1047 556 556 557
6265 4 0 1666 1794 1794 1650
6266 4 0 762 1252 1252 1275
6267 4 0 1251 801 801 1275
6268 4 0 762 1020 1020 1031
6269 4 0 762 760 760 1031
6270 4 0 1252 1249 1249 1275
6271 4 0 760 1976 1976 1031
6272 4 0 760 1282 1282 1031
6273 4 0 762 1282 1282 1031
6274 4 0 1883 853 853 762
6275 4 0 1847 1850 1850 1047
6276 4 0 1929 609 609 558
6277 4 0 1029 1157 1157 762
6278 4 0 1157 1029 1029 762
6279 4 0 2027 1976 1976 1031
6280 4 0 1020 730 730 1031
6281 4 0 759 762 762 1273
6282 4 0 1275 801 801 1881
6283 4 0 800 1251 1251 1881
6284 4 0 556 205 205 558
6285 4 0 556 353 353 558
6286 4 0 1331 569 569 1312
6287 4 0 1855 1077 1077 1044
6288 4 0 623 499 499 502
6289 4 0 319 1146 1146 883
6290 4 0 1252 1225 1225 1275
6291 4 0 1029 1077 1077 1275
6292 4 0 1252 1029 1029 1275
6293 4 0 1273 1274 1274 1275
6294 4 0 1273 1029 1029 1275
6295 4 0 762 1029 1029 1275
6296 4 0 1255 431 431 996
6297 4 0 1906 1263 1263 1046
6298 4 0 673 777 777 500
6299 4 0 1044 1045 1045 629
6300 4 0 686 689 689 1046
6301 4 0 1847 1149 1149 500
6302 4 0 205 556 556 500
6303 4 0 1881 1077 1077 1855
6304 4 0 1143 1184 1184 1396
6305 4 0 1875 996 996 997
6306 4 0 460 996 996 1321
6307 4 0 1850 1210 1210 1047
6308 4 0 1045 1046 1046 1047
6309 4 0 1053 1210 1210 1047
6310 4 0 1974 1111 1111 1855
6311 4 0 1294 1199 1199 1855
6312 4 0 1255 1294 1294 1855
6313 4 0 1255 1045 1045 1855
6314 4 0 1294 1045 1045 1855
6315 4 0 1111 1974 1974 1855
6316 4 0 1245 147 147 1855
6317 4 0 721 1111 1111 1855
6318 4 0 147 1245 1245 1855
6319 4 0 721 1854 1854 1855
6320 4 0 721 1245 1245 1855
6321 4 0 1111 996 996 1855
6322 4 0 996 1045 1045 1855
6323 4 0 125 126 126 1053
6324 4 0 628 609 609 558
6325 4 0 1881 800 800 629
6326 4 0 1854 1028 1028 1046
6327 4 0 1281 409 409 557
6328 4 0 1028 1044 1044 1046
6329 4 0 1855 1028 1028 1046
6330 4 0 1906 1854 1854 1046
6331 4 0 1046 1271 1271 459
6332 4 0 1271 158 158 459
6333 4 0 1850 125 125 1053
6334 4 0 125 898 898 1053
6335 4 0 1045 1044 1044 1046
6336 4 0 1321 1045 1045 1046
6337 4 0 1045 1855 1855 1046
6338 4 0 777 862 862 500
6339 4 0 1047 205 205 500
6340 4 0 1850 126 126 1053
6341 4 0 126 1203 1203 1053
6342 4 0 1850 1203 1203 1053
6343 4 0 1883 1925 1925 557
6344 4 0 1044 1273 1273 629
6345 4 0 1274 1883 1883 557
6346 4 0 1884 1865 1865 557
6347 4 0 158 459 459 1053
6348 4 0 158 1906 1906 1053
6349 4 0 689 898 898 1053
6350 4 0 459 1046 1046 1053
6351 4 0 1046 689 689 1053
6352 4 0 53 568 568 432
6353 4 0 1044 1199 1199 629
6354 4 0 897 1210 1210 1047
6355 4 0 1847 862 862 500
6356 4 0 1210 1047 1047 500
6357 4 0 1047 1210 1210 500
6358 4 0 1210 862 862 500
6359 4 0 1047 1850 1850 500
6360 4 0 1053 1850 1850 500
6361 4 0 1850 1047 1047 500
6362 4 0 1850 1847 1847 500
6363 4 0 1203 1053 1053 461
6364 4 0 620 621 621 883
6365 4 0 689 222 222 557
6366 4 0 898 222 222 557
6367 4 0 222 205 205 557
6368 4 0 222 409 409 557
6369 4 0 689 1089 1089 557
6370 4 0 1089 408 408 557
6371 4 0 409 222 222 557
6372 4 0 862 1210 1210 557
6373 4 0 862 1047 1047 557
6374 4 0 862 205 205 557
6375 4 0 1865 1044 1044 557
6376 4 0 408 1089 1089 557
6377 4 0 408 1884 1884 557
6378 4 0 408 1925 1925 557
6379 4 0 1219 1865 1865 557
6380 4 0 689 1219 1219 557
6381 4 0 1044 1865 1865 557
6382 4 0 689 1044 1044 557
6383 4 0 1250 1929 1929 629
6384 4 0 759 1968 1968 629
6385 4 0 801 1968 1968 629
6386 4 0 1273 1968 1968 629
6387 4 0 77 132 132 2029
6388 4 0 415 1398 1398 992
6389 4 0 1143 942 942 1396
6390 4 0 414 997 997 1874
6391 4 0 1437 1229 1229 2034
6392 4 0 883 621 621 884
6393 4 0 704 621 621 432
6394 4 0 1832 621 621 884
6395 4 0 234 1860 1860 1284
6396 4 0 1255 996 996 1113
6397 4 0 777 500 500 622
6398 4 0 431 319 319 622
6399 4 0 630 1227 1227 2026
6400 4 0 1850 461 461 502
6401 4 0 1874 1261 1261 883
6402 4 0 995 460 460 1875
6403 4 0 995 997 997 1874
6404 4 0 995 1144 1144 1874
6405 4 0 1143 501 501 1144
6406 4 0 1398 1181 1181 1553
6407 4 0 431 461 461 622
6408 4 0 1920 1143 1143 1145
6409 4 0 622 1255 1255 1256
6410 4 0 1860 131 131 1284
6411 4 0 685 1180 1180 1061
6412 4 0 2032 174 174 1512
6413 4 0 993 1398 1398 992
6414 4 0 1816 319 319 883
6415 4 0 1059 993 993 1061
6416 4 0 1291 1112 1112 1113
6417 4 0 1203 1850 1850 502
6418 4 0 461 1850 1850 502
6419 4 0 1181 992 992 1061
6420 4 0 1396 1203 1203 1144
6421 4 0 623 622 622 997
6422 4 0 2030 452 452 1885
6423 4 0 1833 549 549 14
6424 4 0 997 996 996 1113
6425 4 0 1203 1396 1396 1144
6426 4 0 160 1059 1059 1061
6427 4 0 461 1203 1203 502
6428 4 0 460 995 995 1875
6429 4 0 888 867 867 1196
6430 4 0 502 1203 1203 1438
6431 4 0 160 460 460 1438
6432 4 0 197 234 234 1312
6433 4 0 1874 414 414 649
6434 4 0 622 499 499 883
6435 4 0 996 1111 1111 1875
6436 4 0 1332 69 69 446
6437 4 0 1111 996 996 1875
6438 4 0 993 1181 1181 992
6439 4 0 1816 416 416 883
6440 4 0 461 460 460 995
6441 4 0 623 461 461 995
6442 4 0 622 461 461 995
6443 4 0 502 461 461 995
6444 4 0 502 460 460 995
6445 4 0 995 622 622 997
6446 4 0 1875 1291 1291 997
6447 4 0 1438 460 460 995
6448 4 0 416 133 133 131
6449 4 0 502 501 501 1144
6450 4 0 1165 864 864 2022
6451 4 0 1504 1353 1353 281
6452 4 0 1524 1309 1309 1129
6453 4 0 49 865 865 1196
6454 4 0 1112 1255 1255 1113
6455 4 0 415 995 995 992
6456 4 0 1112 868 868 1256
6457 4 0 1398 995 995 992
6458 4 0 446 70 70 134
6459 4 0 1872 1860 1860 1878
6460 4 0 236 234 234 1877
6461 4 0 132 133 133 1012
6462 4 0 132 416 416 1012
6463 4 0 415 132 132 1012
6464 4 0 1113 622 622 1256
6465 4 0 1262 997 997 1256
6466 4 0 1877 1113 1113 1256
6467 4 0 1262 1877 1877 1256
6468 4 0 1877 1262 1262 1256
6469 4 0 1262 622 622 1256
6470 4 0 996 1113 1113 1256
6471 4 0 1113 996 996 1256
6472 4 0 622 996 996 1256
6473 4 0 1872 1873 1873 1878
6474 4 0 446 1313 1313 77
6475 4 0 234 1877 1877 1256
6476 4 0 1255 1113 1113 1256
6477 4 0 1113 1877 1877 1256
6478 4 0 1874 131 131 883
6479 4 0 1860 1292 1292 1403
6480 4 0 76 75 75 77
6481 4 0 1285 569 569 1312
6482 4 0 98 1496 1496 1340
6483 4 0 1528 1652 1652 480
6484 4 0 447 432 432 1292
6485 4 0 1402 297 297 1403
6486 4 0 1146 1874 1874 883
6487 4 0 432 1857 1857 1292
6488 4 0 568 430 430 1284
6489 4 0 281 1547 1547 280
6490 4 0 1535 1389 1389 1310
6491 4 0 1513 1286 1286 1043
6492 4 0 432 621 621 883
6493 4 0 2016 1227 1227 1499
6494 4 0 1398 1396 1396 1144
6495 4 0 1438 1203 1203 1396
6496 4 0 1181 1438 1438 1396
6497 4 0 58 1203 1203 1396
6498 4 0 1203 1438 1438 1144
6499 4 0 58 160 160 1396
6500 4 0 995 502 502 1144
6501 4 0 1164 942 942 1396
6502 4 0 1164 58 58 1396
6503 4 0 489 487 487 2035
6504 4 0 1661 1399 1399 1290
6505 4 0 414 1398 1398 993
6506 4 0 868 1312 1312 76
6507 4 0 487 470 470 471
6508 4 0 1165 415 415 994
6509 4 0 470 1129 1129 469
6510 4 0 1438 1060 1060 1059
6511 4 0 1875 460 460 1059
6512 4 0 1436 324 324 1437
6513 4 0 1677 1605 1605 1117
6514 4 0 1143 1920 1920 1145
6515 4 0 1783 2036 2036 28
6516 4 0 1143 462 462 1145
6517 4 0 1259 1257 1257 1260
6518 4 0 414 1398 1398 649
6519 4 0 1386 1396 1396 1145
6520 4 0 1513 1437 1437 395
6521 4 0 1671 1612 1612 1625
6522 4 0 1783 25 25 28
6523 4 0 545 1567 1567 1574
6524 4 0 1518 1519 1519 28
6525 4 0 1346 1377 1377 1776
6526 4 0 1055 1266 1266 1919
6527 4 0 1653 1709 1709 979
6528 4 0 1097 1470 1470 1612
6529 4 0 1054 324 324 1517
6530 4 0 946 128 128 947
6531 4 0 217 462 462 1145
6532 4 0 1869 1511 1511 1831
6533 4 0 623 995 995 1874
6534 4 0 623 1261 1261 1874
6535 4 0 98 1462 1462 1340
6536 4 0 499 1146 1146 1874
6537 4 0 1144 623 623 1874
6538 4 0 1832 704 704 297
6539 4 0 997 1262 1262 1874
6540 4 0 1396 1085 1085 1553
6541 4 0 68 1340 1340 1455
6542 4 0 1396 1145 1145 1553
6543 4 0 1144 1396 1396 1874
6544 4 0 327 1652 1652 1662
6545 4 0 295 704 704 297
6546 4 0 992 1181 1181 1553
6547 4 0 132 1877 1877 131
6548 4 0 416 132 132 131
6549 4 0 415 132 132 131
6550 4 0 416 415 415 131
6551 4 0 414 415 415 131
6552 4 0 416 414 414 131
6553 4 0 997 1874 1874 131
6554 4 0 1262 1874 1874 131
6555 4 0 997 1877 1877 131
6556 4 0 26 1918 1918 1783
6557 4 0 1538 64 64 651
6558 4 0 297 171 171 1967
6559 4 0 447 134 134 2034
6560 4 0 432 1262 1262 883
6561 4 0 1877 131 131 883
6562 4 0 131 1877 1877 883
6563 4 0 1877 234 234 883
6564 4 0 569 1285 1285 1312
6565 4 0 53 432 432 1284
6566 4 0 1313 49 49 76
6567 4 0 1437 1012 1012 2034
6568 4 0 1434 288 288 1303
6569 4 0 926 174 174 928
6570 4 0 883 416 416 447
6571 4 0 395 326 326 651
6572 4 0 133 131 131 447
6573 4 0 1534 1433 1433 1455
6574 4 0 1334 1877 1877 1416
6575 4 0 883 131 131 1284
6576 4 0 98 471 471 486
6577 4 0 2022 149 149 2016
6578 4 0 295 171 171 297
6579 4 0 295 679 679 297
6580 4 0 1334 131 131 1416
6581 4 0 1859 1403 1403 2021
6582 4 0 1857 1292 1292 1284
6583 4 0 883 236 236 1284
6584 4 0 883 234 234 1284
6585 4 0 1873 1403 1403 1878
6586 4 0 1390 630 630 1983
6587 4 0 1271 875 875 1059
6588 4 0 1860 1331 1331 1873
6589 4 0 1061 1353 1353 281
6590 4 0 1390 1391 1391 1885
6591 4 0 1872 1401 1401 69
6592 4 0 1402 294 294 1859
6593 4 0 1227 890 890 891
6594 4 0 1860 1857 1857 1285
6595 4 0 1292 131 131 1860
6596 4 0 131 447 447 134
6597 4 0 1292 883 883 1860
6598 4 0 1878 1860 1860 1312
6599 4 0 296 297 297 1859
6600 4 0 297 1403 1403 1859
6601 4 0 637 568 568 1876
6602 4 0 637 704 704 1876
6603 4 0 1410 294 294 1876
6604 4 0 1410 704 704 1876
6605 4 0 704 1857 1857 1876
6606 4 0 294 297 297 1876
6607 4 0 1292 1857 1857 1876
6608 4 0 297 1292 1292 1876
6609 4 0 1292 1860 1860 1876
6610 4 0 297 1860 1860 1876
6611 4 0 1206 132 132 134
6612 4 0 1857 569 569 1876
6613 4 0 1341 1799 1799 73
6614 4 0 569 1857 1857 1876
6615 4 0 297 1876 1876 1402
6616 4 0 1860 1876 1876 1402
6617 4 0 1860 1878 1878 1312
6618 4 0 1877 131 131 1416
6619 4 0 1403 447 447 1872
6620 4 0 171 297 297 1859
6621 4 0 469 1302 1302 1462
6622 4 0 1403 297 297 1967
6623 4 0 1873 1872 1872 1878
6624 4 0 447 1872 1872 2021
6625 4 0 1403 1331 1331 1873
6626 4 0 1292 1832 1832 1967
6627 4 0 327 1615 1615 1662
6628 4 0 2021 447 447 1967
6629 4 0 1446 1870 1870 2032
6630 4 0 1292 297 297 1967
6631 4 0 2021 1403 1403 1967
6632 4 0 1967 447 447 2032
6633 4 0 1401 1446 1446 69
6634 4 0 1872 2021 2021 69
6635 4 0 927 1445 1445 2032
6636 4 0 1403 2021 2021 1967
6637 4 0 1403 1859 1859 1967
6638 4 0 297 1859 1859 1967
6639 4 0 76 1314 1314 77
6640 4 0 171 1859 1859 1967
6641 4 0 1476 470 470 471
6642 4 0 1403 1860 1860 1331
6643 4 0 1402 1860 1860 1331
6644 4 0 1332 1403 1403 1331
6645 4 0 1256 1312 1312 1313
6646 4 0 1878 1877 1877 1312
6647 4 0 1967 1446 1446 1401
6648 4 0 1967 2021 2021 1401
6649 4 0 2021 1872 1872 1401
6650 4 0 234 1860 1860 1878
6651 4 0 1312 1873 1873 1334
6652 4 0 1314 1333 1333 1334
6653 4 0 1877 1256 1256 1312
6654 4 0 1873 569 569 1312
6655 4 0 630 631 631 1500
6656 4 0 52 1314 1314 76
6657 4 0 1313 1314 1314 1334
6658 4 0 1314 1313 1313 1334
6659 4 0 1227 1499 1499 2026
6660 4 0 1877 1312 1312 1334
6661 4 0 1878 1873 1873 446
6662 4 0 1857 1860 1860 1312
6663 4 0 1314 1331 1331 1312
6664 4 0 132 1313 1313 1416
6665 4 0 208 1787 1787 209
6666 4 0 1095 1523 1523 1096
6667 4 0 69 1332 1332 446
6668 4 0 49 132 132 2029
6669 4 0 1333 70 70 446
6670 4 0 49 864 864 2029
6671 4 0 1392 1311 1311 1391
6672 4 0 1334 1873 1873 446
6673 4 0 1860 447 447 1878
6674 4 0 1333 69 69 1332
6675 4 0 1401 69 69 1332
6676 4 0 2025 631 631 1389
6677 4 0 52 51 51 748
6678 4 0 288 1534 1534 1434
6679 4 0 1331 196 196 1312
6680 4 0 1331 1312 1312 1334
6681 4 0 1312 1313 1313 76
6682 4 0 1332 1402 1402 1331
6683 4 0 1333 1313 1313 77
6684 4 0 1112 49 49 76
6685 4 0 1331 1860 1860 1873
6686 4 0 1447 1340 1340 1455
6687 4 0 1256 868 868 1312
6688 4 0 1285 234 234 1312
6689 4 0 1256 196 196 1312
6690 4 0 1313 1312 1312 1334
6691 4 0 1878 131 131 1334
6692 4 0 632 1548 1548 750
6693 4 0 70 134 134 1230
6694 4 0 1256 1877 1877 76
6695 4 0 50 1196 1196 52
6696 4 0 1877 132 132 49
6697 4 0 1332 1333 1333 1314
6698 4 0 1481 522 522 481
6699 4 0 1391 470 470 1129
6700 4 0 631 864 864 2029
6701 4 0 75 749 749 750
6702 4 0 41 43 43 784
6703 4 0 1285 1857 1857 1312
6704 4 0 1872 69 69 446
6705 4 0 134 132 132 1416
6706 4 0 1313 446 446 1416
6707 4 0 1878 1332 1332 446
6708 4 0 447 1878 1878 446
6709 4 0 471 487 487 486
6710 4 0 1334 1332 1332 446
6711 4 0 1334 1331 1331 446
6712 4 0 1873 1331 1331 446
6713 4 0 51 864 864 2029
6714 4 0 1829 1580 1580 485
6715 4 0 131 1334 1334 446
6716 4 0 1878 447 447 446
6717 4 0 2029 1485 1485 1536
6718 4 0 1334 1313 1313 446
6719 4 0 98 1513 1513 1041
6720 4 0 1012 1042 1042 1230
6721 4 0 785 41 41 784
6722 4 0 77 49 49 2029
6723 4 0 488 633 633 1390
6724 4 0 1206 134 134 1416
6725 4 0 70 134 134 1416
6726 4 0 132 134 134 1416
6727 4 0 49 1313 1313 77
6728 4 0 869 868 868 1196
6729 4 0 1061 1181 1181 281
6730 4 0 1391 1336 1336 1129
6731 4 0 1061 683 683 281
6732 4 0 2015 1922 1922 2003
6733 4 0 1504 1389 1389 1500
6734 4 0 1607 2012 2012 2037
6735 4 0 281 1049 1049 280
6736 4 0 1013 146 146 1228
6737 4 0 1499 1227 1227 2026
6738 4 0 1189 682 682 1190
6739 4 0 1423 1422 1422 2024
6740 4 0 1499 2005 2005 2026
6741 4 0 1877 49 49 76
6742 4 0 282 1310 1310 1392
6743 4 0 868 1256 1256 76
6744 4 0 149 2022 2022 2016
6745 4 0 1390 630 630 2026
6746 4 0 415 1875 1875 994
6747 4 0 1060 875 875 1059
6748 4 0 873 1226 1226 1499
6749 4 0 864 1291 1291 49
6750 4 0 149 865 865 49
6751 4 0 1113 1877 1877 49
6752 4 0 632 891 891 633
6753 4 0 1423 2003 2003 1985
6754 4 0 865 149 149 1227
6755 4 0 1264 1435 1435 2038
6756 4 0 149 1195 1195 49
6757 4 0 1438 1059 1059 1061
6758 4 0 749 75 75 750
6759 4 0 630 1390 1390 2033
6760 4 0 633 1548 1548 2033
6761 4 0 867 868 868 1196
6762 4 0 1130 453 453 97
6763 4 0 867 866 866 1196
6764 4 0 749 1485 1485 750
6765 4 0 632 631 631 748
6766 4 0 750 632 632 891
6767 4 0 1194 1922 1922 2003
6768 4 0 1445 1967 1967 2032
6769 4 0 2029 1206 1206 1368
6770 4 0 888 146 146 1227
6771 4 0 2005 890 890 1227
6772 4 0 1536 1548 1548 2033
6773 4 0 2015 1194 1194 2003
6774 4 0 51 631 631 2025
6775 4 0 633 632 632 2025
6776 4 0 1877 1313 1313 49
6777 4 0 868 1112 1112 49
6778 4 0 868 1195 1195 49
6779 4 0 1389 633 633 2033
6780 4 0 1548 632 632 750
6781 4 0 149 1227 1227 864
6782 4 0 75 52 52 750
6783 4 0 683 1306 1306 1059
6784 4 0 1112 1877 1877 49
6785 4 0 1112 1113 1113 49
6786 4 0 1848 1823 1823 1821
6787 4 0 750 488 488 633
6788 4 0 1303 1513 1513 326
6789 4 0 1437 1555 1555 395
6790 4 0 1279 1616 1616 924
6791 4 0 2032 1870 1870 1512
6792 4 0 864 149 149 49
6793 4 0 149 1112 1112 49
6794 4 0 1312 868 868 76
6795 4 0 868 1196 1196 76
6796 4 0 52 1196 1196 76
6797 4 0 1196 868 868 76
6798 4 0 1196 866 866 76
6799 4 0 49 866 866 76
6800 4 0 2025 1547 1547 1389
6801 4 0 76 49 49 77
6802 4 0 51 75 75 77
6803 4 0 1536 1485 1485 749
6804 4 0 1165 864 864 2029
6805 4 0 748 749 749 750
6806 4 0 631 1165 1165 2025
6807 4 0 1498 2005 2005 2018
6808 4 0 1227 748 748 891
6809 4 0 631 864 864 748
6810 4 0 51 864 864 748
6811 4 0 1165 51 51 2029
6812 4 0 1416 70 70 2029
6813 4 0 1253 1806 1806 1496
6814 4 0 453 100 100 1513
6815 4 0 1547 1165 1165 2029
6816 4 0 1206 1165 1165 2029
6817 4 0 1314 76 76 75
6818 4 0 1196 1314 1314 75
6819 4 0 1485 1333 1333 77
6820 4 0 75 1333 1333 77
6821 4 0 487 1485 1485 1536
6822 4 0 49 76 76 77
6823 4 0 1313 1416 1416 77
6824 4 0 1485 70 70 2029
6825 4 0 1416 446 446 2029
6826 4 0 70 446 446 2029
6827 4 0 77 1333 1333 2029
6828 4 0 1416 77 77 2029
6829 4 0 1333 77 77 2029
6830 4 0 77 1416 1416 2029
6831 4 0 1416 1206 1206 2029
6832 4 0 75 77 77 2029
6833 4 0 77 75 75 2029
6834 4 0 99 469 469 1462
6835 4 0 748 1227 1227 891
6836 4 0 149 1228 1228 875
6837 4 0 2003 1559 1559 1985
6838 4 0 1059 160 160 1061
6839 4 0 750 748 748 891
6840 4 0 472 1264 1264 453
6841 4 0 1130 1435 1435 453
6842 4 0 1435 2038 2038 453
6843 4 0 865 1227 1227 891
6844 4 0 2029 51 51 749
6845 4 0 2029 75 75 749
6846 4 0 2005 1499 1499 874
6847 4 0 1485 1536 1536 749
6848 4 0 1388 861 861 874
6849 4 0 890 1422 1422 891
6850 4 0 864 1227 1227 748
6851 4 0 630 2026 2026 1498
6852 4 0 749 51 51 748
6853 4 0 890 2017 2017 891
6854 4 0 631 51 51 2025
6855 4 0 749 1536 1536 2025
6856 4 0 1498 2018 2018 874
6857 4 0 1504 1388 1388 1500
6858 4 0 51 749 749 2025
6859 4 0 51 2029 2029 2025
6860 4 0 1165 1353 1353 994
6861 4 0 2017 889 889 891
6862 4 0 1353 994 994 1352
6863 4 0 2017 891 891 2026
6864 4 0 1983 1388 1388 1498
6865 4 0 1196 865 865 750
6866 4 0 50 748 748 750
6867 4 0 1196 50 50 750
6868 4 0 748 50 50 750
6869 4 0 1196 52 52 750
6870 4 0 1536 487 487 2025
6871 4 0 1042 1012 1012 1043
6872 4 0 1536 2025 2025 2033
6873 4 0 2029 487 487 2025
6874 4 0 749 51 51 2025
6875 4 0 633 1536 1536 2025
6876 4 0 632 633 633 2025
6877 4 0 1165 2029 2029 2025
6878 4 0 891 632 632 630
6879 4 0 631 748 748 630
6880 4 0 891 748 748 630
6881 4 0 864 748 748 630
6882 4 0 891 864 864 630
6883 4 0 683 1182 1182 874
6884 4 0 1226 1291 1291 875
6885 4 0 1388 861 861 1503
6886 4 0 1600 1995 1995 1634
6887 4 0 874 1226 1226 875
6888 4 0 2022 1165 1165 994
6889 4 0 487 2025 2025 1535
6890 4 0 1390 1388 1388 1983
6891 4 0 1517 926 926 327
6892 4 0 1308 1503 1503 2019
6893 4 0 395 1050 1050 1097
6894 4 0 1547 1389 1389 1535
6895 4 0 283 472 472 1476
6896 4 0 1389 1390 1390 2033
6897 4 0 2033 1535 1535 1311
6898 4 0 1229 1042 1042 1230
6899 4 0 633 630 630 1390
6900 4 0 1498 200 200 2018
6901 4 0 149 147 147 1228
6902 4 0 1233 1264 1264 1435
6903 4 0 633 631 631 1389
6904 4 0 997 132 132 994
6905 4 0 1360 98 98 471
6906 4 0 1504 1547 1547 281
6907 4 0 864 2022 2022 994
6908 4 0 2033 488 488 1535
6909 4 0 2025 2033 2033 1535
6910 4 0 2033 2025 2025 1535
6911 4 0 1392 1547 1547 1476
6912 4 0 1390 2033 2033 1535
6913 4 0 1652 1743 1743 481
6914 4 0 993 1353 1353 281
6915 4 0 2022 1353 1353 994
6916 4 0 1049 1050 1050 1052
6917 4 0 1291 132 132 994
6918 4 0 1353 1389 1389 1504
6919 4 0 630 1390 1390 1388
6920 4 0 1389 631 631 1388
6921 4 0 994 1353 1353 1059
6922 4 0 1227 864 864 2022
6923 4 0 994 1875 1875 1226
6924 4 0 1291 149 149 2022
6925 4 0 132 864 864 2022
6926 4 0 875 1060 1060 1059
6927 4 0 1483 1050 1050 1231
6928 4 0 1484 1483 1483 1290
6929 4 0 682 698 698 1188
6930 4 0 1388 1983 1983 1308
6931 4 0 1226 1499 1499 874
6932 4 0 2003 1194 1194 1985
6933 4 0 1499 1226 1226 874
6934 4 0 2006 1570 1570 1221
6935 4 0 1229 280 280 1437
6936 4 0 488 1535 1535 1311
6937 4 0 1984 2015 2015 2003
6938 4 0 199 200 200 2024
6939 4 0 890 1227 1227 1499
6940 4 0 281 282 282 283
6941 4 0 1130 1233 1233 2038
6942 4 0 66 1671 1671 1624
6943 4 0 1547 2022 2022 1353
6944 4 0 1389 2022 2022 1353
6945 4 0 415 1165 1165 994
6946 4 0 1875 875 875 1059
6947 4 0 874 683 683 1500
6948 4 0 1233 451 451 1130
6949 4 0 874 1499 1499 1500
6950 4 0 1423 1985 1985 2018
6951 4 0 2022 864 864 2016
6952 4 0 2022 631 631 2016
6953 4 0 1042 1043 1043 1230
6954 4 0 1423 2003 2003 2020
6955 4 0 1183 200 200 874
6956 4 0 1227 146 146 1499
6957 4 0 2016 873 873 1226
6958 4 0 1060 160 160 1061
6959 4 0 875 683 683 1059
6960 4 0 1165 2022 2022 1353
6961 4 0 2017 1390 1390 2026
6962 4 0 1227 149 149 1228
6963 4 0 1059 1353 1353 1061
6964 4 0 1182 683 683 874
6965 4 0 1013 1183 1183 1228
6966 4 0 1438 160 160 1059
6967 4 0 1422 2017 2017 2026
6968 4 0 2017 1423 1423 1985
6969 4 0 992 1875 1875 994
6970 4 0 1291 997 997 994
6971 4 0 994 1352 1352 1226
6972 4 0 1997 1661 1661 1152
6973 4 0 994 2016 2016 1226
6974 4 0 1469 1399 1399 1169
6975 4 0 1228 2005 2005 1499
6976 4 0 1421 1422 1422 2024
6977 4 0 2017 630 630 2026
6978 4 0 2016 631 631 1499
6979 4 0 1228 146 146 1499
6980 4 0 1498 2017 2017 1985
6981 4 0 1111 147 147 1228
6982 4 0 1352 2022 2022 2016
6983 4 0 1352 1353 1353 2016
6984 4 0 1353 2022 2022 2016
6985 4 0 864 2022 2022 2016
6986 4 0 873 631 631 1499
6987 4 0 1498 1183 1183 2018
6988 4 0 630 631 631 1499
6989 4 0 1189 1049 1049 1387
6990 4 0 1875 1111 1111 875
6991 4 0 874 1183 1183 875
6992 4 0 874 873 873 875
6993 4 0 1306 1182 1182 875
6994 4 0 1183 874 874 875
6995 4 0 874 1182 1182 875
6996 4 0 1232 1233 1233 451
6997 4 0 1169 1288 1288 1290
6998 4 0 1498 1422 1422 2018
6999 4 0 1012 1547 1547 1042
7000 4 0 1423 2017 2017 2018
7001 4 0 2026 2005 2005 1498
7002 4 0 2005 1183 1183 874
7003 4 0 1228 1183 1183 874
7004 4 0 2026 630 630 1498
7005 4 0 2005 2026 2026 1498
7006 4 0 1353 1059 1059 1061
7007 4 0 1072 1071 1071 1097
7008 4 0 1388 631 631 1500
7009 4 0 875 873 873 1059
7010 4 0 1983 630 630 1498
7011 4 0 1422 889 889 1423
7012 4 0 1922 2003 2003 1423
7013 4 0 2003 1922 1922 1423
7014 4 0 1985 1423 1423 2018
7015 4 0 1422 2024 2024 2018
7016 4 0 2024 1422 1422 2018
7017 4 0 2024 200 200 2018
7018 4 0 2003 1985 1985 2018
7019 4 0 2024 198 198 2018
7020 4 0 1194 1985 1985 2018
7021 4 0 198 1194 1194 2018
7022 4 0 1985 1194 1194 2018
7023 4 0 198 1559 1559 2018
7024 4 0 1559 198 198 2018
7025 4 0 149 1291 1291 875
7026 4 0 1336 1130 1130 1129
7027 4 0 1535 1311 1311 1392
7028 4 0 282 1535 1535 1392
7029 4 0 1985 1559 1559 2018
7030 4 0 1985 1983 1983 2018
7031 4 0 1226 1875 1875 875
7032 4 0 2018 861 861 874
7033 4 0 1192 200 200 874
7034 4 0 1192 1182 1182 874
7035 4 0 198 1192 1192 874
7036 4 0 200 1192 1192 874
7037 4 0 2018 200 200 874
7038 4 0 2018 198 198 874
7039 4 0 200 2018 2018 874
7040 4 0 1271 1168 1168 875
7041 4 0 1182 1183 1183 875
7042 4 0 1271 1060 1060 875
7043 4 0 1182 1168 1168 875
7044 4 0 1183 1228 1228 875
7045 4 0 1013 1271 1271 875
7046 4 0 1228 147 147 875
7047 4 0 147 1271 1271 875
7048 4 0 147 1228 1228 875
7049 4 0 1111 1271 1271 875
7050 4 0 160 1438 1438 1061
7051 4 0 1438 992 992 1061
7052 4 0 631 1389 1389 1500
7053 4 0 1353 873 873 1061
7054 4 0 1875 1060 1060 1059
7055 4 0 874 1388 1388 1500
7056 4 0 1309 1390 1390 1311
7057 4 0 1390 1310 1310 1311
7058 4 0 2018 1559 1559 1503
7059 4 0 2018 1983 1983 1503
7060 4 0 1336 282 282 1231
7061 4 0 2018 861 861 1503
7062 4 0 1504 281 281 1505
7063 4 0 2015 2003 2003 2020
7064 4 0 1547 280 280 283
7065 4 0 1309 2019 2019 1565
7066 4 0 2019 1503 1503 2020
7067 4 0 1559 1984 1984 2020
7068 4 0 1503 1388 1388 1310
7069 4 0 683 873 873 1500
7070 4 0 1388 2018 2018 1503
7071 4 0 1388 1498 1498 1503
7072 4 0 1983 1308 1308 1503
7073 4 0 1543 1508 1508 305
7074 4 0 1392 1310 1310 1391
7075 4 0 280 1229 1229 1437
7076 4 0 470 99 99 97
7077 4 0 1476 472 472 97
7078 4 0 1311 1310 1310 1391
7079 4 0 1264 1050 1050 1233
7080 4 0 1150 1521 1521 1153
7081 4 0 683 1388 1388 1503
7082 4 0 683 861 861 1503
7083 4 0 1381 2020 2020 1565
7084 4 0 2019 1309 1309 1565
7085 4 0 2020 1308 1308 1565
7086 4 0 1097 1050 1050 1661
7087 4 0 1400 1997 1997 1661
7088 4 0 1503 1559 1559 2020
7089 4 0 2019 1381 1381 2020
7090 4 0 1503 1381 1381 2020
7091 4 0 1559 1381 1381 2020
7092 4 0 1286 1229 1229 1437
7093 4 0 1476 470 470 1391
7094 4 0 453 452 452 97
7095 4 0 1308 1983 1983 2020
7096 4 0 1983 1423 1423 2020
7097 4 0 1983 2017 2017 2020
7098 4 0 2020 1565 1565 1383
7099 4 0 1381 2015 2015 2020
7100 4 0 1808 171 171 2032
7101 4 0 2033 1390 1390 1311
7102 4 0 282 472 472 1476
7103 4 0 1339 1042 1042 1043
7104 4 0 2020 1390 1390 1309
7105 4 0 1513 472 472 1041
7106 4 0 1534 1253 1253 1533
7107 4 0 1661 1400 1400 1290
7108 4 0 1233 282 282 2038
7109 4 0 380 445 445 381
7110 4 0 1364 1365 1365 811
7111 4 0 1504 1505 1505 1310
7112 4 0 283 282 282 1042
7113 4 0 1323 1393 1393 1508
7114 4 0 98 469 469 1462
7115 4 0 1504 1389 1389 282
7116 4 0 1565 1564 1564 1336
7117 4 0 1130 451 451 1129
7118 4 0 280 283 283 1042
7119 4 0 1365 2039 2039 1544
7120 4 0 1389 1535 1535 282
7121 4 0 651 1615 1615 327
7122 4 0 260 1515 1515 1395
7123 4 0 1577 810 810 1509
7124 4 0 1523 450 450 1365
7125 4 0 280 1547 1547 1042
7126 4 0 1977 1950 1950 919
7127 4 0 1288 1382 1382 1522
7128 4 0 1328 1329 1329 1672
7129 4 0 1151 1288 1288 1522
7130 4 0 1565 1309 1309 1505
7131 4 0 1310 1390 1390 1311
7132 4 0 684 1050 1050 1049
7133 4 0 1552 1980 1980 1126
7134 4 0 684 281 281 1049
7135 4 0 282 281 281 1049
7136 4 0 1661 1483 1483 1290
7137 4 0 1123 1150 1150 1153
7138 4 0 1661 1288 1288 1290
7139 4 0 272 352 352 1066
7140 4 0 1505 281 281 282
7141 4 0 1052 473 473 1229
7142 4 0 416 883 883 1436
7143 4 0 416 884 884 1436
7144 4 0 1051 1049 1049 1052
7145 4 0 472 282 282 473
7146 4 0 1181 684 684 1049
7147 4 0 1085 1052 1052 1437
7148 4 0 974 973 973 975
7149 4 0 1141 1566 1566 1525
7150 4 0 1347 1095 1095 1661
7151 4 0 1231 282 282 1484
7152 4 0 1571 1470 1470 2007
7153 4 0 1381 1552 1552 1383
7154 4 0 1139 1566 1566 1525
7155 4 0 544 1096 1096 546
7156 4 0 1231 1050 1050 1484
7157 4 0 282 1231 1231 1232
7158 4 0 1130 282 282 2038
7159 4 0 2040 100 100 1461
7160 4 0 1050 1505 1505 1484
7161 4 0 1130 451 451 453
7162 4 0 451 1524 1524 1129
7163 4 0 1552 1565 1565 1383
7164 4 0 1553 1181 1181 1387
7165 4 0 1382 1150 1150 1522
7166 4 0 1231 1505 1505 1484
7167 4 0 1231 1336 1336 1484
7168 4 0 1336 1505 1505 1484
7169 4 0 443 1515 1515 1395
7170 4 0 469 2039 2039 1885
7171 4 0 1515 443 443 1395
7172 4 0 451 1233 1233 1130
7173 4 0 1311 1535 1535 1392
7174 4 0 487 1536 1536 1392
7175 4 0 993 415 415 280
7176 4 0 281 1165 1165 280
7177 4 0 1232 1524 1524 1129
7178 4 0 1012 414 414 280
7179 4 0 1476 98 98 97
7180 4 0 1564 1336 1336 1232
7181 4 0 1309 1310 1310 1391
7182 4 0 1806 71 71 1447
7183 4 0 100 2040 2040 1461
7184 4 0 1485 489 489 1368
7185 4 0 1887 1231 1231 1366
7186 4 0 1435 450 450 1365
7187 4 0 1042 1476 1476 1043
7188 4 0 1336 1391 1391 1129
7189 4 0 1336 1232 1232 1524
7190 4 0 1336 1564 1564 1524
7191 4 0 1095 424 424 1661
7192 4 0 1309 1564 1564 1524
7193 4 0 1308 1565 1565 1524
7194 4 0 1565 1308 1308 1524
7195 4 0 1309 1308 1308 1524
7196 4 0 424 1470 1470 1661
7197 4 0 1470 1050 1050 1661
7198 4 0 1233 1095 1095 1661
7199 4 0 1232 1231 1231 1524
7200 4 0 1347 1364 1364 1661
7201 4 0 1484 1564 1564 1524
7202 4 0 1190 1151 1151 1153
7203 4 0 1051 1386 1386 1948
7204 4 0 1393 1577 1577 810
7205 4 0 1382 1381 1381 1383
7206 4 0 2030 1394 1394 2039
7207 4 0 100 99 99 1461
7208 4 0 99 97 97 100
7209 4 0 1391 1309 1309 1885
7210 4 0 1515 260 260 1577
7211 4 0 1393 260 260 1577
7212 4 0 1395 1515 1515 1523
7213 4 0 1395 259 259 2030
7214 4 0 450 2040 2040 2030
7215 4 0 100 443 443 1096
7216 4 0 450 1886 1886 1365
7217 4 0 441 1515 1515 1577
7218 4 0 1391 1392 1392 471
7219 4 0 453 2038 2038 97
7220 4 0 1476 2038 2038 97
7221 4 0 453 1130 1130 97
7222 4 0 1253 469 469 1462
7223 4 0 1552 1289 1289 1525
7224 4 0 1555 1437 1437 395
7225 4 0 487 1165 1165 1012
7226 4 0 132 415 415 1012
7227 4 0 447 884 884 1436
7228 4 0 487 1206 1206 1012
7229 4 0 1049 993 993 280
7230 4 0 1049 281 281 280
7231 4 0 1535 488 488 1392
7232 4 0 1206 1012 1012 1042
7233 4 0 2038 282 282 472
7234 4 0 470 99 99 469
7235 4 0 1229 1437 1437 1555
7236 4 0 1535 487 487 1392
7237 4 0 1325 326 326 1531
7238 4 0 1770 1781 1781 289
7239 4 0 978 1784 1784 980
7240 4 0 1456 68 68 1455
7241 4 0 649 1538 1538 651
7242 4 0 1496 1534 1534 1447
7243 4 0 1548 487 487 489
7244 4 0 469 99 99 1461
7245 4 0 1129 99 99 97
7246 4 0 70 2029 2029 1368
7247 4 0 884 1816 1816 1436
7248 4 0 1052 1264 1264 473
7249 4 0 1052 1050 1050 473
7250 4 0 927 1433 1433 1455
7251 4 0 1042 1547 1547 1392
7252 4 0 473 282 282 283
7253 4 0 280 473 473 283
7254 4 0 1052 282 282 283
7255 4 0 1052 1049 1049 283
7256 4 0 280 1049 1049 283
7257 4 0 1505 1309 1309 1310
7258 4 0 1309 1308 1308 1310
7259 4 0 1503 1308 1308 1310
7260 4 0 1389 282 282 1310
7261 4 0 282 1505 1505 1310
7262 4 0 1505 282 282 1310
7263 4 0 1052 1437 1437 395
7264 4 0 1308 1390 1390 1310
7265 4 0 1535 282 282 1310
7266 4 0 1229 1339 1339 1230
7267 4 0 1052 1085 1085 395
7268 4 0 1446 1401 1401 1445
7269 4 0 1309 1505 1505 1310
7270 4 0 1505 1336 1336 1310
7271 4 0 1336 1309 1309 1310
7272 4 0 1391 1309 1309 1129
7273 4 0 1392 488 488 471
7274 4 0 452 453 453 97
7275 4 0 470 98 98 1476
7276 4 0 282 1042 1042 1476
7277 4 0 1476 1130 1130 1391
7278 4 0 1130 1310 1310 1391
7279 4 0 471 470 470 486
7280 4 0 469 1391 1391 486
7281 4 0 1445 1433 1433 927
7282 4 0 1264 100 100 1513
7283 4 0 98 1476 1476 97
7284 4 0 98 99 99 469
7285 4 0 1547 1392 1392 1476
7286 4 0 1042 282 282 1476
7287 4 0 282 2038 2038 1476
7288 4 0 1310 1392 1392 1476
7289 4 0 1392 1310 1310 1476
7290 4 0 1310 282 282 1476
7291 4 0 1310 1336 1336 1476
7292 4 0 1130 1336 1336 1476
7293 4 0 1041 1513 1513 1043
7294 4 0 134 133 133 1230
7295 4 0 1368 70 70 1230
7296 4 0 469 1129 1129 1885
7297 4 0 1392 470 470 1476
7298 4 0 1392 487 487 1476
7299 4 0 469 471 471 486
7300 4 0 470 1476 1476 1391
7301 4 0 1886 1887 1887 1544
7302 4 0 1301 2040 2040 100
7303 4 0 1806 1496 1496 1533
7304 4 0 1130 1336 1336 1391
7305 4 0 750 1485 1485 1253
7306 4 0 487 2035 2035 1368
7307 4 0 469 1461 1461 1462
7308 4 0 447 416 416 2034
7309 4 0 1253 1534 1534 1533
7310 4 0 471 98 98 486
7311 4 0 1434 287 287 1303
7312 4 0 1311 1390 1390 1391
7313 4 0 451 1129 1129 1886
7314 4 0 1302 2040 2040 1461
7315 4 0 486 487 487 489
7316 4 0 2038 1435 1435 453
7317 4 0 1146 1874 1874 650
7318 4 0 1455 1456 1456 325
7319 4 0 97 98 98 1513
7320 4 0 1367 1083 1083 920
7321 4 0 1494 258 258 454
7322 4 0 1302 469 469 288
7323 4 0 470 471 471 486
7324 4 0 1533 1253 1253 1302
7325 4 0 1967 1859 1859 1445
7326 4 0 472 98 98 1041
7327 4 0 1506 437 437 1359
7328 4 0 364 287 287 289
7329 4 0 97 452 452 469
7330 4 0 99 97 97 469
7331 4 0 450 97 97 469
7332 4 0 97 450 450 469
7333 4 0 2040 450 450 469
7334 4 0 2039 261 261 1544
7335 4 0 1395 261 261 2030
7336 4 0 457 1506 1506 381
7337 4 0 458 1506 1506 381
7338 4 0 260 258 258 454
7339 4 0 2041 2043 2043 2044
7340 4 0 1358 1506 1506 1507
7341 4 0 1615 813 813 327
7342 4 0 1360 487 487 489
7343 4 0 2040 469 469 288
7344 4 0 489 1485 1485 1368
7345 4 0 1548 1485 1485 489
7346 4 0 259 1301 1301 2030
7347 4 0 260 1393 1393 1323
7348 4 0 440 438 438 1359
7349 4 0 1395 450 450 2030
7350 4 0 1231 1233 1233 1366
7351 4 0 2029 70 70 1368
7352 4 0 283 473 473 1041
7353 4 0 1339 1230 1230 1340
7354 4 0 472 1476 1476 1041
7355 4 0 489 1042 1042 2035
7356 4 0 1339 98 98 1496
7357 4 0 2045 1418 1418 1419
7358 4 0 1533 469 469 288
7359 4 0 1339 1253 1253 1806
7360 4 0 1368 1339 1339 1806
7361 4 0 1253 1368 1368 1806
7362 4 0 2035 1253 1253 1368
7363 4 0 1436 416 416 2034
7364 4 0 1050 1264 1264 442
7365 4 0 1333 70 70 1368
7366 4 0 42 1433 1433 206
7367 4 0 69 70 70 1368
7368 4 0 1478 1477 1477 2046
7369 4 0 1301 2040 2040 288
7370 4 0 99 450 450 100
7371 4 0 441 100 100 443
7372 4 0 2035 1042 1042 1339
7373 4 0 487 1368 1368 1339
7374 4 0 2035 1368 1368 1339
7375 4 0 2035 487 487 1339
7376 4 0 1456 1340 1340 1455
7377 4 0 134 447 447 2034
7378 4 0 206 1455 1455 1303
7379 4 0 42 44 44 927
7380 4 0 1455 1555 1555 325
7381 4 0 1229 1206 1206 1230
7382 4 0 206 1782 1782 41
7383 4 0 1437 416 416 2034
7384 4 0 42 1448 1448 44
7385 4 0 2035 486 486 1339
7386 4 0 486 98 98 1339
7387 4 0 486 1360 1360 1339
7388 4 0 2035 1360 1360 1339
7389 4 0 486 2035 2035 1339
7390 4 0 489 1360 1360 1339
7391 4 0 1264 473 473 442
7392 4 0 1476 98 98 1041
7393 4 0 1538 650 650 651
7394 4 0 1462 1302 1302 1340
7395 4 0 442 1555 1555 395
7396 4 0 1447 1433 1433 206
7397 4 0 1496 469 469 1302
7398 4 0 1533 1496 1496 1302
7399 4 0 100 98 98 1513
7400 4 0 1302 469 469 1461
7401 4 0 1782 287 287 1434
7402 4 0 1513 98 98 1041
7403 4 0 1434 1533 1533 1303
7404 4 0 1447 1433 1433 1445
7405 4 0 1339 1806 1806 1340
7406 4 0 1368 1230 1230 71
7407 4 0 1781 1021 1021 1022
7408 4 0 1401 42 42 1445
7409 4 0 473 283 283 1229
7410 4 0 574 575 575 577
7411 4 0 1787 208 208 1453
7412 4 0 1662 970 970 1664
7413 4 0 438 439 439 458
7414 4 0 2040 288 288 1486
7415 4 0 1828 1452 1452 1826
7416 4 0 453 1264 1264 100
7417 4 0 1452 940 940 1454
7418 4 0 1663 1583 1583 1664
7419 4 0 1043 1012 1012 1229
7420 4 0 1012 280 280 1229
7421 4 0 1368 1206 1206 1230
7422 4 0 1339 1368 1368 1230
7423 4 0 1094 1413 1413 669
7424 4 0 60 344 344 374
7425 4 0 1368 1485 1485 71
7426 4 0 1652 480 480 1747
7427 4 0 1368 1333 1333 71
7428 4 0 1419 6 6 1826
7429 4 0 1434 1433 1433 1303
7430 4 0 473 1264 1264 442
7431 4 0 1455 1340 1340 1303
7432 4 0 206 209 209 1455
7433 4 0 1462 98 98 1513
7434 4 0 100 1462 1462 1513
7435 4 0 1461 98 98 1513
7436 4 0 1783 1608 1608 28
7437 4 0 1230 68 68 2034
7438 4 0 1043 283 283 1229
7439 4 0 473 1041 1041 1229
7440 4 0 1286 1043 1043 1229
7441 4 0 1041 473 473 1229
7442 4 0 1150 1521 1521 1522
7443 4 0 1518 1816 1816 1296
7444 4 0 206 1433 1433 1434
7445 4 0 740 1609 1609 1648
7446 4 0 1012 1043 1043 1229
7447 4 0 813 1532 1532 327
7448 4 0 1532 1023 1023 327
7449 4 0 1441 1442 1442 1563
7450 4 0 1513 1052 1052 442
7451 4 0 521 770 770 2047
7452 4 0 1012 1206 1206 1229
7453 4 0 1496 1806 1806 1340
7454 4 0 64 324 324 651
7455 4 0 1447 1446 1446 1433
7456 4 0 1436 447 447 2034
7457 4 0 1368 1806 1806 71
7458 4 0 1339 1806 1806 71
7459 4 0 68 1230 1230 71
7460 4 0 206 1534 1534 41
7461 4 0 68 1806 1806 71
7462 4 0 70 1230 1230 71
7463 4 0 1279 404 404 924
7464 4 0 1012 133 133 2034
7465 4 0 1481 1497 1497 481
7466 4 0 521 2047 2047 1589
7467 4 0 1433 206 206 1455
7468 4 0 134 1230 1230 68
7469 4 0 134 70 70 68
7470 4 0 1446 134 134 68
7471 4 0 134 69 69 68
7472 4 0 69 1446 1446 68
7473 4 0 447 69 69 68
7474 4 0 447 1872 1872 68
7475 4 0 445 259 259 258
7476 4 0 1833 972 972 1895
7477 4 0 1446 1456 1456 1455
7478 4 0 1757 1747 1747 478
7479 4 0 483 1527 1527 457
7480 4 0 1502 1479 1479 454
7481 4 0 619 3 3 1843
7482 4 0 1405 923 923 924
7483 4 0 1446 69 69 1448
7484 4 0 288 1533 1533 1303
7485 4 0 1445 1858 1858 1808
7486 4 0 1920 1816 1816 1518
7487 4 0 206 287 287 1022
7488 4 0 71 69 69 1448
7489 4 0 1781 288 288 1782
7490 4 0 1788 2048 2048 2049
7491 4 0 1325 286 286 1531
7492 4 0 969 548 548 1757
7493 4 0 1446 1433 1433 1445
7494 4 0 41 42 42 44
7495 4 0 1534 1782 1782 1434
7496 4 0 366 288 288 1770
7497 4 0 812 1494 1494 455
7498 4 0 1858 1448 1448 44
7499 4 0 927 1446 1446 1455
7500 4 0 1436 1446 1446 1455
7501 4 0 1436 1816 1816 650
7502 4 0 1446 68 68 1448
7503 4 0 68 1446 1446 1448
7504 4 0 926 209 209 927
7505 4 0 1418 482 482 1419
7506 4 0 1782 1824 1824 41
7507 4 0 1891 1757 1757 478
7508 4 0 206 1447 1447 41
7509 4 0 1447 1534 1534 41
7510 4 0 1445 42 42 44
7511 4 0 1769 1021 1021 1529
7512 4 0 523 1652 1652 1662
7513 4 0 1434 1534 1534 1303
7514 4 0 1341 174 174 72
7515 4 0 1967 1858 1858 1445
7516 4 0 1534 1782 1782 1824
7517 4 0 1453 1891 1891 1603
7518 4 0 1528 1022 1022 1529
7519 4 0 1817 1769 1769 1454
7520 4 0 1455 926 926 325
7521 4 0 288 1782 1782 1434
7522 4 0 1782 288 288 1434
7523 4 0 1436 927 927 325
7524 4 0 1405 174 174 1512
7525 4 0 922 1405 1405 1512
7526 4 0 207 1782 1782 1022
7527 4 0 1859 1401 1401 1445
7528 4 0 1815 1871 1871 1892
7529 4 0 324 1437 1437 1555
7530 4 0 44 1858 1858 72
7531 4 0 1799 171 171 1808
7532 4 0 2048 74 74 2050
7533 4 0 1843 566 566 1406
7534 4 0 173 174 174 1341
7535 4 0 1782 41 41 207
7536 4 0 1433 206 206 927
7537 4 0 1781 287 287 1022
7538 4 0 787 786 786 1815
7539 4 0 1445 42 42 1448
7540 4 0 1253 1534 1534 1448
7541 4 0 71 1253 1253 1448
7542 4 0 1485 71 71 1448
7543 4 0 1368 1253 1253 1448
7544 4 0 71 1806 1806 1448
7545 4 0 1806 1534 1534 1448
7546 4 0 71 1447 1447 1448
7547 4 0 1447 1534 1534 1448
7548 4 0 42 1534 1534 1448
7549 4 0 41 1534 1534 1448
7550 4 0 42 43 43 1448
7551 4 0 1445 927 927 2032
7552 4 0 1386 1538 1538 1553
7553 4 0 1781 1824 1824 207
7554 4 0 44 42 42 927
7555 4 0 207 206 206 1022
7556 4 0 1770 364 364 289
7557 4 0 1824 207 207 1787
7558 4 0 287 288 288 1770
7559 4 0 1453 1788 1788 1454
7560 4 0 1782 1824 1824 1770
7561 4 0 207 1021 1021 1787
7562 4 0 1023 1303 1303 1325
7563 4 0 364 1021 1021 1022
7564 4 0 1415 439 439 458
7565 4 0 2049 938 938 940
7566 4 0 41 207 207 2028
7567 4 0 784 41 41 2028
7568 4 0 1497 522 522 814
7569 4 0 207 41 41 2028
7570 4 0 41 784 784 2028
7571 4 0 1782 287 287 1022
7572 4 0 2028 785 785 1787
7573 4 0 2028 784 784 1787
7574 4 0 1279 1617 1617 16
7575 4 0 1664 1775 1775 1747
7576 4 0 476 1812 1812 1820
7577 4 0 1511 1834 1834 477
7578 4 0 1753 1466 1466 1829
7579 4 0 1615 770 770 1662
7580 4 0 787 926 926 928
7581 4 0 1145 1538 1538 1553
7582 4 0 1871 566 566 1843
7583 4 0 209 938 938 928
7584 4 0 174 927 927 1512
7585 4 0 1743 1775 1775 1747
7586 4 0 481 522 522 480
7587 4 0 1497 481 481 455
7588 4 0 395 324 324 651
7589 4 0 885 367 367 484
7590 4 0 1095 1264 1264 442
7591 4 0 440 930 930 1539
7592 4 0 481 1497 1497 480
7593 4 0 766 21 21 1789
7594 4 0 619 566 566 1843
7595 4 0 1849 1848 1848 1821
7596 4 0 1870 2032 2032 1512
7597 4 0 1831 1405 1405 1868
7598 4 0 2051 1770 1770 1454
7599 4 0 1529 1603 1603 1419
7600 4 0 1848 16 16 476
7601 4 0 1023 1501 1501 327
7602 4 0 1785 1653 1653 980
7603 4 0 1652 1532 1532 327
7604 4 0 1652 1501 1501 327
7605 4 0 1652 813 813 327
7606 4 0 1517 324 324 327
7607 4 0 1832 1870 1870 2032
7608 4 0 1870 1446 1446 2032
7609 4 0 927 171 171 2032
7610 4 0 447 884 884 2032
7611 4 0 174 2032 2032 1512
7612 4 0 1279 116 116 1406
7613 4 0 922 1843 1843 1406
7614 4 0 114 404 404 924
7615 4 0 1341 72 72 73
7616 4 0 1433 1445 1445 927
7617 4 0 1445 171 171 2032
7618 4 0 1967 1832 1832 2032
7619 4 0 1341 1858 1858 73
7620 4 0 1858 1342 1342 73
7621 4 0 1967 171 171 2032
7622 4 0 649 416 416 1437
7623 4 0 1396 1398 1398 1553
7624 4 0 1528 478 478 1603
7625 4 0 1886 452 452 1885
7626 4 0 1943 604 604 1917
7627 4 0 831 604 604 1917
7628 4 0 1146 1816 1816 650
7629 4 0 993 1049 1049 1553
7630 4 0 650 1816 1816 1518
7631 4 0 1534 1447 1447 1340
7632 4 0 1757 478 478 1603
7633 4 0 992 1398 1398 1553
7634 4 0 1052 1051 1051 395
7635 4 0 326 1303 1303 1023
7636 4 0 1599 1698 1698 1260
7637 4 0 1229 2034 2034 1456
7638 4 0 1447 1806 1806 1340
7639 4 0 395 1085 1085 651
7640 4 0 1555 1436 1436 325
7641 4 0 1486 1507 1507 261
7642 4 0 1887 2039 2039 1365
7643 4 0 1396 1874 1874 649
7644 4 0 1085 1398 1398 649
7645 4 0 1874 1396 1396 649
7646 4 0 1555 442 442 395
7647 4 0 650 1874 1874 649
7648 4 0 1874 1145 1145 649
7649 4 0 1145 1396 1396 649
7650 4 0 1456 1446 1446 1455
7651 4 0 1462 1534 1534 1340
7652 4 0 1874 650 650 649
7653 4 0 1351 1242 1242 1243
7654 4 0 1145 1874 1874 649
7655 4 0 523 770 770 2047
7656 4 0 992 1396 1396 1553
7657 4 0 1049 1085 1085 1553
7658 4 0 1948 1386 1386 1387
7659 4 0 395 442 442 1097
7660 4 0 1049 993 993 1553
7661 4 0 1229 133 133 2034
7662 4 0 576 1665 1665 304
7663 4 0 1085 649 649 1538
7664 4 0 650 1920 1920 1538
7665 4 0 1146 1920 1920 1538
7666 4 0 649 1146 1146 1538
7667 4 0 649 650 650 1538
7668 4 0 1808 1858 1858 1341
7669 4 0 1920 650 650 1538
7670 4 0 957 1379 1379 1510
7671 4 0 2052 1441 1441 1443
7672 4 0 1435 1233 1233 1365
7673 4 0 1538 324 324 64
7674 4 0 1518 1920 1920 64
7675 4 0 813 1652 1652 814
7676 4 0 940 1453 1453 1827
7677 4 0 917 1880 1880 881
7678 4 0 1538 1920 1920 64
7679 4 0 2053 576 576 1441
7680 4 0 1732 1599 1599 1632
7681 4 0 649 1085 1085 1437
7682 4 0 1085 280 280 1437
7683 4 0 324 64 64 651
7684 4 0 1555 1437 1437 1456
7685 4 0 2034 1436 1436 1456
7686 4 0 2034 1446 1446 1456
7687 4 0 133 1230 1230 2034
7688 4 0 1437 1555 1555 1456
7689 4 0 1447 68 68 1340
7690 4 0 456 1527 1527 457
7691 4 0 650 324 324 1437
7692 4 0 575 524 524 1482
7693 4 0 975 1097 1097 1612
7694 4 0 1340 1455 1455 1303
7695 4 0 325 1513 1513 326
7696 4 0 1339 1360 1360 1340
7697 4 0 1340 1302 1302 1303
7698 4 0 1286 1437 1437 1555
7699 4 0 1462 1461 1461 1303
7700 4 0 1461 1462 1462 1303
7701 4 0 1340 1513 1513 1303
7702 4 0 1302 1340 1340 1303
7703 4 0 325 324 324 395
7704 4 0 1462 1513 1513 1303
7705 4 0 1340 1447 1447 1455
7706 4 0 1433 1446 1446 1456
7707 4 0 2034 68 68 1456
7708 4 0 2034 134 134 1456
7709 4 0 134 68 68 1456
7710 4 0 1456 1436 1436 325
7711 4 0 325 1555 1555 326
7712 4 0 713 711 711 1711
7713 4 0 1340 1533 1533 1303
7714 4 0 1461 1301 1301 1303
7715 4 0 1461 100 100 1303
7716 4 0 1433 68 68 1340
7717 4 0 68 1456 1456 1340
7718 4 0 68 2034 2034 1340
7719 4 0 2034 1456 1456 1340
7720 4 0 133 2034 2034 1340
7721 4 0 1230 2034 2034 1340
7722 4 0 1230 133 133 1340
7723 4 0 1456 1555 1555 1340
7724 4 0 1555 1286 1286 1340
7725 4 0 1555 1513 1513 1340
7726 4 0 1043 1339 1339 1340
7727 4 0 1043 1360 1360 1340
7728 4 0 1043 1229 1229 1340
7729 4 0 1043 1286 1286 1340
7730 4 0 1360 1513 1513 1340
7731 4 0 1360 1286 1286 1340
7732 4 0 1816 1518 1518 1517
7733 4 0 1303 1455 1455 325
7734 4 0 1513 1340 1340 1455
7735 4 0 1056 1071 1071 1097
7736 4 0 1545 1594 1594 1525
7737 4 0 442 1050 1050 1097
7738 4 0 1211 1613 1613 1458
7739 4 0 1052 442 442 395
7740 4 0 1437 324 324 395
7741 4 0 1513 1286 1286 395
7742 4 0 395 1056 1056 1097
7743 4 0 259 1301 1301 443
7744 4 0 1515 445 445 444
7745 4 0 442 1052 1052 395
7746 4 0 1816 1436 1436 1831
7747 4 0 1056 442 442 1615
7748 4 0 621 1511 1511 1831
7749 4 0 469 288 288 1486
7750 4 0 441 1464 1464 443
7751 4 0 379 1415 1415 381
7752 4 0 259 1515 1515 443
7753 4 0 1464 1301 1301 443
7754 4 0 1464 441 441 443
7755 4 0 100 1264 1264 442
7756 4 0 326 1513 1513 442
7757 4 0 100 1513 1513 442
7758 4 0 1056 395 395 1615
7759 4 0 442 813 813 1615
7760 4 0 1435 1264 1264 442
7761 4 0 1097 1071 1071 1919
7762 4 0 651 1051 1051 1055
7763 4 0 1085 1437 1437 395
7764 4 0 604 1943 1943 1917
7765 4 0 1995 374 374 377
7766 4 0 651 1054 1054 1055
7767 4 0 1612 423 423 1919
7768 4 0 174 1815 1815 928
7769 4 0 1618 1684 1684 1457
7770 4 0 386 344 344 1971
7771 4 0 1350 1379 1379 1510
7772 4 0 575 1442 1442 574
7773 4 0 1466 1580 1580 1418
7774 4 0 395 442 442 1615
7775 4 0 575 1415 1415 1371
7776 4 0 1450 959 959 1611
7777 4 0 1455 1303 1303 1023
7778 4 0 1455 325 325 1023
7779 4 0 209 1455 1455 1023
7780 4 0 926 325 325 1023
7781 4 0 1415 481 481 455
7782 4 0 367 366 366 484
7783 4 0 1519 25 25 28
7784 4 0 957 1349 1349 1510
7785 4 0 326 813 813 441
7786 4 0 1455 209 209 1023
7787 4 0 325 1436 1436 327
7788 4 0 1415 1481 1481 522
7789 4 0 1055 1054 1054 770
7790 4 0 1599 1632 1632 1260
7791 4 0 326 651 651 1615
7792 4 0 1442 575 575 574
7793 4 0 1869 1834 1834 1831
7794 4 0 1325 100 100 1531
7795 4 0 969 972 972 1833
7796 4 0 64 324 324 1517
7797 4 0 1700 771 771 1786
7798 4 0 969 1664 1664 478
7799 4 0 1296 14 14 1009
7800 4 0 955 1510 1510 958
7801 4 0 1743 1415 1415 522
7802 4 0 770 1056 1056 1615
7803 4 0 1139 1887 1887 1366
7804 4 0 440 1359 1359 1539
7805 4 0 1003 795 795 534
7806 4 0 575 1415 1415 577
7807 4 0 1415 1579 1579 458
7808 4 0 1071 1056 1056 521
7809 4 0 1816 650 650 1517
7810 4 0 650 324 324 1517
7811 4 0 1518 1920 1920 1517
7812 4 0 324 1920 1920 1517
7813 4 0 324 650 650 1517
7814 4 0 895 576 576 574
7815 4 0 1442 794 794 574
7816 4 0 970 770 770 1662
7817 4 0 1743 575 575 522
7818 4 0 651 326 326 327
7819 4 0 1615 651 651 327
7820 4 0 1056 651 651 327
7821 4 0 651 324 324 327
7822 4 0 1615 1056 1056 327
7823 4 0 324 1517 1517 327
7824 4 0 1615 1054 1054 327
7825 4 0 1023 325 325 327
7826 4 0 1590 1298 1298 1346
7827 4 0 1589 1666 1666 1776
7828 4 0 1833 1834 1834 14
7829 4 0 1350 1349 1349 1510
7830 4 0 522 523 523 1662
7831 4 0 522 1652 1652 523
7832 4 0 1674 764 764 307
7833 4 0 1615 813 813 523
7834 4 0 1008 549 549 1805
7835 4 0 1415 1371 1371 574
7836 4 0 1371 1415 1415 574
7837 4 0 438 1415 1415 574
7838 4 0 455 1494 1494 454
7839 4 0 523 813 813 524
7840 4 0 142 535 535 959
7841 4 0 106 1443 1443 108
7842 4 0 105 107 107 537
7843 4 0 1592 1441 1441 2052
7844 4 0 1348 1297 1297 958
7845 4 0 1098 740 740 1346
7846 4 0 740 1345 1345 1346
7847 4 0 1577 1096 1096 544
7848 4 0 2039 1394 1394 810
7849 4 0 1288 1289 1289 1290
7850 4 0 945 122 122 931
7851 4 0 1480 1394 1394 1544
7852 4 0 1374 1373 1373 2054
7853 4 0 1324 1372 1372 1359
7854 4 0 2010 1605 1605 2055
7855 4 0 1673 2056 2056 2054
7856 4 0 1442 2047 2047 1563
7857 4 0 1594 1673 1673 533
7858 4 0 1666 1775 1775 1776
7859 4 0 1242 956 956 955
7860 4 0 1611 356 356 1066
7861 4 0 770 1627 1627 1628
7862 4 0 1802 980 980 1654
7863 4 0 931 121 121 120
7864 4 0 379 458 458 381
7865 4 0 1323 1394 1394 1508
7866 4 0 1514 444 444 260
7867 4 0 378 1324 1324 1359
7868 4 0 1468 516 516 1376
7869 4 0 100 1531 1531 441
7870 4 0 450 1301 1301 2030
7871 4 0 1615 524 524 1072
7872 4 0 521 522 522 524
7873 4 0 522 575 575 524
7874 4 0 524 1071 1071 1072
7875 4 0 521 2047 2047 1563
7876 4 0 1117 1677 1677 1575
7877 4 0 304 545 545 303
7878 4 0 1570 2006 2006 2057
7879 4 0 1560 1568 1568 1574
7880 4 0 1592 545 545 1574
7881 4 0 1627 523 523 2047
7882 4 0 123 121 121 1358
7883 4 0 574 1379 1379 931
7884 4 0 1514 1096 1096 303
7885 4 0 1502 366 366 289
7886 4 0 1323 1509 1509 1665
7887 4 0 286 1022 1022 289
7888 4 0 1568 1563 1563 1574
7889 4 0 1411 1468 1468 1376
7890 4 0 121 1128 1128 1358
7891 4 0 1567 1072 1072 1568
7892 4 0 439 121 121 123
7893 4 0 576 574 574 577
7894 4 0 929 895 895 577
7895 4 0 438 929 929 577
7896 4 0 1280 929 929 577
7897 4 0 895 929 929 577
7898 4 0 1280 576 576 577
7899 4 0 451 452 452 1365
7900 4 0 439 1579 1579 1506
7901 4 0 1743 523 523 1589
7902 4 0 1578 437 437 1506
7903 4 0 458 438 438 379
7904 4 0 1886 451 451 1887
7905 4 0 1022 1023 1023 1325
7906 4 0 286 288 288 1325
7907 4 0 931 300 300 537
7908 4 0 522 1497 1497 812
7909 4 0 1886 452 452 1365
7910 4 0 524 1442 1442 1482
7911 4 0 524 575 575 1482
7912 4 0 545 1442 1442 1482
7913 4 0 576 1442 1442 1482
7914 4 0 438 379 379 1359
7915 4 0 1539 1665 1665 1374
7916 4 0 1482 524 524 441
7917 4 0 1051 1266 1266 1948
7918 4 0 1072 524 524 1482
7919 4 0 1481 812 812 444
7920 4 0 1514 1515 1515 260
7921 4 0 1348 106 106 1463
7922 4 0 1443 794 794 108
7923 4 0 1280 929 929 300
7924 4 0 1611 352 352 1066
7925 4 0 1694 1549 1549 1641
7926 4 0 1486 2040 2040 2030
7927 4 0 439 1530 1530 1579
7928 4 0 1578 439 439 1579
7929 4 0 1373 1665 1665 304
7930 4 0 1324 1323 1323 1509
7931 4 0 300 945 945 122
7932 4 0 1509 1665 1665 304
7933 4 0 1479 1527 1527 421
7934 4 0 522 813 813 441
7935 4 0 123 439 439 1579
7936 4 0 577 1415 1415 379
7937 4 0 1372 1359 1359 1665
7938 4 0 479 483 483 1527
7939 4 0 1757 2045 2045 1418
7940 4 0 1589 1463 1463 1590
7941 4 0 2039 1395 1395 1523
7942 4 0 1566 1887 1887 1525
7943 4 0 1664 1662 1662 1747
7944 4 0 2045 1757 1757 1603
7945 4 0 1379 931 931 120
7946 4 0 1003 1373 1373 534
7947 4 0 1530 1371 1371 1579
7948 4 0 929 300 300 108
7949 4 0 1655 764 764 1656
7950 4 0 1441 2052 2052 1443
7951 4 0 532 764 764 534
7952 4 0 1373 2054 2054 534
7953 4 0 2054 1674 1674 534
7954 4 0 929 438 438 439
7955 4 0 537 105 105 108
7956 4 0 142 664 664 959
7957 4 0 120 931 931 1351
7958 4 0 1213 412 412 1621
7959 4 0 2052 2001 2001 1443
7960 4 0 769 412 412 1213
7961 4 0 1510 106 106 108
7962 4 0 106 1510 1510 108
7963 4 0 794 574 574 108
7964 4 0 1349 1379 1379 931
7965 4 0 458 439 439 1506
7966 4 0 1350 1379 1379 931
7967 4 0 122 121 121 931
7968 4 0 929 1371 1371 439
7969 4 0 120 930 930 439
7970 4 0 438 1415 1415 439
7971 4 0 120 121 121 439
7972 4 0 1510 1379 1379 120
7973 4 0 1777 384 384 1666
7974 4 0 1668 1363 1363 1699
7975 4 0 537 1351 1351 356
7976 4 0 277 276 276 278
7977 4 0 286 287 287 289
7978 4 0 326 100 100 441
7979 4 0 1468 1411 1411 1376
7980 4 0 121 931 931 120
7981 4 0 439 1371 1371 1530
7982 4 0 120 1371 1371 1530
7983 4 0 121 439 439 123
7984 4 0 1752 1530 1530 123
7985 4 0 1759 1760 1760 1762
7986 4 0 1828 1529 1529 1825
7987 4 0 1753 1752 1752 1579
7988 4 0 1371 1530 1530 1579
7989 4 0 287 288 288 1325
7990 4 0 379 1509 1509 1665
7991 4 0 457 1578 1578 1506
7992 4 0 958 1589 1589 1590
7993 4 0 1578 123 123 1579
7994 4 0 439 1415 1415 1579
7995 4 0 1759 382 382 1762
7996 4 0 1777 1796 1796 979
7997 4 0 123 437 437 1578
7998 4 0 365 366 366 1769
7999 4 0 1023 1528 1528 1325
8000 4 0 1579 1752 1752 1580
8001 4 0 1652 522 522 480
8002 4 0 458 456 456 1506
8003 4 0 458 1579 1579 1506
8004 4 0 458 457 457 1506
8005 4 0 1747 481 481 1417
8006 4 0 1516 481 481 1466
8007 4 0 1736 1753 1753 1466
8008 4 0 367 1529 1529 1603
8009 4 0 1023 1022 1022 1528
8010 4 0 456 1579 1579 1516
8011 4 0 1460 1814 1814 1811
8012 4 0 1452 1459 1459 5
8013 4 0 1754 1805 1805 708
8014 4 0 938 476 476 940
8015 4 0 1780 1785 1785 2058
8016 4 0 1417 2045 2045 1418
8017 4 0 1579 456 456 1516
8018 4 0 1532 1023 1023 1528
8019 4 0 1516 1415 1415 1466
8020 4 0 2023 365 365 482
8021 4 0 1303 1301 1301 286
8022 4 0 1371 1415 1415 481
8023 4 0 784 1787 1787 2051
8024 4 0 1822 1820 1820 1813
8025 4 0 1022 1528 1528 1325
8026 4 0 366 367 367 421
8027 4 0 1770 366 366 289
8028 4 0 1325 421 421 1531
8029 4 0 1770 287 287 289
8030 4 0 885 479 479 455
8031 4 0 480 421 421 455
8032 4 0 885 1603 1603 1418
8033 4 0 1827 1453 1453 1454
8034 4 0 421 1528 1528 286
8035 4 0 1494 1502 1502 286
8036 4 0 1529 1022 1022 367
8037 4 0 575 1481 1481 379
8038 4 0 1529 364 364 367
8039 4 0 1794 1377 1377 1492
8040 4 0 1022 287 287 1325
8041 4 0 421 480 480 1531
8042 4 0 421 1502 1502 286
8043 4 0 209 1023 1023 478
8044 4 0 367 885 885 484
8045 4 0 1664 1583 1583 1747
8046 4 0 1787 1021 1021 1769
8047 4 0 1781 1021 1021 1769
8048 4 0 43 2050 2050 2051
8049 4 0 478 938 938 1453
8050 4 0 1757 1603 1603 1417
8051 4 0 480 885 885 1603
8052 4 0 1890 481 481 1747
8053 4 0 1417 1757 1757 1418
8054 4 0 2054 1373 1373 534
8055 4 0 483 456 456 457
8056 4 0 1494 421 421 1502
8057 4 0 483 479 479 1527
8058 4 0 1453 1769 1769 1817
8059 4 0 1502 286 286 289
8060 4 0 365 1529 1529 367
8061 4 0 1769 364 364 367
8062 4 0 287 288 288 289
8063 4 0 367 480 480 885
8064 4 0 1325 1528 1528 1531
8065 4 0 1603 1757 1757 1417
8066 4 0 1021 1769 1769 1817
8067 4 0 1453 1021 1021 1817
8068 4 0 480 481 481 885
8069 4 0 1817 1824 1824 2051
8070 4 0 484 365 365 1419
8071 4 0 885 482 482 485
8072 4 0 483 1578 1578 457
8073 4 0 1805 2059 2059 1823
8074 4 0 445 444 444 260
8075 4 0 1527 483 483 457
8076 4 0 1529 1828 1828 1825
8077 4 0 1603 885 885 1419
8078 4 0 1529 367 367 1419
8079 4 0 1460 2042 2042 1820
8080 4 0 2023 482 482 485
8081 4 0 286 1502 1502 289
8082 4 0 1566 1366 1366 1138
8083 4 0 261 260 260 1395
8084 4 0 439 930 930 440
8085 4 0 260 445 445 380
8086 4 0 483 885 885 1527
8087 4 0 1761 1759 1759 1762
8088 4 0 7 2045 2045 5
8089 4 0 977 1666 1666 1775
8090 4 0 1516 1578 1578 483
8091 4 0 484 479 479 483
8092 4 0 480 1497 1497 455
8093 4 0 1394 1393 1393 1395
8094 4 0 445 1481 1481 455
8095 4 0 1527 479 479 455
8096 4 0 457 1527 1527 1479
8097 4 0 286 1528 1528 1325
8098 4 0 1527 457 457 455
8099 4 0 366 1502 1502 289
8100 4 0 445 1494 1494 455
8101 4 0 1531 100 100 441
8102 4 0 1464 1494 1494 445
8103 4 0 367 1022 1022 421
8104 4 0 1527 885 885 421
8105 4 0 1527 484 484 421
8106 4 0 366 885 885 421
8107 4 0 367 1528 1528 421
8108 4 0 366 483 483 1527
8109 4 0 1303 288 288 1325
8110 4 0 813 100 100 1531
8111 4 0 421 1497 1497 814
8112 4 0 326 100 100 1531
8113 4 0 1506 381 381 1507
8114 4 0 439 121 121 440
8115 4 0 1578 1579 1579 458
8116 4 0 455 456 456 458
8117 4 0 455 1415 1415 458
8118 4 0 885 480 480 421
8119 4 0 885 1528 1528 421
8120 4 0 524 813 813 441
8121 4 0 421 812 812 1531
8122 4 0 1479 366 366 1486
8123 4 0 480 1531 1531 814
8124 4 0 1527 1479 1479 455
8125 4 0 1531 1497 1497 814
8126 4 0 100 1325 1325 1531
8127 4 0 1531 812 812 814
8128 4 0 1497 812 812 814
8129 4 0 1531 1301 1301 1464
8130 4 0 1023 1532 1532 1325
8131 4 0 1303 1023 1023 1325
8132 4 0 1023 813 813 1325
8133 4 0 813 1532 1532 814
8134 4 0 1531 1532 1532 814
8135 4 0 480 1652 1652 814
8136 4 0 259 1494 1494 1464
8137 4 0 261 1393 1393 1395
8138 4 0 1301 286 286 1325
8139 4 0 1303 100 100 1325
8140 4 0 1486 1502 1502 454
8141 4 0 286 1301 1301 1464
8142 4 0 100 450 450 443
8143 4 0 1528 286 286 1325
8144 4 0 1516 456 456 455
8145 4 0 1516 1527 1527 455
8146 4 0 812 814 814 441
8147 4 0 286 1325 1325 1531
8148 4 0 1325 1532 1532 1531
8149 4 0 1531 286 286 1464
8150 4 0 286 1494 1494 1464
8151 4 0 812 1531 1531 1464
8152 4 0 421 1494 1494 1464
8153 4 0 1486 1479 1479 454
8154 4 0 458 1415 1415 381
8155 4 0 1515 260 260 1395
8156 4 0 577 576 576 379
8157 4 0 1365 1233 1233 1366
8158 4 0 1482 575 575 379
8159 4 0 1482 1481 1481 379
8160 4 0 1464 1515 1515 445
8161 4 0 814 813 813 441
8162 4 0 1531 1464 1464 441
8163 4 0 1481 379 379 444
8164 4 0 445 1481 1481 444
8165 4 0 1886 450 450 1365
8166 4 0 379 1481 1481 444
8167 4 0 1579 458 458 1506
8168 4 0 437 1578 1578 1506
8169 4 0 1497 480 480 455
8170 4 0 481 1415 1415 455
8171 4 0 445 812 812 455
8172 4 0 458 437 437 1359
8173 4 0 442 100 100 443
8174 4 0 813 814 814 441
8175 4 0 457 123 123 1506
8176 4 0 1578 457 457 1506
8177 4 0 483 123 123 1506
8178 4 0 1594 811 811 533
8179 4 0 379 576 576 304
8180 4 0 810 1544 1544 811
8181 4 0 1509 1514 1514 304
8182 4 0 1509 379 379 304
8183 4 0 378 437 437 1507
8184 4 0 445 258 258 454
8185 4 0 1128 440 440 1358
8186 4 0 2010 1676 1676 2055
8187 4 0 1415 1481 1481 379
8188 4 0 438 929 929 1539
8189 4 0 1128 301 301 1539
8190 4 0 1373 1372 1372 1665
8191 4 0 1323 378 378 1359
8192 4 0 1169 1115 1115 1114
8193 4 0 1482 1514 1514 304
8194 4 0 379 1514 1514 444
8195 4 0 1323 1577 1577 1509
8196 4 0 1301 1464 1464 441
8197 4 0 304 305 305 306
8198 4 0 1494 445 445 258
8199 4 0 457 454 454 381
8200 4 0 1486 1494 1494 258
8201 4 0 1494 1464 1464 258
8202 4 0 1301 1494 1494 258
8203 4 0 1486 1301 1301 258
8204 4 0 381 1506 1506 1507
8205 4 0 451 1231 1231 1887
8206 4 0 1544 1365 1365 1366
8207 4 0 1486 457 457 454
8208 4 0 1506 437 437 1507
8209 4 0 1324 1359 1359 1665
8210 4 0 441 1615 1615 1096
8211 4 0 378 1506 1506 379
8212 4 0 303 811 811 306
8213 4 0 1393 1508 1508 1509
8214 4 0 379 1506 1506 1359
8215 4 0 444 1514 1514 441
8216 4 0 1545 1887 1887 1566
8217 4 0 1523 1095 1095 1365
8218 4 0 1139 1232 1232 1366
8219 4 0 1359 1665 1665 1374
8220 4 0 304 1514 1514 303
8221 4 0 1301 1502 1502 1486
8222 4 0 288 1502 1502 1486
8223 4 0 454 455 455 381
8224 4 0 289 288 288 1486
8225 4 0 1577 1523 1523 810
8226 4 0 289 1479 1479 1486
8227 4 0 105 302 302 2008
8228 4 0 930 300 300 1539
8229 4 0 1514 304 304 303
8230 4 0 813 1615 1615 441
8231 4 0 524 1072 1072 441
8232 4 0 524 1615 1615 441
8233 4 0 1096 1514 1514 303
8234 4 0 524 1482 1482 441
8235 4 0 1139 1231 1231 1366
8236 4 0 445 1515 1515 260
8237 4 0 259 258 258 260
8238 4 0 454 445 445 380
8239 4 0 454 258 258 380
8240 4 0 258 454 454 380
8241 4 0 2030 469 469 2039
8242 4 0 1394 810 810 1544
8243 4 0 260 1514 1514 1323
8244 4 0 450 1515 1515 1523
8245 4 0 1003 2008 2008 307
8246 4 0 450 469 469 2030
8247 4 0 1594 1543 1543 533
8248 4 0 458 445 445 381
8249 4 0 454 457 457 381
8250 4 0 457 458 458 381
8251 4 0 1372 378 378 1507
8252 4 0 380 381 381 1507
8253 4 0 381 1486 1486 1507
8254 4 0 381 454 454 1507
8255 4 0 381 380 380 1507
8256 4 0 380 1486 1486 1507
8257 4 0 1486 1301 1301 2030
8258 4 0 379 380 380 1323
8259 4 0 258 259 259 261
8260 4 0 380 258 258 261
8261 4 0 380 260 260 261
8262 4 0 380 1393 1393 261
8263 4 0 261 1486 1486 2030
8264 4 0 1886 1129 1129 1885
8265 4 0 1390 1311 1311 1885
8266 4 0 469 450 450 2030
8267 4 0 1232 1524 1524 1887
8268 4 0 469 452 452 1885
8269 4 0 1524 1129 1129 1886
8270 4 0 1129 1886 1886 1885
8271 4 0 288 1486 1486 261
8272 4 0 1507 1486 1486 261
8273 4 0 1507 378 378 261
8274 4 0 378 1507 1507 261
8275 4 0 379 438 438 1359
8276 4 0 1323 379 379 1509
8277 4 0 1231 1887 1887 1366
8278 4 0 1899 1900 1900 27
8279 4 0 546 1096 1096 1097
8280 4 0 1508 1372 1372 1324
8281 4 0 1885 2039 2039 1544
8282 4 0 1150 1522 1522 1125
8283 4 0 2039 450 450 1886
8284 4 0 1886 2039 2039 1544
8285 4 0 2039 1365 1365 1544
8286 4 0 105 308 308 2008
8287 4 0 1323 1324 1324 1359
8288 4 0 1129 1524 1524 1885
8289 4 0 1435 1095 1095 1523
8290 4 0 1524 1309 1309 1885
8291 4 0 2039 452 452 1885
8292 4 0 2030 450 450 2039
8293 4 0 450 2030 2030 2039
8294 4 0 1887 1365 1365 1366
8295 4 0 895 576 576 795
8296 4 0 451 1233 1233 1366
8297 4 0 1523 1233 1233 1365
8298 4 0 1372 1665 1665 1374
8299 4 0 2030 261 261 2039
8300 4 0 2012 306 306 1347
8301 4 0 1509 810 810 305
8302 4 0 764 1003 1003 534
8303 4 0 1358 378 378 1324
8304 4 0 1523 1096 1096 544
8305 4 0 424 1095 1095 1661
8306 4 0 307 2008 2008 2009
8307 4 0 440 1358 1358 1539
8308 4 0 1395 1393 1393 1577
8309 4 0 1515 1523 1523 1577
8310 4 0 1394 1480 1480 1543
8311 4 0 1393 1514 1514 1577
8312 4 0 1373 1509 1509 304
8313 4 0 1508 261 261 1324
8314 4 0 1359 1280 1280 1665
8315 4 0 544 811 811 306
8316 4 0 930 301 301 1539
8317 4 0 544 303 303 306
8318 4 0 577 438 438 1359
8319 4 0 1096 1072 1072 1097
8320 4 0 1521 1572 1572 1124
8321 4 0 1514 1577 1577 1323
8322 4 0 260 379 379 1323
8323 4 0 380 379 379 1323
8324 4 0 300 302 302 1539
8325 4 0 1887 1566 1566 1139
8326 4 0 1480 1372 1372 305
8327 4 0 1366 1399 1399 1364
8328 4 0 1509 1508 1508 305
8329 4 0 378 437 437 1359
8330 4 0 261 378 378 1323
8331 4 0 1539 1358 1358 2008
8332 4 0 1393 261 261 1323
8333 4 0 438 1359 1359 1539
8334 4 0 1524 1887 1887 1139
8335 4 0 261 1393 1393 1323
8336 4 0 810 1394 1394 1508
8337 4 0 1366 1566 1566 1138
8338 4 0 1365 810 810 811
8339 4 0 2056 1543 1543 2054
8340 4 0 1523 1577 1577 1096
8341 4 0 1577 1323 1323 1509
8342 4 0 261 1372 1372 1324
8343 4 0 1508 1394 1394 1480
8344 4 0 261 1372 1372 1480
8345 4 0 261 1358 1358 1480
8346 4 0 261 1507 1507 1480
8347 4 0 1507 1358 1358 1480
8348 4 0 1358 437 437 1359
8349 4 0 1324 1509 1509 1373
8350 4 0 1359 577 577 1665
8351 4 0 1347 306 306 546
8352 4 0 301 302 302 1539
8353 4 0 533 1543 1543 2054
8354 4 0 1543 1480 1480 305
8355 4 0 1506 379 379 1359
8356 4 0 930 929 929 1539
8357 4 0 1997 1400 1400 1572
8358 4 0 441 1072 1072 1096
8359 4 0 1096 303 303 544
8360 4 0 1372 1324 1324 1509
8361 4 0 442 1615 1615 1097
8362 4 0 1674 2054 2054 534
8363 4 0 533 305 305 2054
8364 4 0 2053 1592 1592 2052
8365 4 0 1359 438 438 1539
8366 4 0 576 577 577 1665
8367 4 0 1055 1051 1051 1097
8368 4 0 2056 1480 1480 2054
8369 4 0 1524 1544 1544 1545
8370 4 0 303 1096 1096 544
8371 4 0 1373 1665 1665 795
8372 4 0 2060 1604 1604 1591
8373 4 0 1552 1526 1526 1383
8374 4 0 810 303 303 544
8375 4 0 1523 443 443 1096
8376 4 0 1523 450 450 1096
8377 4 0 443 1435 1435 1096
8378 4 0 442 1435 1435 1096
8379 4 0 1435 443 443 1096
8380 4 0 576 379 379 1665
8381 4 0 1072 1056 1056 1097
8382 4 0 442 1095 1095 1096
8383 4 0 1605 2061 2061 1114
8384 4 0 305 1372 1372 1373
8385 4 0 347 921 921 1971
8386 4 0 1582 1159 1159 2046
8387 4 0 532 2012 2012 2037
8388 4 0 1469 1140 1140 1596
8389 4 0 1124 1471 1471 1117
8390 4 0 1280 1665 1665 1539
8391 4 0 1523 1515 1515 1096
8392 4 0 1515 1577 1577 1096
8393 4 0 443 1515 1515 1096
8394 4 0 1138 1545 1545 811
8395 4 0 423 425 425 1458
8396 4 0 1577 1514 1514 1096
8397 4 0 441 1514 1514 1096
8398 4 0 1138 1366 1366 1364
8399 4 0 107 794 794 795
8400 4 0 795 2008 2008 1003
8401 4 0 441 1482 1482 1096
8402 4 0 1482 545 545 1096
8403 4 0 442 443 443 1096
8404 4 0 545 1096 1096 303
8405 4 0 544 1095 1095 1365
8406 4 0 1523 810 810 303
8407 4 0 810 305 305 303
8408 4 0 810 1509 1509 303
8409 4 0 304 1577 1577 303
8410 4 0 304 1509 1509 303
8411 4 0 794 576 576 795
8412 4 0 301 1539 1539 2008
8413 4 0 304 1373 1373 795
8414 4 0 810 1395 1395 1365
8415 4 0 1395 1523 1523 1365
8416 4 0 1400 1347 1347 1661
8417 4 0 1665 1280 1280 795
8418 4 0 544 1523 1523 1365
8419 4 0 451 1887 1887 1365
8420 4 0 533 1138 1138 1141
8421 4 0 1366 1364 1364 811
8422 4 0 1566 1524 1524 1525
8423 4 0 1400 1470 1470 1661
8424 4 0 1524 2020 2020 1544
8425 4 0 1390 1309 1309 1544
8426 4 0 1309 1885 1885 1544
8427 4 0 1505 1050 1050 1151
8428 4 0 302 795 795 2008
8429 4 0 1594 1138 1138 1141
8430 4 0 1231 1524 1524 1139
8431 4 0 1399 1138 1138 1364
8432 4 0 1544 1543 1543 1594
8433 4 0 1003 1674 1674 307
8434 4 0 810 1508 1508 1544
8435 4 0 1543 1508 1508 1544
8436 4 0 1394 1508 1508 1544
8437 4 0 1887 1524 1524 1544
8438 4 0 1480 1543 1543 1544
8439 4 0 1138 1139 1139 1141
8440 4 0 1673 533 533 1141
8441 4 0 1365 1366 1366 811
8442 4 0 2008 1674 1674 2009
8443 4 0 1386 1266 1266 1948
8444 4 0 2062 1605 1605 1596
8445 4 0 1564 1383 1383 1288
8446 4 0 1136 1477 1477 1137
8447 4 0 1545 1544 1544 1366
8448 4 0 1233 1366 1366 1364
8449 4 0 1095 1365 1365 1364
8450 4 0 2054 533 533 534
8451 4 0 1551 855 855 1622
8452 4 0 1365 1095 1095 1364
8453 4 0 1552 1545 1545 1525
8454 4 0 1572 1153 1153 1124
8455 4 0 1139 1566 1566 1366
8456 4 0 1544 810 810 811
8457 4 0 1545 1594 1594 811
8458 4 0 1594 305 305 811
8459 4 0 1138 1594 1594 811
8460 4 0 302 1539 1539 2008
8461 4 0 1566 1594 1594 1138
8462 4 0 302 794 794 795
8463 4 0 1539 302 302 795
8464 4 0 1429 1622 1622 420
8465 4 0 306 305 305 533
8466 4 0 1257 1560 1560 1458
8467 4 0 308 795 795 2008
8468 4 0 1665 1539 1539 795
8469 4 0 1288 1564 1564 1290
8470 4 0 302 308 308 795
8471 4 0 1563 1568 1568 1574
8472 4 0 1665 795 795 1374
8473 4 0 105 301 301 2008
8474 4 0 1440 532 532 1573
8475 4 0 1141 1594 1594 1595
8476 4 0 1443 536 536 106
8477 4 0 811 306 306 1347
8478 4 0 1543 1673 1673 2056
8479 4 0 2008 795 795 1374
8480 4 0 1258 743 743 1718
8481 4 0 1609 1918 1918 1718
8482 4 0 1441 1561 1561 1563
8483 4 0 576 795 795 2053
8484 4 0 795 576 576 2053
8485 4 0 304 576 576 2053
8486 4 0 1482 545 545 2053
8487 4 0 1482 576 576 2053
8488 4 0 1373 795 795 2053
8489 4 0 533 1373 1373 534
8490 4 0 306 811 811 533
8491 4 0 1003 308 308 663
8492 4 0 1358 1374 1374 2056
8493 4 0 765 794 794 1443
8494 4 0 1140 1116 1116 1169
8495 4 0 2053 545 545 306
8496 4 0 545 303 303 306
8497 4 0 1431 1581 1581 464
8498 4 0 2053 304 304 306
8499 4 0 1539 795 795 1374
8500 4 0 1539 1359 1359 1374
8501 4 0 1359 1372 1372 1374
8502 4 0 1480 1358 1358 1374
8503 4 0 1358 2008 2008 1374
8504 4 0 306 1373 1373 534
8505 4 0 1587 711 711 1710
8506 4 0 1707 1441 1441 1443
8507 4 0 533 1673 1673 2056
8508 4 0 537 300 300 108
8509 4 0 1480 305 305 2054
8510 4 0 2056 1374 1374 2054
8511 4 0 1374 305 305 2054
8512 4 0 765 763 763 142
8513 4 0 1097 1095 1095 424
8514 4 0 1386 1553 1553 1387
8515 4 0 1595 764 764 534
8516 4 0 1003 764 764 307
8517 4 0 307 1674 1674 2009
8518 4 0 425 532 532 1573
8519 4 0 795 1003 1003 534
8520 4 0 60 1386 1386 973
8521 4 0 1289 1141 1141 1169
8522 4 0 2056 2054 2054 1674
8523 4 0 1374 2054 2054 1674
8524 4 0 533 2012 2012 532
8525 4 0 2009 310 310 142
8526 4 0 532 1595 1595 534
8527 4 0 1780 1784 1784 979
8528 4 0 1552 1169 1169 1526
8529 4 0 2012 533 533 532
8530 4 0 2062 764 764 1604
8531 4 0 2037 2060 2060 1591
8532 4 0 1117 1994 1994 1575
8533 4 0 1674 2056 2056 2009
8534 4 0 1677 2014 2014 2037
8535 4 0 1140 1141 1141 2012
8536 4 0 307 764 764 2009
8537 4 0 1170 1116 1116 1117
8538 4 0 1560 425 425 1458
8539 4 0 1471 1997 1997 1400
8540 4 0 795 308 308 663
8541 4 0 1141 1595 1595 2012
8542 4 0 2013 1595 1595 2012
8543 4 0 1595 533 533 2012
8544 4 0 533 1141 1141 1595
8545 4 0 1138 1141 1141 1595
8546 4 0 1137 2046 2046 1947
8547 4 0 1607 1114 1114 1596
8548 4 0 1399 1525 1525 1290
8549 4 0 1366 1364 1364 1661
8550 4 0 1399 1364 1364 1661
8551 4 0 1366 1233 1233 1661
8552 4 0 1605 1677 1677 1117
8553 4 0 1116 1114 1114 1117
8554 4 0 664 535 535 536
8555 4 0 1439 2037 2037 1591
8556 4 0 1441 545 545 1592
8557 4 0 273 765 765 1443
8558 4 0 2053 795 795 1003
8559 4 0 423 1612 1612 1458
8560 4 0 1469 1470 1470 1400
8561 4 0 310 535 535 537
8562 4 0 1939 264 264 1367
8563 4 0 2014 2012 2012 2037
8564 4 0 1540 2012 2012 1469
8565 4 0 1374 2056 2056 2009
8566 4 0 307 1673 1673 2009
8567 4 0 1674 1673 1673 2009
8568 4 0 1347 1540 1540 546
8569 4 0 1919 1458 1458 1568
8570 4 0 533 811 811 2012
8571 4 0 811 533 533 2012
8572 4 0 1128 309 309 2009
8573 4 0 309 308 308 2009
8574 4 0 308 309 309 2009
8575 4 0 2008 1374 1374 2009
8576 4 0 1673 764 764 1003
8577 4 0 795 1374 1374 1003
8578 4 0 1374 1674 1674 1003
8579 4 0 1595 1673 1673 534
8580 4 0 2063 1475 1475 2064
8581 4 0 535 122 122 537
8582 4 0 2009 309 309 310
8583 4 0 308 301 301 309
8584 4 0 1655 2009 2009 310
8585 4 0 308 105 105 309
8586 4 0 122 945 945 309
8587 4 0 122 301 301 309
8588 4 0 2008 1128 1128 309
8589 4 0 2008 301 301 309
8590 4 0 1671 1458 1458 1625
8591 4 0 425 423 423 1458
8592 4 0 2012 811 811 1347
8593 4 0 1364 544 544 1347
8594 4 0 795 2053 2053 534
8595 4 0 1441 1072 1072 1574
8596 4 0 1622 1621 1621 1675
8597 4 0 309 1128 1128 2009
8598 4 0 422 1612 1612 1458
8599 4 0 546 1072 1072 1097
8600 4 0 811 544 544 1347
8601 4 0 811 1364 1364 1347
8602 4 0 532 1540 1540 1347
8603 4 0 2012 1540 1540 1347
8604 4 0 532 306 306 1347
8605 4 0 1096 1615 1615 1097
8606 4 0 2046 1950 1950 1696
8607 4 0 764 2009 2009 1655
8608 4 0 1069 1188 1188 1070
8609 4 0 975 1152 1152 1572
8610 4 0 1564 1524 1524 1290
8611 4 0 1540 1347 1347 424
8612 4 0 1288 1526 1526 1290
8613 4 0 1564 1526 1526 1290
8614 4 0 1114 1115 1115 1117
8615 4 0 1153 1572 1572 1124
8616 4 0 1098 1411 1411 1099
8617 4 0 1347 1138 1138 1469
8618 4 0 1595 1594 1594 1552
8619 4 0 424 1347 1347 1469
8620 4 0 1140 1138 1138 1469
8621 4 0 546 1095 1095 1097
8622 4 0 2012 1138 1138 1469
8623 4 0 1141 2012 2012 1469
8624 4 0 1266 1051 1051 1097
8625 4 0 424 2012 2012 1469
8626 4 0 494 1922 1922 1552
8627 4 0 274 272 272 960
8628 4 0 1553 1386 1386 1387
8629 4 0 1483 1231 1231 1290
8630 4 0 1623 1069 1069 1070
8631 4 0 1104 1123 1123 1188
8632 4 0 1484 1231 1231 1290
8633 4 0 1994 1572 1572 1117
8634 4 0 1140 1399 1399 1169
8635 4 0 2062 2014 2014 1604
8636 4 0 1180 60 60 1387
8637 4 0 1150 1123 1123 1125
8638 4 0 1503 861 861 1357
8639 4 0 1922 1381 1381 1552
8640 4 0 1524 1231 1231 1290
8641 4 0 975 1571 1571 1572
8642 4 0 1153 1190 1190 1584
8643 4 0 1189 1190 1190 1584
8644 4 0 1140 1399 1399 1525
8645 4 0 1993 1991 1991 1947
8646 4 0 1566 1139 1139 1525
8647 4 0 1289 1399 1399 1525
8648 4 0 1887 1139 1139 1525
8649 4 0 1552 1594 1594 1525
8650 4 0 1566 1141 1141 1525
8651 4 0 1140 1141 1141 1525
8652 4 0 1189 684 684 1190
8653 4 0 1189 1505 1505 1151
8654 4 0 1347 1469 1469 1400
8655 4 0 1399 1469 1469 1400
8656 4 0 1399 1169 1169 1400
8657 4 0 1169 1116 1116 1400
8658 4 0 1471 1469 1469 1400
8659 4 0 2011 1552 1552 1115
8660 4 0 1084 293 293 1542
8661 4 0 1153 1152 1152 1584
8662 4 0 1524 1139 1139 1290
8663 4 0 1594 1289 1289 1525
8664 4 0 1188 1123 1123 1153
8665 4 0 1524 1565 1565 1552
8666 4 0 1986 921 921 386
8667 4 0 1188 1357 1357 1153
8668 4 0 1505 1503 1503 1569
8669 4 0 1381 861 861 1357
8670 4 0 1153 2011 2011 1221
8671 4 0 1114 1552 1552 1596
8672 4 0 1181 60 60 1387
8673 4 0 1123 1569 1569 1125
8674 4 0 1471 2007 2007 1994
8675 4 0 1152 1190 1190 1151
8676 4 0 1240 1188 1188 1570
8677 4 0 1123 1188 1188 1570
8678 4 0 1175 1188 1188 1570
8679 4 0 1175 2006 2006 1570
8680 4 0 1978 1623 1623 1989
8681 4 0 1383 1564 1564 1288
8682 4 0 1565 1552 1552 1526
8683 4 0 1524 1564 1564 1526
8684 4 0 1525 1524 1524 1526
8685 4 0 861 696 696 1357
8686 4 0 1097 1051 1051 1948
8687 4 0 395 1051 1051 1948
8688 4 0 1097 1050 1050 1948
8689 4 0 1357 696 696 1123
8690 4 0 1521 1150 1150 1522
8691 4 0 1050 1097 1097 1948
8692 4 0 1525 1399 1399 1290
8693 4 0 1050 1051 1051 1948
8694 4 0 1169 1399 1399 1290
8695 4 0 1124 1116 1116 1117
8696 4 0 1399 1483 1483 1290
8697 4 0 1584 682 682 1070
8698 4 0 1382 1564 1564 1288
8699 4 0 1357 1503 1503 1569
8700 4 0 1190 1503 1503 1357
8701 4 0 1982 1980 1980 1123
8702 4 0 1522 1357 1357 1569
8703 4 0 2002 1177 1177 2006
8704 4 0 1050 1152 1152 1948
8705 4 0 1049 1152 1152 1948
8706 4 0 1190 861 861 1357
8707 4 0 1051 1097 1097 1948
8708 4 0 1610 973 973 1070
8709 4 0 1240 2006 2006 1570
8710 4 0 1526 1169 1169 1288
8711 4 0 1383 1521 1521 1288
8712 4 0 1484 1483 1483 1152
8713 4 0 1521 1288 1288 1152
8714 4 0 1483 1288 1288 1152
8715 4 0 1288 1483 1483 1152
8716 4 0 1288 1400 1400 1152
8717 4 0 1288 1521 1521 1152
8718 4 0 1050 1661 1661 1948
8719 4 0 1387 682 682 1070
8720 4 0 1970 1135 1135 1477
8721 4 0 1152 1484 1484 1151
8722 4 0 1582 1978 1978 1989
8723 4 0 1948 1661 1661 975
8724 4 0 1104 698 698 1188
8725 4 0 1484 1288 1288 1151
8726 4 0 1151 1150 1150 1522
8727 4 0 697 698 698 1188
8728 4 0 1948 1266 1266 975
8729 4 0 1190 1505 1505 1151
8730 4 0 1152 1050 1050 1189
8731 4 0 1050 684 684 1189
8732 4 0 1050 1152 1152 1189
8733 4 0 1050 1049 1049 1189
8734 4 0 1180 682 682 1387
8735 4 0 1584 1189 1189 1387
8736 4 0 1386 1387 1387 973
8737 4 0 60 1181 1181 973
8738 4 0 684 1189 1189 1190
8739 4 0 684 1180 1180 1190
8740 4 0 861 1503 1503 1357
8741 4 0 682 1190 1190 1188
8742 4 0 1124 1552 1552 1170
8743 4 0 423 1458 1458 1919
8744 4 0 682 1069 1069 1188
8745 4 0 1997 1571 1571 1572
8746 4 0 1190 683 683 1357
8747 4 0 1505 1151 1151 1357
8748 4 0 1104 696 696 1188
8749 4 0 1152 1153 1153 1584
8750 4 0 684 1181 1181 1387
8751 4 0 1180 1189 1189 1387
8752 4 0 1104 1175 1175 1188
8753 4 0 1153 1189 1189 1584
8754 4 0 1175 1240 1240 1188
8755 4 0 1177 1187 1187 1623
8756 4 0 2010 1994 1994 1993
8757 4 0 1387 1585 1585 973
8758 4 0 1584 1188 1188 1070
8759 4 0 1190 696 696 1357
8760 4 0 1190 682 682 1188
8761 4 0 60 1387 1387 973
8762 4 0 1441 524 524 1574
8763 4 0 1151 1521 1521 1150
8764 4 0 1188 1189 1189 1584
8765 4 0 973 1585 1585 975
8766 4 0 1484 1564 1564 1569
8767 4 0 1564 1565 1565 1569
8768 4 0 1522 1484 1484 1569
8769 4 0 1382 1522 1522 1569
8770 4 0 1484 1505 1505 1569
8771 4 0 1505 1565 1565 1569
8772 4 0 1484 1151 1151 1569
8773 4 0 1565 1503 1503 1569
8774 4 0 1565 1381 1381 1569
8775 4 0 1565 2019 2019 1569
8776 4 0 1503 1381 1381 1569
8777 4 0 1357 1381 1381 1569
8778 4 0 1357 1962 1962 1569
8779 4 0 1381 1962 1962 1569
8780 4 0 696 1357 1357 1188
8781 4 0 1477 1136 1136 1137
8782 4 0 1190 697 697 1188
8783 4 0 696 1123 1123 1188
8784 4 0 860 1104 1104 1123
8785 4 0 696 1104 1104 1123
8786 4 0 1152 1400 1400 1572
8787 4 0 1104 1987 1987 1123
8788 4 0 1980 1962 1962 1123
8789 4 0 1962 1569 1569 1123
8790 4 0 1170 1125 1125 2011
8791 4 0 1606 1993 1993 1676
8792 4 0 1125 1980 1980 1126
8793 4 0 1992 1987 1987 1570
8794 4 0 1552 1115 1115 1126
8795 4 0 1575 1136 1136 1576
8796 4 0 2006 1989 1989 1361
8797 4 0 1177 1623 1623 2006
8798 4 0 1571 1572 1572 2007
8799 4 0 1357 1569 1569 1123
8800 4 0 1357 860 860 1123
8801 4 0 1357 861 861 1123
8802 4 0 861 860 860 1123
8803 4 0 1522 1150 1150 1123
8804 4 0 1998 1084 1084 1542
8805 4 0 1115 2065 2065 1606
8806 4 0 1569 1123 1123 1125
8807 4 0 2065 2011 2011 1221
8808 4 0 2060 2014 2014 1591
8809 4 0 2065 1220 1220 1221
8810 4 0 532 1540 1540 2037
8811 4 0 2065 1124 1124 1221
8812 4 0 2057 2002 2002 2046
8813 4 0 1540 423 423 1567
8814 4 0 1610 1152 1152 1572
8815 4 0 1732 65 65 1625
8816 4 0 1943 1695 1695 1171
8817 4 0 1911 1949 1949 1972
8818 4 0 1220 1623 1623 2006
8819 4 0 1610 1585 1585 1572
8820 4 0 1320 1319 1319 1570
8821 4 0 1571 1585 1585 1572
8822 4 0 1998 1999 1999 1083
8823 4 0 1153 2006 2006 1570
8824 4 0 1383 1521 1521 1125
8825 4 0 1998 1329 1329 1972
8826 4 0 2010 1991 1991 1993
8827 4 0 1610 1153 1153 1572
8828 4 0 1552 1381 1381 1125
8829 4 0 1540 2037 2037 425
8830 4 0 385 1478 1478 1988
8831 4 0 1124 1153 1153 1126
8832 4 0 1995 1964 1964 1971
8833 4 0 1094 771 771 677
8834 4 0 2014 2060 2060 2037
8835 4 0 1572 1571 1571 2007
8836 4 0 1584 1153 1153 1610
8837 4 0 1585 1387 1387 1610
8838 4 0 1175 1174 1174 2006
8839 4 0 1174 1153 1153 2006
8840 4 0 1175 1153 1153 2006
8841 4 0 1571 973 973 1610
8842 4 0 921 1986 1986 1971
8843 4 0 921 386 386 1971
8844 4 0 1585 1153 1153 1610
8845 4 0 1169 1526 1526 1124
8846 4 0 1383 1150 1150 1125
8847 4 0 1288 1521 1521 1124
8848 4 0 1400 1116 1116 1124
8849 4 0 1382 1962 1962 1125
8850 4 0 1116 1400 1400 1124
8851 4 0 1569 1962 1962 1125
8852 4 0 1572 1400 1400 1124
8853 4 0 1124 1150 1150 1125
8854 4 0 2057 1220 1220 1361
8855 4 0 1400 1288 1288 1124
8856 4 0 1400 1521 1521 1124
8857 4 0 1172 1978 1978 1623
8858 4 0 1595 2013 2013 1591
8859 4 0 1153 1521 1521 1124
8860 4 0 1552 1124 1124 1125
8861 4 0 1526 1383 1383 1125
8862 4 0 1526 1521 1521 1125
8863 4 0 1526 1552 1552 1125
8864 4 0 1962 1123 1123 1125
8865 4 0 1552 1170 1170 1125
8866 4 0 1591 1439 1439 140
8867 4 0 1170 1552 1552 1115
8868 4 0 1123 1987 1987 1570
8869 4 0 1987 1992 1992 1570
8870 4 0 1126 1982 1982 1570
8871 4 0 1126 1123 1123 1570
8872 4 0 2037 1540 1540 425
8873 4 0 1289 1169 1169 1115
8874 4 0 1344 101 101 1385
8875 4 0 1188 1240 1240 1570
8876 4 0 2002 1159 1159 2046
8877 4 0 1125 1170 1170 2011
8878 4 0 1917 1600 1600 2066
8879 4 0 1126 1153 1153 1570
8880 4 0 1470 1571 1571 2007
8881 4 0 1240 1175 1175 2006
8882 4 0 973 1610 1610 1070
8883 4 0 1123 1153 1153 1570
8884 4 0 1387 1610 1610 1070
8885 4 0 1604 1595 1595 1596
8886 4 0 1135 1989 1989 1361
8887 4 0 1220 1994 1994 2010
8888 4 0 2011 1125 1125 1126
8889 4 0 1220 1610 1610 1174
8890 4 0 1988 1977 1977 1961
8891 4 0 1240 1319 1319 1570
8892 4 0 764 763 763 765
8893 4 0 1572 1471 1471 2007
8894 4 0 2011 1124 1124 1126
8895 4 0 1174 1623 1623 1361
8896 4 0 1989 2002 2002 2046
8897 4 0 1125 1123 1123 1126
8898 4 0 918 1327 1327 1330
8899 4 0 375 1571 1571 376
8900 4 0 1069 1187 1187 1070
8901 4 0 1585 973 973 1070
8902 4 0 1992 1980 1980 1126
8903 4 0 418 1668 1668 2067
8904 4 0 385 1989 1989 1477
8905 4 0 1136 1137 1137 1991
8906 4 0 1137 1477 1477 2046
8907 4 0 2037 1439 1439 1591
8908 4 0 1449 410 410 1431
8909 4 0 1187 1623 1623 2006
8910 4 0 1172 1557 1557 1989
8911 4 0 1989 1135 1135 2046
8912 4 0 375 1070 1070 374
8913 4 0 60 1986 1986 1070
8914 4 0 1187 1175 1175 2006
8915 4 0 1126 2011 2011 1221
8916 4 0 1623 1187 1187 1070
8917 4 0 1387 973 973 1070
8918 4 0 1220 1994 1994 1174
8919 4 0 376 1994 1994 1174
8920 4 0 1994 376 376 1174
8921 4 0 376 1571 1571 1174
8922 4 0 2007 1571 1571 1174
8923 4 0 1571 376 376 1174
8924 4 0 794 765 765 1443
8925 4 0 1994 1572 1572 1174
8926 4 0 1994 2007 2007 1174
8927 4 0 2007 1610 1610 1174
8928 4 0 1153 1610 1610 1070
8929 4 0 1187 1986 1986 1623
8930 4 0 1570 2002 2002 2057
8931 4 0 1990 1220 1220 1361
8932 4 0 1986 1187 1187 1623
8933 4 0 1676 1576 1576 2055
8934 4 0 1478 1582 1582 2046
8935 4 0 375 1623 1623 1070
8936 4 0 1996 1599 1599 1598
8937 4 0 1623 1175 1175 1070
8938 4 0 1623 1174 1174 1070
8939 4 0 1174 1610 1610 1070
8940 4 0 60 375 375 1070
8941 4 0 2057 2065 2065 2010
8942 4 0 387 385 385 1966
8943 4 0 1647 422 422 1618
8944 4 0 1606 1607 1607 1114
8945 4 0 1319 1240 1240 1570
8946 4 0 2037 2012 2012 425
8947 4 0 1470 1471 1471 1575
8948 4 0 1696 1950 1950 1669
8949 4 0 1328 1327 1327 917
8950 4 0 2006 1623 1623 1989
8951 4 0 495 1992 1992 1570
8952 4 0 1220 1221 1221 2057
8953 4 0 1221 1220 1220 2057
8954 4 0 1115 1170 1170 1606
8955 4 0 1319 1570 1570 2057
8956 4 0 1570 1221 1221 2057
8957 4 0 1697 1950 1950 919
8958 4 0 2057 1220 1220 2010
8959 4 0 2006 1978 1978 1989
8960 4 0 1582 2002 2002 1989
8961 4 0 2057 2006 2006 1989
8962 4 0 1991 1137 1137 1361
8963 4 0 1606 1677 1677 1676
8964 4 0 1989 1623 1623 385
8965 4 0 1557 1989 1989 385
8966 4 0 763 663 663 1443
8967 4 0 1970 1557 1557 1961
8968 4 0 376 1990 1990 1361
8969 4 0 1732 1599 1599 1625
8970 4 0 1172 1964 1964 385
8971 4 0 1677 425 425 1647
8972 4 0 264 263 263 1367
8973 4 0 1669 1478 1478 1330
8974 4 0 1614 1966 1966 1996
8975 4 0 1950 1136 1136 919
8976 4 0 1697 1136 1136 919
8977 4 0 1623 1986 1986 386
8978 4 0 1950 1477 1477 919
8979 4 0 604 1917 1917 1171
8980 4 0 1970 1582 1582 2046
8981 4 0 1171 263 263 1971
8982 4 0 1623 1979 1979 385
8983 4 0 1172 1979 1979 385
8984 4 0 2046 1135 1135 1361
8985 4 0 1623 1989 1989 385
8986 4 0 1136 376 376 1991
8987 4 0 1623 1989 1989 1361
8988 4 0 831 886 886 1917
8989 4 0 1697 1696 1696 1684
8990 4 0 1163 101 101 413
8991 4 0 388 917 917 920
8992 4 0 1380 1647 1647 951
8993 4 0 1677 2012 2012 425
8994 4 0 1450 535 535 142
8995 4 0 917 1917 1917 2066
8996 4 0 2002 1989 1989 2046
8997 4 0 1970 1477 1477 2046
8998 4 0 1135 1477 1477 2046
8999 4 0 1115 2011 2011 1606
9000 4 0 1137 1991 1991 1947
9001 4 0 1993 1990 1990 1947
9002 4 0 881 1880 1880 880
9003 4 0 1594 1595 1595 1596
9004 4 0 1552 2062 2062 1596
9005 4 0 1677 1607 1607 2037
9006 4 0 2013 2060 2060 1604
9007 4 0 665 535 535 142
9008 4 0 1990 376 376 1361
9009 4 0 1993 1606 1606 1676
9010 4 0 1991 376 376 1990
9011 4 0 422 1540 1540 425
9012 4 0 1135 2046 2046 1361
9013 4 0 1623 376 376 1361
9014 4 0 2046 2057 2057 1361
9015 4 0 1950 1696 1696 1947
9016 4 0 1604 2060 2060 1591
9017 4 0 1677 422 422 1576
9018 4 0 1677 1676 1676 1117
9019 4 0 1990 2046 2046 1361
9020 4 0 2014 2013 2013 2037
9021 4 0 1647 1677 1677 1576
9022 4 0 1213 1211 1211 1259
9023 4 0 1124 1220 1220 1606
9024 4 0 2011 1124 1124 1606
9025 4 0 2011 1170 1170 1606
9026 4 0 1990 1994 1994 1361
9027 4 0 1220 1994 1994 1361
9028 4 0 1610 1220 1220 1606
9029 4 0 1610 1572 1572 1606
9030 4 0 1124 1572 1572 1606
9031 4 0 2010 2065 2065 1606
9032 4 0 1994 2010 2010 1606
9033 4 0 1594 1289 1289 1596
9034 4 0 2010 2061 2061 1606
9035 4 0 425 2037 2037 1439
9036 4 0 422 1677 1677 425
9037 4 0 1404 1164 1164 67
9038 4 0 1116 1469 1469 1117
9039 4 0 1117 1469 1469 1575
9040 4 0 1117 1606 1606 1575
9041 4 0 1117 1471 1471 1575
9042 4 0 65 1145 1145 67
9043 4 0 139 141 141 275
9044 4 0 1676 2061 2061 1605
9045 4 0 1115 1116 1116 1117
9046 4 0 2010 1606 1606 1993
9047 4 0 2061 1606 1606 1993
9048 4 0 1469 1607 1607 1117
9049 4 0 140 1655 1655 142
9050 4 0 140 1449 1449 142
9051 4 0 2014 2062 2062 1604
9052 4 0 1607 1677 1677 2014
9053 4 0 1469 2012 2012 2037
9054 4 0 1614 2007 2007 1671
9055 4 0 1607 1114 1114 1117
9056 4 0 1947 2010 2010 2055
9057 4 0 1993 2010 2010 1676
9058 4 0 1670 103 103 1672
9059 4 0 1576 1676 1676 2055
9060 4 0 1947 1576 1576 2055
9061 4 0 1618 1696 1696 2055
9062 4 0 1449 141 141 1593
9063 4 0 1977 1478 1478 919
9064 4 0 1618 1647 1647 1576
9065 4 0 1618 1677 1677 1576
9066 4 0 1993 1676 1676 1576
9067 4 0 1606 2061 2061 1114
9068 4 0 1170 1606 1606 1117
9069 4 0 1114 1605 1605 1596
9070 4 0 1605 1606 1606 1117
9071 4 0 1604 2062 2062 1596
9072 4 0 2062 1607 1607 1596
9073 4 0 1607 1116 1116 1596
9074 4 0 2012 2013 2013 1596
9075 4 0 880 191 191 2068
9076 4 0 1469 2012 2012 1596
9077 4 0 1114 1607 1607 1596
9078 4 0 764 1604 1604 1591
9079 4 0 1718 670 670 671
9080 4 0 2014 1605 1605 2062
9081 4 0 2013 2014 2014 2062
9082 4 0 1993 1994 1994 1947
9083 4 0 310 107 107 665
9084 4 0 1141 1289 1289 1596
9085 4 0 2037 1439 1439 1647
9086 4 0 1673 764 764 2062
9087 4 0 1595 2012 2012 2037
9088 4 0 1595 764 764 2037
9089 4 0 1991 1137 1137 1947
9090 4 0 764 307 307 1655
9091 4 0 2037 2013 2013 1591
9092 4 0 764 2037 2037 1591
9093 4 0 2037 764 764 1591
9094 4 0 1605 1115 1115 1114
9095 4 0 1469 1116 1116 1117
9096 4 0 1115 1169 1169 1114
9097 4 0 1170 1116 1116 1114
9098 4 0 1170 1169 1169 1114
9099 4 0 1994 1677 1677 1575
9100 4 0 1606 1170 1170 1117
9101 4 0 1115 1552 1552 1114
9102 4 0 1469 1116 1116 1596
9103 4 0 1114 1169 1169 1596
9104 4 0 1116 1169 1169 1596
9105 4 0 1169 1141 1141 1596
9106 4 0 1114 1289 1289 1596
9107 4 0 1141 1169 1169 1596
9108 4 0 2012 1469 1469 1596
9109 4 0 2012 1141 1141 1596
9110 4 0 1604 2013 2013 1596
9111 4 0 1141 1595 1595 1596
9112 4 0 1552 1114 1114 1596
9113 4 0 2062 1552 1552 1596
9114 4 0 2007 1471 1471 1575
9115 4 0 2007 1997 1997 1575
9116 4 0 1470 1997 1997 1575
9117 4 0 2007 1994 1994 1575
9118 4 0 1994 376 376 1575
9119 4 0 2007 376 376 1575
9120 4 0 424 1540 1540 425
9121 4 0 122 931 931 537
9122 4 0 1618 1647 1647 2055
9123 4 0 1618 422 422 1576
9124 4 0 1676 1677 1677 1575
9125 4 0 1676 1994 1994 1575
9126 4 0 1677 1676 1676 1575
9127 4 0 102 103 103 1363
9128 4 0 2066 1684 1684 1614
9129 4 0 1343 1404 1404 67
9130 4 0 1684 376 376 1614
9131 4 0 1163 1212 1212 1457
9132 4 0 2066 1966 1966 1996
9133 4 0 357 356 356 279
9134 4 0 1266 66 66 1624
9135 4 0 1343 1184 1184 67
9136 4 0 65 1404 1404 67
9137 4 0 1470 424 424 422
9138 4 0 424 1470 1470 422
9139 4 0 1469 1540 1540 422
9140 4 0 1469 1677 1677 422
9141 4 0 1575 1677 1677 422
9142 4 0 1575 1469 1469 422
9143 4 0 1618 1676 1676 2055
9144 4 0 1575 1993 1993 1576
9145 4 0 422 2007 2007 1614
9146 4 0 1605 1647 1647 1618
9147 4 0 1162 102 102 1363
9148 4 0 918 1696 1696 1697
9149 4 0 1576 1136 1136 1947
9150 4 0 1671 376 376 377
9151 4 0 1970 1582 1582 1669
9152 4 0 424 546 546 1567
9153 4 0 1647 1439 1439 951
9154 4 0 918 1684 1684 917
9155 4 0 1213 1430 1430 1621
9156 4 0 951 1647 1647 2055
9157 4 0 103 1669 1669 102
9158 4 0 1563 1072 1072 1574
9159 4 0 106 107 107 537
9160 4 0 918 1950 1950 919
9161 4 0 425 1677 1677 1647
9162 4 0 2014 2037 2037 1647
9163 4 0 2060 1439 1439 1647
9164 4 0 2060 2037 2037 1647
9165 4 0 2014 1591 1591 1647
9166 4 0 1591 1439 1439 1647
9167 4 0 1591 2014 2014 1647
9168 4 0 1591 2062 2062 1647
9169 4 0 1605 2062 2062 1647
9170 4 0 2014 1677 1677 1647
9171 4 0 1647 1618 1618 2055
9172 4 0 1943 1955 1955 917
9173 4 0 1328 1363 1363 1672
9174 4 0 1380 1439 1439 1647
9175 4 0 1605 1380 1380 1647
9176 4 0 1991 1994 1994 1947
9177 4 0 1947 1993 1993 2055
9178 4 0 464 1903 1903 1344
9179 4 0 670 1951 1951 1880
9180 4 0 141 959 959 352
9181 4 0 1384 464 464 1344
9182 4 0 422 1618 1618 1163
9183 4 0 1739 1913 1913 1491
9184 4 0 1439 1647 1647 951
9185 4 0 1998 1911 1911 1972
9186 4 0 933 1767 1767 1953
9187 4 0 881 670 670 882
9188 4 0 1943 1879 1879 1951
9189 4 0 1576 1994 1994 1947
9190 4 0 263 1964 1964 920
9191 4 0 1999 1083 1083 1542
9192 4 0 918 1669 1669 1697
9193 4 0 778 988 988 989
9194 4 0 1171 1083 1083 1084
9195 4 0 1213 412 412 1259
9196 4 0 1637 586 586 1726
9197 4 0 1669 1696 1696 102
9198 4 0 1712 821 821 1720
9199 4 0 2069 1639 1639 1675
9200 4 0 2055 951 951 1162
9201 4 0 1162 951 951 104
9202 4 0 2046 1477 1477 1947
9203 4 0 1477 2046 2046 1947
9204 4 0 1137 1950 1950 1947
9205 4 0 1696 2055 2055 1162
9206 4 0 419 417 417 1719
9207 4 0 101 102 102 104
9208 4 0 310 663 663 765
9209 4 0 1557 1964 1964 1713
9210 4 0 104 413 413 1344
9211 4 0 83 1748 1748 1819
9212 4 0 743 1718 1718 1259
9213 4 0 1717 412 412 1259
9214 4 0 1656 1591 1591 140
9215 4 0 1696 1478 1478 1669
9216 4 0 1162 1380 1380 464
9217 4 0 412 1211 1211 1259
9218 4 0 412 1163 1163 413
9219 4 0 425 1212 1212 1457
9220 4 0 411 412 412 769
9221 4 0 1430 410 410 769
9222 4 0 1903 1384 1384 1344
9223 4 0 1162 1618 1618 1163
9224 4 0 742 1213 1213 1259
9225 4 0 102 1696 1696 1162
9226 4 0 1637 1636 1636 1938
9227 4 0 768 410 410 464
9228 4 0 1696 102 102 1162
9229 4 0 1680 464 464 1904
9230 4 0 1561 1213 1213 1651
9231 4 0 2070 1682 1682 314
9232 4 0 1729 855 855 1587
9233 4 0 1707 272 272 960
9234 4 0 1561 276 276 1443
9235 4 0 411 951 951 1163
9236 4 0 1614 387 387 1996
9237 4 0 411 104 104 1163
9238 4 0 1738 1550 1550 1729
9239 4 0 1163 1362 1362 1363
9240 4 0 1363 1879 1879 917
9241 4 0 104 1618 1618 1163
9242 4 0 1384 1699 1699 419
9243 4 0 1618 1163 1163 1457
9244 4 0 1612 1624 1624 1919
9245 4 0 273 272 272 352
9246 4 0 141 142 142 352
9247 4 0 1328 1998 1998 1329
9248 4 0 141 1380 1380 464
9249 4 0 1162 1362 1362 1363
9250 4 0 951 1380 1380 411
9251 4 0 1380 768 768 411
9252 4 0 106 664 664 537
9253 4 0 141 139 139 411
9254 4 0 1384 1344 1344 1385
9255 4 0 1350 1351 1351 1297
9256 4 0 140 139 139 141
9257 4 0 1163 1162 1162 1363
9258 4 0 1162 1696 1696 1163
9259 4 0 1680 103 103 1670
9260 4 0 1718 743 743 1259
9261 4 0 1449 768 768 1593
9262 4 0 166 822 822 2071
9263 4 0 1971 385 385 920
9264 4 0 769 768 768 1593
9265 4 0 1003 534 534 765
9266 4 0 306 1540 1540 1573
9267 4 0 1694 1639 1639 383
9268 4 0 1903 418 418 1385
9269 4 0 464 1384 1384 1344
9270 4 0 103 1680 1680 1670
9271 4 0 794 1443 1443 108
9272 4 0 413 1384 1384 1344
9273 4 0 931 957 957 1351
9274 4 0 1698 1599 1599 1260
9275 4 0 425 1540 1540 1573
9276 4 0 1367 1082 1082 1083
9277 4 0 1995 263 263 1971
9278 4 0 1670 1327 1327 1329
9279 4 0 768 411 411 464
9280 4 0 1614 422 422 1457
9281 4 0 412 101 101 413
9282 4 0 1071 1055 1055 1708
9283 4 0 1647 1163 1163 1457
9284 4 0 1164 1386 1386 67
9285 4 0 1051 64 64 67
9286 4 0 1458 1671 1671 1625
9287 4 0 1051 1538 1538 67
9288 4 0 1625 65 65 1708
9289 4 0 951 1439 1439 1212
9290 4 0 951 1163 1163 1212
9291 4 0 411 1439 1439 1212
9292 4 0 141 273 273 352
9293 4 0 945 105 105 665
9294 4 0 1633 1258 1258 1259
9295 4 0 976 974 974 1671
9296 4 0 386 1964 1964 1971
9297 4 0 822 9 9 1542
9298 4 0 1947 1136 1136 1697
9299 4 0 1348 1349 1349 1351
9300 4 0 1753 955 955 1818
9301 4 0 1163 1212 1212 412
9302 4 0 1212 1363 1363 1698
9303 4 0 2066 1995 1995 1996
9304 4 0 1550 855 855 1622
9305 4 0 1561 1562 1562 1259
9306 4 0 771 1101 1101 669
9307 4 0 765 273 273 1443
9308 4 0 1732 1671 1671 1598
9309 4 0 1698 1212 1212 412
9310 4 0 1350 537 537 1351
9311 4 0 1550 357 357 279
9312 4 0 1449 769 769 1451
9313 4 0 2052 1440 1440 765
9314 4 0 1680 102 102 1670
9315 4 0 1581 1384 1384 464
9316 4 0 410 769 769 1449
9317 4 0 1328 1362 1362 1672
9318 4 0 413 411 411 464
9319 4 0 769 410 410 1449
9320 4 0 534 1003 1003 765
9321 4 0 1363 103 103 1385
9322 4 0 104 103 103 1344
9323 4 0 1699 1384 1384 419
9324 4 0 534 306 306 1573
9325 4 0 1639 1450 1450 1640
9326 4 0 1430 1581 1581 1431
9327 4 0 1581 464 464 1903
9328 4 0 277 1351 1351 356
9329 4 0 275 1212 1212 1213
9330 4 0 276 274 274 960
9331 4 0 1707 1348 1348 960
9332 4 0 536 537 537 356
9333 4 0 278 960 960 1066
9334 4 0 536 1348 1348 106
9335 4 0 960 272 272 352
9336 4 0 352 1611 1611 1066
9337 4 0 1649 1794 1794 1650
9338 4 0 2052 1573 1573 765
9339 4 0 2063 1668 1668 419
9340 4 0 1385 1384 1384 1699
9341 4 0 536 356 356 1066
9342 4 0 1633 26 26 1733
9343 4 0 880 1767 1767 671
9344 4 0 1567 1097 1097 1919
9345 4 0 1671 375 375 377
9346 4 0 1404 1635 1635 1731
9347 4 0 141 140 140 464
9348 4 0 1431 768 768 464
9349 4 0 768 141 141 464
9350 4 0 1363 1362 1362 1672
9351 4 0 104 102 102 1344
9352 4 0 103 104 104 1344
9353 4 0 1362 1669 1669 1672
9354 4 0 1613 1363 1363 1457
9355 4 0 1137 1136 1136 1697
9356 4 0 193 1949 1949 1472
9357 4 0 1473 193 193 1949
9358 4 0 1960 1970 1970 1330
9359 4 0 103 1385 1385 1328
9360 4 0 1988 1970 1970 1330
9361 4 0 1385 103 103 1680
9362 4 0 1344 103 103 1680
9363 4 0 1670 1385 1385 1328
9364 4 0 1344 102 102 1680
9365 4 0 1258 1257 1257 1259
9366 4 0 855 856 856 857
9367 4 0 1640 1641 1641 1432
9368 4 0 418 1904 1904 1429
9369 4 0 413 1384 1384 1429
9370 4 0 418 1385 1385 1680
9371 4 0 1385 1344 1344 1680
9372 4 0 1903 1344 1344 1680
9373 4 0 1329 1955 1955 1083
9374 4 0 743 1258 1258 1259
9375 4 0 918 1977 1977 1330
9376 4 0 1669 1327 1327 1672
9377 4 0 1328 103 103 1672
9378 4 0 2073 418 418 420
9379 4 0 1758 1475 1475 2074
9380 4 0 1639 1694 1694 1641
9381 4 0 1682 1683 1683 1638
9382 4 0 1965 1695 1695 2071
9383 4 0 1951 905 905 882
9384 4 0 880 1949 1949 2068
9385 4 0 935 2071 2071 191
9386 4 0 190 2071 2071 191
9387 4 0 935 880 880 191
9388 4 0 1084 1955 1955 2068
9389 4 0 1082 1556 1556 1367
9390 4 0 2063 880 880 1473
9391 4 0 2063 1767 1767 2072
9392 4 0 1330 1329 1329 1083
9393 4 0 1327 1998 1998 1329
9394 4 0 1327 1329 1329 1672
9395 4 0 1601 1635 1635 1951
9396 4 0 1939 1367 1367 1083
9397 4 0 1964 1971 1971 920
9398 4 0 1939 1964 1964 920
9399 4 0 1330 1961 1961 1367
9400 4 0 1961 1964 1964 1939
9401 4 0 1995 1971 1971 1634
9402 4 0 388 917 917 2066
9403 4 0 1943 293 293 1917
9404 4 0 1961 264 264 1367
9405 4 0 1961 1556 1556 1367
9406 4 0 423 1540 1540 1567
9407 4 0 1084 1542 1542 191
9408 4 0 1362 1669 1669 918
9409 4 0 1101 778 778 1940
9410 4 0 377 374 374 1634
9411 4 0 1367 263 263 1083
9412 4 0 293 1917 1917 1171
9413 4 0 1329 1998 1998 1999
9414 4 0 1669 1950 1950 918
9415 4 0 1478 1950 1950 918
9416 4 0 1998 1329 1329 1330
9417 4 0 1988 1478 1478 1330
9418 4 0 918 1669 1669 1330
9419 4 0 1963 1600 1600 1951
9420 4 0 1977 1939 1939 1330
9421 4 0 1713 264 264 1961
9422 4 0 919 1939 1939 920
9423 4 0 1964 1713 1713 1961
9424 4 0 385 1964 1964 1961
9425 4 0 1682 1941 1941 2075
9426 4 0 1955 1083 1083 1171
9427 4 0 1995 917 917 2066
9428 4 0 935 1965 1965 191
9429 4 0 386 1995 1995 374
9430 4 0 917 388 388 920
9431 4 0 1174 1070 1070 374
9432 4 0 1966 917 917 2066
9433 4 0 1684 422 422 1614
9434 4 0 377 1995 1995 1996
9435 4 0 1939 385 385 920
9436 4 0 1083 1171 1171 920
9437 4 0 1163 1618 1618 1684
9438 4 0 376 374 374 377
9439 4 0 1576 1696 1696 1684
9440 4 0 387 1477 1477 1966
9441 4 0 1330 1939 1939 1367
9442 4 0 263 1083 1083 1171
9443 4 0 1612 1671 1671 1458
9444 4 0 1961 1977 1977 1939
9445 4 0 1917 1955 1955 1171
9446 4 0 1634 219 219 1635
9447 4 0 1939 1977 1977 1330
9448 4 0 918 1478 1478 1330
9449 4 0 1669 1998 1998 1330
9450 4 0 1965 1542 1542 191
9451 4 0 1917 1995 1995 2066
9452 4 0 263 1367 1367 1171
9453 4 0 388 385 385 920
9454 4 0 1537 1995 1995 1971
9455 4 0 9 1542 1542 2071
9456 4 0 1082 263 263 1171
9457 4 0 886 602 602 1943
9458 4 0 602 604 604 1943
9459 4 0 1917 293 293 1171
9460 4 0 1082 9 9 1171
9461 4 0 1733 1791 1791 904
9462 4 0 1670 1680 1680 1667
9463 4 0 1951 1733 1733 904
9464 4 0 1283 1963 1963 904
9465 4 0 1458 1613 1613 1625
9466 4 0 886 1695 1695 1943
9467 4 0 263 831 831 1171
9468 4 0 604 831 831 1171
9469 4 0 831 263 263 1171
9470 4 0 1671 974 974 377
9471 4 0 1386 1538 1538 67
9472 4 0 1614 1671 1671 1625
9473 4 0 1684 1614 1614 1457
9474 4 0 1145 1143 1143 1343
9475 4 0 1171 1917 1917 1634
9476 4 0 375 1671 1671 377
9477 4 0 374 1164 1164 377
9478 4 0 1959 1537 1537 1634
9479 4 0 1917 604 604 1634
9480 4 0 1613 1684 1684 1614
9481 4 0 1880 880 880 1668
9482 4 0 2066 388 388 1996
9483 4 0 576 794 794 1441
9484 4 0 1917 1171 1171 1634
9485 4 0 293 1083 1083 1171
9486 4 0 26 1900 1900 27
9487 4 0 376 1684 1684 1614
9488 4 0 1979 385 385 386
9489 4 0 385 388 388 920
9490 4 0 385 1979 1979 386
9491 4 0 1171 264 264 920
9492 4 0 387 1995 1995 388
9493 4 0 1330 918 918 920
9494 4 0 1696 1697 1697 1684
9495 4 0 1971 1964 1964 920
9496 4 0 1613 422 422 1612
9497 4 0 1707 1561 1561 275
9498 4 0 1879 917 917 2066
9499 4 0 919 1136 1136 1966
9500 4 0 1939 1977 1977 919
9501 4 0 1136 1576 1576 1684
9502 4 0 377 1971 1971 1634
9503 4 0 387 1136 1136 1966
9504 4 0 1996 1732 1732 1598
9505 4 0 973 375 375 1671
9506 4 0 65 1055 1055 66
9507 4 0 917 1171 1171 920
9508 4 0 918 1977 1977 919
9509 4 0 1600 1879 1879 2066
9510 4 0 675 1100 1100 677
9511 4 0 1132 1681 1681 1134
9512 4 0 1964 668 668 1971
9513 4 0 1212 425 425 1457
9514 4 0 951 425 425 1457
9515 4 0 386 385 385 1971
9516 4 0 1083 1955 1955 920
9517 4 0 263 347 347 1971
9518 4 0 1684 918 918 917
9519 4 0 1362 1327 1327 917
9520 4 0 1136 1966 1966 1684
9521 4 0 1600 1601 1601 1635
9522 4 0 1996 1600 1600 1598
9523 4 0 1051 1055 1055 66
9524 4 0 1174 1623 1623 387
9525 4 0 386 385 385 387
9526 4 0 1135 1136 1136 387
9527 4 0 1135 376 376 387
9528 4 0 385 1135 1135 387
9529 4 0 1576 1136 1136 1684
9530 4 0 1135 1477 1477 387
9531 4 0 1477 1135 1135 387
9532 4 0 1537 1959 1959 1634
9533 4 0 1083 1330 1330 920
9534 4 0 388 1966 1966 1996
9535 4 0 1684 1362 1362 917
9536 4 0 1995 385 385 388
9537 4 0 385 1966 1966 388
9538 4 0 919 1966 1966 388
9539 4 0 422 1614 1614 1457
9540 4 0 1955 1328 1328 920
9541 4 0 917 1328 1328 920
9542 4 0 917 918 918 920
9543 4 0 1718 1918 1918 1260
9544 4 0 1330 1328 1328 920
9545 4 0 711 713 713 906
9546 4 0 1613 1212 1212 1457
9547 4 0 1362 1363 1363 1684
9548 4 0 1163 1696 1696 1684
9549 4 0 919 1362 1362 1684
9550 4 0 1136 919 919 1684
9551 4 0 1363 1362 1362 1684
9552 4 0 1171 1367 1367 920
9553 4 0 919 918 918 1684
9554 4 0 263 264 264 920
9555 4 0 1171 263 263 920
9556 4 0 1966 1136 1136 1684
9557 4 0 376 1575 1575 1614
9558 4 0 1684 1576 1576 1457
9559 4 0 1575 1136 1136 1684
9560 4 0 1575 376 376 1684
9561 4 0 1995 1917 1917 2066
9562 4 0 1955 1171 1171 917
9563 4 0 917 1171 1171 2066
9564 4 0 1684 1966 1966 917
9565 4 0 1966 388 388 917
9566 4 0 1995 1171 1171 2066
9567 4 0 1097 1567 1567 1919
9568 4 0 217 1404 1404 1343
9569 4 0 1918 1718 1718 1260
9570 4 0 1071 1097 1097 1567
9571 4 0 423 424 424 1567
9572 4 0 1971 1995 1995 374
9573 4 0 1560 1573 1573 1574
9574 4 0 357 277 277 279
9575 4 0 387 1623 1623 374
9576 4 0 1066 2000 2000 279
9577 4 0 1708 1071 1071 1562
9578 4 0 356 277 277 279
9579 4 0 1411 1649 1649 1376
9580 4 0 1562 770 770 2047
9581 4 0 1986 375 375 374
9582 4 0 1986 344 344 374
9583 4 0 976 376 376 1671
9584 4 0 1163 1647 1647 1457
9585 4 0 1632 1257 1257 1625
9586 4 0 1966 376 376 1614
9587 4 0 1032 676 676 1101
9588 4 0 1623 1070 1070 374
9589 4 0 1599 1613 1613 1614
9590 4 0 1370 1404 1404 1343
9591 4 0 1609 742 742 743
9592 4 0 532 1440 1440 763
9593 4 0 1257 1625 1625 1708
9594 4 0 1363 1698 1698 1613
9595 4 0 1211 1212 1212 1613
9596 4 0 1257 1211 1211 1613
9597 4 0 2066 917 917 1613
9598 4 0 917 1363 1363 1613
9599 4 0 917 1698 1698 1613
9600 4 0 1879 1599 1599 1613
9601 4 0 917 1879 1879 1613
9602 4 0 2066 1599 1599 1613
9603 4 0 917 2066 2066 1613
9604 4 0 1257 1698 1698 1613
9605 4 0 422 1576 1576 1457
9606 4 0 1684 1618 1618 1457
9607 4 0 377 387 387 1996
9608 4 0 1171 1537 1537 1634
9609 4 0 1613 1599 1599 1614
9610 4 0 1625 1071 1071 1708
9611 4 0 344 1971 1971 374
9612 4 0 1971 344 344 374
9613 4 0 1599 2066 2066 1996
9614 4 0 374 1995 1995 377
9615 4 0 1614 376 376 377
9616 4 0 374 375 375 377
9617 4 0 1567 423 423 1458
9618 4 0 1458 1614 1614 1625
9619 4 0 1458 1919 1919 1625
9620 4 0 1708 1632 1632 1258
9621 4 0 1986 386 386 374
9622 4 0 1986 1623 1623 374
9623 4 0 1732 1671 1671 1996
9624 4 0 377 1671 1671 1996
9625 4 0 973 60 60 374
9626 4 0 1614 1599 1599 1996
9627 4 0 1614 2066 2066 1996
9628 4 0 377 1614 1614 1996
9629 4 0 973 974 974 377
9630 4 0 1164 374 374 377
9631 4 0 60 974 974 377
9632 4 0 1600 2066 2066 1601
9633 4 0 1879 1599 1599 1601
9634 4 0 65 1732 1732 67
9635 4 0 65 651 651 66
9636 4 0 1879 2066 2066 1601
9637 4 0 974 66 66 67
9638 4 0 374 1068 1068 1634
9639 4 0 377 1598 1598 1634
9640 4 0 377 1164 1164 1634
9641 4 0 1996 1995 1995 1634
9642 4 0 1995 1996 1996 1634
9643 4 0 1598 377 377 1634
9644 4 0 1600 1598 1598 1634
9645 4 0 1943 1600 1600 1634
9646 4 0 1917 1959 1959 1634
9647 4 0 1911 1998 1998 2068
9648 4 0 1971 1068 1068 1634
9649 4 0 1266 1624 1624 1612
9650 4 0 1634 1598 1598 1404
9651 4 0 1370 1343 1343 27
9652 4 0 217 1370 1370 1404
9653 4 0 1068 219 219 1634
9654 4 0 1068 1164 1164 1634
9655 4 0 1055 1071 1071 1708
9656 4 0 1880 904 904 1260
9657 4 0 217 219 219 1404
9658 4 0 1518 462 462 27
9659 4 0 1879 904 904 1880
9660 4 0 1429 2073 2073 420
9661 4 0 1963 1943 1943 1951
9662 4 0 1598 1634 1634 1635
9663 4 0 1145 1370 1370 1343
9664 4 0 1562 1563 1563 1568
9665 4 0 1145 217 217 1343
9666 4 0 975 1470 1470 1612
9667 4 0 975 1624 1624 1612
9668 4 0 1733 1632 1632 1260
9669 4 0 1627 1608 1608 2047
9670 4 0 66 1055 1055 1919
9671 4 0 651 64 64 66
9672 4 0 1718 1633 1633 1260
9673 4 0 1632 26 26 1733
9674 4 0 1624 1612 1612 1919
9675 4 0 974 1266 1266 67
9676 4 0 66 1624 1624 1919
9677 4 0 1457 1613 1613 1458
9678 4 0 1614 1599 1599 1625
9679 4 0 1708 1458 1458 1568
9680 4 0 1792 1790 1790 2076
9681 4 0 1869 327 327 1831
9682 4 0 548 549 549 1833
9683 4 0 1608 1783 1783 28
9684 4 0 66 1266 1266 1919
9685 4 0 1097 424 424 1612
9686 4 0 2053 794 794 1441
9687 4 0 1690 1093 1093 1786
9688 4 0 1717 1213 1213 417
9689 4 0 1732 1598 1598 67
9690 4 0 1458 1708 1708 1568
9691 4 0 1072 1097 1097 1567
9692 4 0 546 545 545 1567
9693 4 0 1055 64 64 65
9694 4 0 976 975 975 1624
9695 4 0 975 1266 1266 1624
9696 4 0 1567 545 545 1574
9697 4 0 974 1671 1671 1624
9698 4 0 2076 1792 1792 1296
9699 4 0 1600 1634 1634 1963
9700 4 0 808 1791 1791 1718
9701 4 0 1963 1635 1635 1951
9702 4 0 740 1258 1258 1609
9703 4 0 1258 1632 1632 1260
9704 4 0 106 107 107 108
9705 4 0 66 1051 1051 67
9706 4 0 1457 422 422 1458
9707 4 0 1071 1625 1625 1708
9708 4 0 1671 1598 1598 67
9709 4 0 1598 1671 1671 67
9710 4 0 1164 1598 1598 67
9711 4 0 377 974 974 67
9712 4 0 974 377 377 67
9713 4 0 974 1671 1671 67
9714 4 0 1404 1598 1598 67
9715 4 0 974 1386 1386 67
9716 4 0 1145 1184 1184 67
9717 4 0 2007 1470 1470 1612
9718 4 0 1624 1671 1671 1612
9719 4 0 1671 2007 2007 1612
9720 4 0 1575 1470 1470 1612
9721 4 0 1575 2007 2007 1612
9722 4 0 422 1470 1470 1612
9723 4 0 1919 1071 1071 1625
9724 4 0 2007 1671 1671 1612
9725 4 0 2007 1614 1614 1612
9726 4 0 1297 1298 1298 958
9727 4 0 422 423 423 1612
9728 4 0 1257 1599 1599 1625
9729 4 0 1671 66 66 1625
9730 4 0 1919 66 66 1625
9731 4 0 1562 1071 1071 2047
9732 4 0 1345 1608 1608 2047
9733 4 0 1562 521 521 2047
9734 4 0 1560 1458 1458 1708
9735 4 0 1072 1568 1568 1574
9736 4 0 770 1608 1608 1708
9737 4 0 412 411 411 275
9738 4 0 1612 1458 1458 1919
9739 4 0 66 1071 1071 1919
9740 4 0 1671 1624 1624 1625
9741 4 0 1919 65 65 1625
9742 4 0 65 1732 1732 1625
9743 4 0 1562 1608 1608 2047
9744 4 0 1211 1560 1560 1708
9745 4 0 523 1627 1627 2047
9746 4 0 521 1345 1345 2047
9747 4 0 1568 1560 1560 1574
9748 4 0 546 1573 1573 1574
9749 4 0 1625 1257 1257 1708
9750 4 0 1919 1625 1625 1708
9751 4 0 1633 1258 1258 1609
9752 4 0 771 372 372 677
9753 4 0 1560 1592 1592 1574
9754 4 0 1718 671 671 710
9755 4 0 1687 1025 1025 1027
9756 4 0 1880 1363 1363 881
9757 4 0 1100 1635 1635 1963
9758 4 0 1608 1562 1562 2047
9759 4 0 1608 1708 1708 2047
9760 4 0 576 1442 1442 1441
9761 4 0 279 276 276 1651
9762 4 0 957 1349 1349 1351
9763 4 0 1440 140 140 763
9764 4 0 1326 1297 1297 277
9765 4 0 309 310 310 535
9766 4 0 1567 1540 1540 1573
9767 4 0 1567 1560 1560 1573
9768 4 0 931 537 537 1351
9769 4 0 546 1540 1540 1573
9770 4 0 275 2001 2001 1440
9771 4 0 1440 1560 1560 1592
9772 4 0 545 306 306 1573
9773 4 0 1071 521 521 1568
9774 4 0 545 524 524 1441
9775 4 0 545 1442 1442 1441
9776 4 0 1560 275 275 1440
9777 4 0 275 1560 1560 1440
9778 4 0 1379 931 931 537
9779 4 0 275 1212 1212 1440
9780 4 0 534 2053 2053 1573
9781 4 0 1593 141 141 273
9782 4 0 769 272 272 273
9783 4 0 1708 1562 1562 1568
9784 4 0 545 546 546 1573
9785 4 0 665 663 663 142
9786 4 0 664 535 535 537
9787 4 0 272 1549 1549 279
9788 4 0 1449 140 140 142
9789 4 0 1439 1212 1212 1440
9790 4 0 1563 1561 1561 2001
9791 4 0 2053 1573 1573 2052
9792 4 0 1561 1563 1563 2001
9793 4 0 1066 356 356 279
9794 4 0 1656 764 764 763
9795 4 0 1551 276 276 279
9796 4 0 769 141 141 275
9797 4 0 1211 425 425 1440
9798 4 0 1591 140 140 763
9799 4 0 411 275 275 1440
9800 4 0 275 411 411 1440
9801 4 0 274 272 272 275
9802 4 0 140 1439 1439 1440
9803 4 0 1563 524 524 1574
9804 4 0 1563 1562 1562 1568
9805 4 0 1211 1212 1212 1440
9806 4 0 411 1380 1380 1440
9807 4 0 411 139 139 1440
9808 4 0 1707 276 276 274
9809 4 0 1443 1348 1348 106
9810 4 0 272 1451 1451 352
9811 4 0 959 1611 1611 356
9812 4 0 1550 1551 1551 279
9813 4 0 274 1561 1561 275
9814 4 0 2001 1561 1561 275
9815 4 0 1211 1560 1560 275
9816 4 0 1440 139 139 763
9817 4 0 273 2001 2001 275
9818 4 0 274 1707 1707 275
9819 4 0 2001 273 273 275
9820 4 0 1573 2053 2053 1592
9821 4 0 794 1441 1441 2052
9822 4 0 1592 2053 2053 2052
9823 4 0 1440 425 425 1573
9824 4 0 1708 1919 1919 1568
9825 4 0 1212 1439 1439 1440
9826 4 0 1072 521 521 1568
9827 4 0 2001 1560 1560 1592
9828 4 0 1071 1562 1562 1568
9829 4 0 545 1592 1592 1574
9830 4 0 1072 1563 1563 1568
9831 4 0 2001 1563 1563 1592
9832 4 0 1919 1567 1567 1568
9833 4 0 945 309 309 535
9834 4 0 537 1379 1379 108
9835 4 0 1349 1348 1348 106
9836 4 0 1592 1440 1440 2052
9837 4 0 120 957 957 1351
9838 4 0 1592 2001 2001 2052
9839 4 0 1440 2001 2001 2052
9840 4 0 139 2001 2001 2052
9841 4 0 139 763 763 2052
9842 4 0 310 301 301 665
9843 4 0 1592 1560 1560 1568
9844 4 0 1573 532 532 765
9845 4 0 763 140 140 142
9846 4 0 309 945 945 310
9847 4 0 310 105 105 665
9848 4 0 1592 1563 1563 1574
9849 4 0 535 665 665 142
9850 4 0 309 105 105 310
9851 4 0 307 308 308 310
9852 4 0 308 663 663 310
9853 4 0 1655 1003 1003 765
9854 4 0 535 310 310 142
9855 4 0 1656 307 307 310
9856 4 0 2009 122 122 535
9857 4 0 309 301 301 310
9858 4 0 764 1656 1656 765
9859 4 0 1656 1003 1003 765
9860 4 0 2069 1640 1640 1630
9861 4 0 142 141 141 959
9862 4 0 1783 1790 1790 2076
9863 4 0 764 534 534 765
9864 4 0 945 664 664 665
9865 4 0 1440 763 763 765
9866 4 0 665 664 664 142
9867 4 0 463 396 396 1900
9868 4 0 765 1656 1656 142
9869 4 0 1345 1608 1608 1633
9870 4 0 1431 1449 1449 142
9871 4 0 310 1656 1656 142
9872 4 0 1411 1099 1099 1744
9873 4 0 1003 794 794 765
9874 4 0 1349 535 535 537
9875 4 0 310 665 665 537
9876 4 0 945 665 665 537
9877 4 0 574 895 895 108
9878 4 0 2052 763 763 765
9879 4 0 532 1573 1573 765
9880 4 0 310 1003 1003 765
9881 4 0 141 1593 1593 959
9882 4 0 1708 65 65 25
9883 4 0 2052 534 534 765
9884 4 0 663 794 794 765
9885 4 0 279 1213 1213 1651
9886 4 0 663 765 765 142
9887 4 0 765 663 663 142
9888 4 0 65 64 64 25
9889 4 0 740 1345 1345 1633
9890 4 0 2052 273 273 765
9891 4 0 763 2052 2052 765
9892 4 0 763 139 139 765
9893 4 0 2052 2053 2053 765
9894 4 0 1348 1510 1510 106
9895 4 0 2000 356 356 383
9896 4 0 931 1350 1350 537
9897 4 0 1633 1562 1562 1259
9898 4 0 276 1348 1348 1443
9899 4 0 1441 1707 1707 1443
9900 4 0 1593 959 959 352
9901 4 0 1666 1098 1098 1346
9902 4 0 1443 107 107 108
9903 4 0 300 929 929 108
9904 4 0 1379 1510 1510 108
9905 4 0 574 794 794 108
9906 4 0 139 142 142 352
9907 4 0 142 1449 1449 959
9908 4 0 535 142 142 959
9909 4 0 1451 1450 1450 959
9910 4 0 1442 1561 1561 1443
9911 4 0 1451 1449 1449 959
9912 4 0 1792 2076 2076 1296
9913 4 0 959 273 273 352
9914 4 0 1350 536 536 537
9915 4 0 904 1879 1879 1260
9916 4 0 664 665 665 537
9917 4 0 945 310 310 535
9918 4 0 273 663 663 1443
9919 4 0 1348 960 960 1443
9920 4 0 960 273 273 1443
9921 4 0 1707 273 273 1443
9922 4 0 273 960 960 1443
9923 4 0 959 664 664 1443
9924 4 0 959 663 663 1443
9925 4 0 142 273 273 1443
9926 4 0 142 663 663 1443
9927 4 0 536 959 959 1443
9928 4 0 535 536 536 1443
9929 4 0 536 535 535 1443
9930 4 0 959 535 535 1443
9931 4 0 536 960 960 1443
9932 4 0 106 1379 1379 537
9933 4 0 105 664 664 537
9934 4 0 300 931 931 537
9935 4 0 105 945 945 537
9936 4 0 106 1349 1349 537
9937 4 0 302 794 794 1443
9938 4 0 278 536 536 356
9939 4 0 276 279 279 1651
9940 4 0 1021 1453 1453 1603
9941 4 0 663 664 664 1443
9942 4 0 663 107 107 1443
9943 4 0 1298 1666 1666 958
9944 4 0 106 1463 1463 1590
9945 4 0 1379 537 537 108
9946 4 0 895 794 794 108
9947 4 0 1351 957 957 1297
9948 4 0 1243 1326 1326 382
9949 4 0 1351 1297 1297 277
9950 4 0 1918 1608 1608 28
9951 4 0 1297 1348 1348 277
9952 4 0 1349 536 536 277
9953 4 0 1349 1348 1348 277
9954 4 0 1349 1350 1350 277
9955 4 0 959 352 352 1066
9956 4 0 1348 1297 1297 277
9957 4 0 960 1348 1348 277
9958 4 0 279 274 274 1651
9959 4 0 1579 1415 1415 1466
9960 4 0 120 1371 1371 958
9961 4 0 1348 277 277 278
9962 4 0 277 1348 1348 278
9963 4 0 1348 960 960 278
9964 4 0 959 535 535 356
9965 4 0 1733 1601 1601 1260
9966 4 0 27 462 462 1792
9967 4 0 1518 1833 1833 1296
9968 4 0 1651 1213 1213 742
9969 4 0 1066 960 960 279
9970 4 0 1761 1762 1762 979
9971 4 0 1549 769 769 1213
9972 4 0 412 1212 1212 1213
9973 4 0 769 275 275 1213
9974 4 0 275 769 769 1213
9975 4 0 1561 1443 1443 1463
9976 4 0 1451 352 352 1611
9977 4 0 1632 1258 1258 1633
9978 4 0 536 352 352 1066
9979 4 0 1632 1599 1599 1260
9980 4 0 356 1066 1066 2000
9981 4 0 352 1451 1451 1066
9982 4 0 1699 1880 1880 419
9983 4 0 904 1918 1918 1718
9984 4 0 276 1443 1443 1463
9985 4 0 1297 358 358 1243
9986 4 0 274 276 276 1651
9987 4 0 1628 1583 1583 1775
9988 4 0 818 819 819 1744
9989 4 0 1429 1640 1640 1432
9990 4 0 1449 1430 1430 1432
9991 4 0 410 1431 1431 1432
9992 4 0 856 1639 1639 2069
9993 4 0 2067 1668 1668 1475
9994 4 0 2000 1694 1694 1639
9995 4 0 1510 106 106 1590
9996 4 0 1918 1345 1345 1609
9997 4 0 1651 1551 1551 742
9998 4 0 1830 1491 1491 2058
9999 4 0 1326 358 358 382
10000 4 0 1242 1243 1243 382
10001 4 0 1351 1297 1297 358
10002 4 0 1709 1242 1242 956
10003 4 0 1890 1780 1780 1775
10004 4 0 1376 1649 1649 1650
10005 4 0 1895 1295 1295 2076
10006 4 0 740 1345 1345 1463
10007 4 0 25 1633 1633 1918
10008 4 0 1463 276 276 1590
10009 4 0 6 2045 2045 5
10010 4 0 977 955 955 958
10011 4 0 1562 1561 1561 1259
10012 4 0 1145 1920 1920 27
10013 4 0 463 932 932 1900
10014 4 0 358 357 357 384
10015 4 0 1709 122 122 978
10016 4 0 1467 1657 1657 1468
10017 4 0 1298 276 276 384
10018 4 0 357 358 358 384
10019 4 0 1450 1430 1430 1432
10020 4 0 272 960 960 279
10021 4 0 1791 808 808 1718
10022 4 0 476 1757 1757 478
10023 4 0 384 2077 2077 1795
10024 4 0 1376 1648 1648 1650
10025 4 0 1777 1795 1795 1794
10026 4 0 1627 1608 1608 740
10027 4 0 1209 1541 1541 1027
10028 4 0 1702 907 907 908
10029 4 0 1794 1793 1793 1650
10030 4 0 904 1601 1601 1260
10031 4 0 1430 2078 2078 1621
10032 4 0 1599 1601 1601 1260
10033 4 0 1560 1562 1562 1259
10034 4 0 277 357 357 279
10035 4 0 1590 1345 1345 1346
10036 4 0 26 1918 1918 1733
10037 4 0 1590 1098 1098 1346
10038 4 0 1404 1343 1343 1100
10039 4 0 841 1945 1945 843
10040 4 0 647 1626 1626 648
10041 4 0 1593 1451 1451 1549
10042 4 0 1094 26 26 1900
10043 4 0 769 1451 1451 1549
10044 4 0 621 884 884 1831
10045 4 0 947 128 128 843
10046 4 0 1733 1633 1633 1260
10047 4 0 1551 741 741 742
10048 4 0 64 27 27 28
10049 4 0 1783 1918 1918 28
10050 4 0 2036 27 27 1792
10051 4 0 1640 1450 1450 1432
10052 4 0 419 1880 1880 1719
10053 4 0 1659 1720 1720 2079
10054 4 0 710 2063 2063 1942
10055 4 0 420 2067 2067 1631
10056 4 0 1611 272 272 1549
10057 4 0 1609 808 808 1718
10058 4 0 1550 1551 1551 1675
10059 4 0 1451 1430 1430 1549
10060 4 0 1451 769 769 1549
10061 4 0 1611 1451 1451 1549
10062 4 0 1473 2063 2063 2064
10063 4 0 1549 1694 1694 279
10064 4 0 1694 357 357 279
10065 4 0 1412 819 819 818
10066 4 0 1098 276 276 1551
10067 4 0 1651 276 276 1463
10068 4 0 741 740 740 742
10069 4 0 1345 1633 1633 1609
10070 4 0 2000 1066 1066 279
10071 4 0 1694 1549 1549 279
10072 4 0 1066 272 272 279
10073 4 0 1611 1549 1549 279
10074 4 0 1098 276 276 1463
10075 4 0 1640 1904 1904 2073
10076 4 0 1668 418 418 419
10077 4 0 1621 1774 1774 1622
10078 4 0 1621 1549 1549 1675
10079 4 0 1774 1551 1551 1588
10080 4 0 1622 2078 2078 1675
10081 4 0 1622 1551 1551 1675
10082 4 0 1629 1630 1630 854
10083 4 0 357 1550 1550 1551
10084 4 0 742 1258 1258 1633
10085 4 0 1348 1443 1443 1463
10086 4 0 279 960 960 1651
10087 4 0 1345 1562 1562 1633
10088 4 0 462 1369 1369 1900
10089 4 0 1450 1694 1694 1549
10090 4 0 2000 1611 1611 1549
10091 4 0 1635 1634 1634 1963
10092 4 0 1783 27 27 28
10093 4 0 276 1551 1551 742
10094 4 0 960 1066 1066 279
10095 4 0 278 276 276 279
10096 4 0 1717 743 743 1259
10097 4 0 1258 742 742 1633
10098 4 0 1635 1959 1959 1963
10099 4 0 1708 1562 1562 1633
10100 4 0 769 1213 1213 279
10101 4 0 1549 272 272 279
10102 4 0 1213 769 769 279
10103 4 0 769 272 272 279
10104 4 0 101 413 413 1699
10105 4 0 1634 1959 1959 1963
10106 4 0 27 1518 1518 28
10107 4 0 1790 1918 1918 1783
10108 4 0 1213 1651 1651 742
10109 4 0 25 1632 1632 1633
10110 4 0 742 1345 1345 1463
10111 4 0 742 1651 1651 1463
10112 4 0 742 1562 1562 1463
10113 4 0 742 1561 1561 1463
10114 4 0 2047 1345 1345 1463
10115 4 0 1563 1562 1562 1463
10116 4 0 1563 2047 2047 1463
10117 4 0 1563 1561 1561 1463
10118 4 0 2047 1563 1563 1463
10119 4 0 1743 574 574 958
10120 4 0 977 1743 1743 958
10121 4 0 1510 1371 1371 958
10122 4 0 956 957 957 958
10123 4 0 808 1609 1609 743
10124 4 0 1404 25 25 1731
10125 4 0 881 1943 1943 882
10126 4 0 882 1943 1943 1084
10127 4 0 1343 1404 1404 25
10128 4 0 1731 25 25 26
10129 4 0 1259 1698 1698 1260
10130 4 0 1918 904 904 1260
10131 4 0 1601 1733 1733 1951
10132 4 0 1378 1377 1377 1650
10133 4 0 1608 1633 1633 1918
10134 4 0 740 1648 1648 1650
10135 4 0 827 370 370 1101
10136 4 0 1633 1918 1918 1609
10137 4 0 1259 1718 1718 1260
10138 4 0 1879 1880 1880 1260
10139 4 0 1918 1633 1633 1609
10140 4 0 771 677 677 669
10141 4 0 675 1322 1322 1094
10142 4 0 1731 1343 1343 1100
10143 4 0 1708 1257 1257 1259
10144 4 0 773 989 989 991
10145 4 0 1750 2080 2080 1467
10146 4 0 1377 1378 1378 1650
10147 4 0 1689 740 740 1609
10148 4 0 370 128 128 771
10149 4 0 372 771 771 677
10150 4 0 1963 1100 1100 677
10151 4 0 1733 1918 1918 904
10152 4 0 1385 1680 1680 1667
10153 4 0 1668 1474 1474 1758
10154 4 0 372 370 370 677
10155 4 0 741 1717 1717 743
10156 4 0 1094 1899 1899 26
10157 4 0 1918 26 26 1733
10158 4 0 1561 1560 1560 1259
10159 4 0 1322 1093 1093 1094
10160 4 0 1093 771 771 1094
10161 4 0 1404 1598 1598 1731
10162 4 0 1954 961 961 838
10163 4 0 1609 1258 1258 743
10164 4 0 1587 1588 1588 1099
10165 4 0 1551 1717 1717 743
10166 4 0 1370 26 26 1100
10167 4 0 675 372 372 1094
10168 4 0 370 771 771 1094
10169 4 0 372 1322 1322 1093
10170 4 0 128 771 771 1093
10171 4 0 1900 1093 1093 1009
10172 4 0 372 373 373 1093
10173 4 0 370 373 373 1093
10174 4 0 932 463 463 1093
10175 4 0 1792 1783 1783 2076
10176 4 0 64 1145 1145 27
10177 4 0 2036 1790 1790 2076
10178 4 0 64 1920 1920 27
10179 4 0 1322 1369 1369 1093
10180 4 0 1283 1731 1731 1733
10181 4 0 946 128 128 1786
10182 4 0 708 2081 2081 2082
10183 4 0 1583 1628 1628 1895
10184 4 0 1408 1008 1008 1862
10185 4 0 1093 1791 1791 1094
10186 4 0 1791 1093 1093 1094
10187 4 0 1133 192 192 193
10188 4 0 1093 1413 1413 1094
10189 4 0 26 1370 1370 1100
10190 4 0 26 1731 1731 1100
10191 4 0 933 886 886 905
10192 4 0 26 1343 1343 1100
10193 4 0 25 1404 1404 1731
10194 4 0 25 65 65 1731
10195 4 0 65 1404 1404 1731
10196 4 0 1963 676 676 677
10197 4 0 1145 462 462 27
10198 4 0 1633 1918 1918 26
10199 4 0 2071 1542 1542 191
10200 4 0 1731 1632 1632 26
10201 4 0 1632 1633 1633 26
10202 4 0 1343 1370 1370 27
10203 4 0 1900 26 26 27
10204 4 0 1900 1370 1370 27
10205 4 0 26 25 25 27
10206 4 0 1094 1791 1791 26
10207 4 0 827 676 676 1101
10208 4 0 417 418 418 420
10209 4 0 677 771 771 1101
10210 4 0 1698 1879 1879 1880
10211 4 0 676 1101 1101 933
10212 4 0 1626 838 838 991
10213 4 0 742 1561 1561 1259
10214 4 0 1094 675 675 1100
10215 4 0 1370 219 219 1100
10216 4 0 675 219 219 1100
10217 4 0 1370 675 675 1100
10218 4 0 1370 1322 1322 1100
10219 4 0 1731 1635 1635 1733
10220 4 0 1635 1601 1601 1733
10221 4 0 1635 1731 1731 1733
10222 4 0 1733 1283 1283 1963
10223 4 0 1943 1959 1959 1963
10224 4 0 886 1207 1207 1963
10225 4 0 1959 602 602 1963
10226 4 0 886 602 602 1963
10227 4 0 1207 602 602 1963
10228 4 0 219 1207 1207 1963
10229 4 0 676 1207 1207 1963
10230 4 0 675 676 676 1963
10231 4 0 742 1717 1717 743
10232 4 0 219 1100 1100 1963
10233 4 0 1100 219 219 1963
10234 4 0 1635 219 219 1963
10235 4 0 677 370 370 1101
10236 4 0 676 1963 1963 677
10237 4 0 1083 1171 1171 1084
10238 4 0 1171 1955 1955 1084
10239 4 0 1283 1791 1791 669
10240 4 0 2072 1767 1767 1949
10241 4 0 646 1700 1700 1807
10242 4 0 1588 820 820 1099
10243 4 0 1472 2083 2083 2074
10244 4 0 880 2063 2063 671
10245 4 0 1733 1951 1951 904
10246 4 0 1951 1879 1879 904
10247 4 0 166 1695 1695 935
10248 4 0 1717 412 412 417
10249 4 0 1620 805 805 1619
10250 4 0 855 1622 1622 1675
10251 4 0 1963 1283 1283 677
10252 4 0 1100 1283 1283 669
10253 4 0 1963 904 904 677
10254 4 0 886 676 676 1101
10255 4 0 1963 886 886 905
10256 4 0 1101 676 676 933
10257 4 0 190 1133 1133 192
10258 4 0 412 1621 1621 417
10259 4 0 1134 1681 1681 1638
10260 4 0 880 1723 1723 671
10261 4 0 670 904 904 1880
10262 4 0 1667 1680 1680 2067
10263 4 0 311 1701 1701 2070
10264 4 0 1134 1940 1940 2075
10265 4 0 1942 1717 1717 807
10266 4 0 1718 743 743 710
10267 4 0 191 190 190 192
10268 4 0 1998 191 191 2068
10269 4 0 1951 1880 1880 881
10270 4 0 1765 647 647 1819
10271 4 0 669 1791 1791 808
10272 4 0 1791 1414 1414 808
10273 4 0 1695 1943 1943 935
10274 4 0 1711 1706 1706 809
10275 4 0 1717 1716 1716 1718
10276 4 0 1472 1473 1473 2074
10277 4 0 1716 417 417 1774
10278 4 0 1695 291 291 935
10279 4 0 677 886 886 905
10280 4 0 1171 1695 1695 1084
10281 4 0 1258 1918 1918 1718
10282 4 0 1609 743 743 1718
10283 4 0 1681 313 313 314
10284 4 0 1101 988 988 1941
10285 4 0 904 677 677 905
10286 4 0 1084 1695 1695 1965
10287 4 0 1767 1133 1133 1949
10288 4 0 1941 988 988 2075
10289 4 0 880 881 881 882
10290 4 0 417 1698 1698 1719
10291 4 0 1431 1429 1429 1640
10292 4 0 1025 947 947 841
10293 4 0 1879 917 917 1880
10294 4 0 1774 1621 1621 1622
10295 4 0 1716 1718 1718 671
10296 4 0 838 988 988 991
10297 4 0 1718 1717 1717 1259
10298 4 0 1880 1951 1951 881
10299 4 0 275 1213 1213 1259
10300 4 0 1213 275 275 1259
10301 4 0 275 1561 1561 1259
10302 4 0 1698 1211 1211 1259
10303 4 0 1879 1951 1951 881
10304 4 0 1943 917 917 881
10305 4 0 1955 917 917 881
10306 4 0 190 586 586 1637
10307 4 0 1955 1328 1328 881
10308 4 0 670 1880 1880 881
10309 4 0 1641 1430 1430 1432
10310 4 0 1903 464 464 1904
10311 4 0 1765 1748 1748 1819
10312 4 0 1208 1679 1679 1026
10313 4 0 191 1998 1998 2068
10314 4 0 1954 1131 1131 838
10315 4 0 1943 1951 1951 905
10316 4 0 933 677 677 905
10317 4 0 1880 1718 1718 1719
10318 4 0 1667 1474 1474 1758
10319 4 0 1955 1998 1998 2068
10320 4 0 1581 1431 1431 1429
10321 4 0 1680 1667 1667 1758
10322 4 0 1718 671 671 672
10323 4 0 1639 857 857 1729
10324 4 0 2072 880 880 1473
10325 4 0 1636 166 166 192
10326 4 0 1953 933 933 905
10327 4 0 1718 808 808 989
10328 4 0 677 676 676 933
10329 4 0 1953 670 670 882
10330 4 0 1949 2068 2068 1972
10331 4 0 1474 1475 1475 2074
10332 4 0 1682 1681 1681 2075
10333 4 0 1626 1693 1693 774
10334 4 0 383 1550 1550 1729
10335 4 0 713 712 712 314
10336 4 0 2079 1658 1658 1660
10337 4 0 1587 1712 1712 820
10338 4 0 1942 1716 1716 807
10339 4 0 1758 1474 1474 2074
10340 4 0 382 1728 1728 1730
10341 4 0 669 1101 1101 933
10342 4 0 1767 671 671 1953
10343 4 0 796 1475 1475 797
10344 4 0 828 587 587 1638
10345 4 0 830 1938 1938 1134
10346 4 0 906 713 713 908
10347 4 0 671 2063 2063 710
10348 4 0 671 1723 1723 710
10349 4 0 1723 2063 2063 710
10350 4 0 1722 830 830 1938
10351 4 0 192 2071 2071 2068
10352 4 0 1668 1880 1880 419
10353 4 0 880 1133 1133 1953
10354 4 0 933 669 669 905
10355 4 0 572 165 165 192
10356 4 0 2071 1998 1998 191
10357 4 0 880 1955 1955 2068
10358 4 0 1132 1766 1766 1638
10359 4 0 905 1953 1953 882
10360 4 0 1101 934 934 933
10361 4 0 193 192 192 1638
10362 4 0 1938 586 586 1726
10363 4 0 1722 935 935 1938
10364 4 0 1132 1767 1767 1134
10365 4 0 934 586 586 935
10366 4 0 1722 190 190 1938
10367 4 0 934 291 291 935
10368 4 0 190 291 291 935
10369 4 0 882 1695 1695 1084
10370 4 0 1940 829 829 838
10371 4 0 1602 84 84 1541
10372 4 0 1911 2068 2068 1972
10373 4 0 882 935 935 1084
10374 4 0 882 1955 1955 1084
10375 4 0 1766 587 587 1638
10376 4 0 1083 1082 1082 1542
10377 4 0 1133 1953 1953 935
10378 4 0 1084 1083 1083 1542
10379 4 0 1682 828 828 1638
10380 4 0 947 835 835 839
10381 4 0 933 671 671 1953
10382 4 0 671 933 933 1953
10383 4 0 671 670 670 1953
10384 4 0 905 670 670 882
10385 4 0 882 880 880 1084
10386 4 0 778 829 829 1940
10387 4 0 1999 1998 1998 1084
10388 4 0 1695 1171 1171 1084
10389 4 0 935 933 933 905
10390 4 0 934 1695 1695 935
10391 4 0 829 1940 1940 838
10392 4 0 1722 933 933 1940
10393 4 0 1965 822 822 2071
10394 4 0 1904 1431 1431 1429
10395 4 0 1542 293 293 1965
10396 4 0 293 1542 1542 1965
10397 4 0 1949 1911 1911 2068
10398 4 0 1699 1429 1429 417
10399 4 0 167 166 166 2071
10400 4 0 1171 1999 1999 1084
10401 4 0 410 413 413 1429
10402 4 0 1329 1672 1672 1972
10403 4 0 1329 1911 1911 1972
10404 4 0 9 822 822 2071
10405 4 0 9 167 167 2071
10406 4 0 1542 9 9 2071
10407 4 0 191 880 880 1949
10408 4 0 420 2073 2073 1631
10409 4 0 1084 935 935 1965
10410 4 0 2071 190 190 191
10411 4 0 1998 2068 2068 1972
10412 4 0 167 822 822 2071
10413 4 0 743 1717 1717 807
10414 4 0 881 1328 1328 1668
10415 4 0 1717 1942 1942 807
10416 4 0 1667 1758 1758 2067
10417 4 0 1965 935 935 2071
10418 4 0 1695 935 935 2071
10419 4 0 935 190 190 2071
10420 4 0 1475 2067 2067 2074
10421 4 0 1670 2083 2083 1758
10422 4 0 646 647 647 85
10423 4 0 193 192 192 1949
10424 4 0 1749 1765 1765 1748
10425 4 0 1542 1082 1082 2071
10426 4 0 2071 166 166 192
10427 4 0 573 830 830 1722
10428 4 0 935 1133 1133 191
10429 4 0 192 1472 1472 2074
10430 4 0 1911 1472 1472 2074
10431 4 0 1938 1134 1134 1638
10432 4 0 1637 1134 1134 1638
10433 4 0 191 166 166 192
10434 4 0 1637 1726 1726 1638
10435 4 0 1084 1998 1998 2068
10436 4 0 1133 193 193 1949
10437 4 0 820 1099 1099 818
10438 4 0 1024 1679 1679 82
10439 4 0 2084 1735 1735 516
10440 4 0 1949 192 192 2068
10441 4 0 880 1473 1473 1949
10442 4 0 166 192 192 1726
10443 4 0 1473 880 880 1949
10444 4 0 1473 1475 1475 2074
10445 4 0 1637 165 165 1726
10446 4 0 312 796 796 1766
10447 4 0 1649 740 740 809
10448 4 0 1911 2071 2071 2068
10449 4 0 412 1699 1699 417
10450 4 0 1672 1329 1329 1911
10451 4 0 1474 880 880 1972
10452 4 0 279 1213 1213 1621
10453 4 0 1698 419 419 1719
10454 4 0 1949 1474 1474 1472
10455 4 0 1621 2078 2078 1675
10456 4 0 1631 1629 1629 1475
10457 4 0 1911 1669 1669 1758
10458 4 0 1660 2085 2085 2086
10459 4 0 420 419 419 1475
10460 4 0 1631 419 419 1475
10461 4 0 1631 418 418 1475
10462 4 0 1329 1998 1998 1911
10463 4 0 1474 2083 2083 1911
10464 4 0 1699 418 418 417
10465 4 0 1667 2083 2083 1758
10466 4 0 2068 1328 1328 1972
10467 4 0 1949 1472 1472 1911
10468 4 0 193 1472 1472 1911
10469 4 0 192 1949 1949 1911
10470 4 0 2068 1998 1998 1972
10471 4 0 1701 1952 1952 2070
10472 4 0 1758 1667 1667 2067
10473 4 0 1385 1328 1328 1667
10474 4 0 1622 2073 2073 420
10475 4 0 2083 1911 1911 1667
10476 4 0 1972 1328 1328 1667
10477 4 0 1972 1474 1474 1667
10478 4 0 1972 1672 1672 1667
10479 4 0 1972 1911 1911 1667
10480 4 0 1911 2083 2083 1667
10481 4 0 1911 1670 1670 1667
10482 4 0 1672 1670 1670 1667
10483 4 0 1328 880 880 1668
10484 4 0 881 880 880 1668
10485 4 0 1328 1667 1667 1668
10486 4 0 1328 1363 1363 1668
10487 4 0 1328 1385 1385 1668
10488 4 0 1699 412 412 417
10489 4 0 1621 1640 1640 1622
10490 4 0 1723 1718 1718 1719
10491 4 0 1667 418 418 1668
10492 4 0 1385 418 418 1668
10493 4 0 1716 2063 2063 419
10494 4 0 1414 772 772 773
10495 4 0 417 1621 1621 1774
10496 4 0 1723 1880 1880 1719
10497 4 0 880 1880 1880 1668
10498 4 0 1474 880 880 1668
10499 4 0 1723 2063 2063 1668
10500 4 0 410 1581 1581 1429
10501 4 0 412 413 413 1429
10502 4 0 412 410 410 1429
10503 4 0 1904 1903 1903 1429
10504 4 0 1904 1581 1581 1429
10505 4 0 1581 1384 1384 1429
10506 4 0 1718 1880 1880 1719
10507 4 0 1621 1429 1429 1622
10508 4 0 1668 1385 1385 1699
10509 4 0 418 417 417 419
10510 4 0 1385 101 101 1699
10511 4 0 1668 1384 1384 1699
10512 4 0 1774 1630 1630 420
10513 4 0 1551 1213 1213 1621
10514 4 0 419 1698 1698 1719
10515 4 0 1630 1774 1774 420
10516 4 0 1698 1717 1717 1719
10517 4 0 1668 2067 2067 1475
10518 4 0 1774 1629 1629 420
10519 4 0 1621 412 412 1699
10520 4 0 1384 1429 1429 1699
10521 4 0 101 1384 1384 1699
10522 4 0 413 1429 1429 1699
10523 4 0 1429 1384 1384 1699
10524 4 0 1880 1363 1363 1699
10525 4 0 1698 1363 1363 1699
10526 4 0 1723 670 670 1719
10527 4 0 1430 1432 1432 2078
10528 4 0 1432 1430 1430 2078
10529 4 0 1641 1432 1432 2078
10530 4 0 1640 1432 1432 2078
10531 4 0 1450 1430 1430 2078
10532 4 0 1641 1549 1549 2078
10533 4 0 1549 1430 1430 2078
10534 4 0 2073 1429 1429 420
10535 4 0 1774 1551 1551 855
10536 4 0 420 1668 1668 1475
10537 4 0 798 796 796 1763
10538 4 0 2078 1429 1429 1621
10539 4 0 1587 1774 1774 1588
10540 4 0 2078 1430 1430 1621
10541 4 0 1429 1430 1430 1621
10542 4 0 713 1706 1706 809
10543 4 0 1699 1698 1698 419
10544 4 0 1636 1637 1637 1726
10545 4 0 417 1551 1551 1774
10546 4 0 1702 906 906 908
10547 4 0 907 1702 1702 908
10548 4 0 1551 1550 1550 855
10549 4 0 2078 1640 1640 1622
10550 4 0 1717 417 417 1719
10551 4 0 412 417 417 1719
10552 4 0 417 412 412 1719
10553 4 0 1698 412 412 1719
10554 4 0 419 1723 1723 1719
10555 4 0 419 1716 1716 1719
10556 4 0 1639 856 856 2069
10557 4 0 1630 856 856 854
10558 4 0 418 419 419 420
10559 4 0 797 1774 1774 798
10560 4 0 2064 711 711 796
10561 4 0 1622 855 855 2069
10562 4 0 855 856 856 2069
10563 4 0 991 773 773 774
10564 4 0 1622 1429 1429 2073
10565 4 0 1549 2078 2078 1675
10566 4 0 1622 1641 1641 1675
10567 4 0 2069 856 856 1630
10568 4 0 418 1631 1631 1475
10569 4 0 855 2069 2069 1675
10570 4 0 513 514 514 516
10571 4 0 1631 797 797 798
10572 4 0 1904 464 464 2073
10573 4 0 2069 855 855 1675
10574 4 0 1668 2063 2063 1475
10575 4 0 906 1701 1701 1702
10576 4 0 1774 856 856 854
10577 4 0 1681 1134 1134 1638
10578 4 0 820 1706 1706 1711
10579 4 0 1640 1429 1429 2073
10580 4 0 1640 1630 1630 2073
10581 4 0 384 1412 1412 1744
10582 4 0 819 821 821 1720
10583 4 0 1550 1694 1694 1675
10584 4 0 1550 1549 1549 1675
10585 4 0 1549 1641 1641 1675
10586 4 0 383 1639 1639 857
10587 4 0 1694 1641 1641 1675
10588 4 0 2069 1640 1640 1675
10589 4 0 1622 1640 1640 1675
10590 4 0 1641 1640 1640 1675
10591 4 0 1630 1622 1622 2073
10592 4 0 1474 1758 1758 1475
10593 4 0 1622 1640 1640 2073
10594 4 0 2063 710 710 1768
10595 4 0 1630 854 854 1631
10596 4 0 798 857 857 1587
10597 4 0 1953 1133 1133 1722
10598 4 0 2069 1774 1774 1630
10599 4 0 1622 1774 1774 420
10600 4 0 986 1541 1541 984
10601 4 0 1904 418 418 2073
10602 4 0 2067 1680 1680 2073
10603 4 0 671 1767 1767 1768
10604 4 0 418 2073 2073 420
10605 4 0 1904 1429 1429 420
10606 4 0 417 1629 1629 420
10607 4 0 1025 82 82 85
10608 4 0 1475 1758 1758 2074
10609 4 0 711 1710 1710 906
10610 4 0 854 1774 1774 798
10611 4 0 420 1629 1629 1631
10612 4 0 1475 419 419 2064
10613 4 0 1668 419 419 2064
10614 4 0 420 418 418 1631
10615 4 0 1475 1629 1629 2064
10616 4 0 312 712 712 1766
10617 4 0 710 743 743 807
10618 4 0 2080 1954 1954 1749
10619 4 0 1475 2063 2063 2064
10620 4 0 1475 1474 1474 2064
10621 4 0 1473 1474 1474 2064
10622 4 0 712 1768 1768 1766
10623 4 0 1640 1639 1639 857
10624 4 0 2064 1473 1473 1766
10625 4 0 710 1768 1768 712
10626 4 0 2063 1768 1768 712
10627 4 0 2063 2064 2064 712
10628 4 0 1475 1473 1473 2074
10629 4 0 906 313 313 2087
10630 4 0 1587 1588 1588 820
10631 4 0 1629 1475 1475 797
10632 4 0 1629 2064 2064 797
10633 4 0 1729 741 741 1587
10634 4 0 1631 1475 1475 797
10635 4 0 1631 854 854 797
10636 4 0 1766 1767 1767 1132
10637 4 0 797 1629 1629 798
10638 4 0 2064 2063 2063 1768
10639 4 0 1767 2072 2072 1768
10640 4 0 796 1631 1631 797
10641 4 0 82 1025 1025 85
10642 4 0 314 1702 1702 2080
10643 4 0 961 1954 1954 2070
10644 4 0 828 837 837 1682
10645 4 0 1763 711 711 2087
10646 4 0 1942 711 711 807
10647 4 0 835 988 988 838
10648 4 0 1746 1701 1701 1749
10649 4 0 809 1414 1414 1495
10650 4 0 1682 837 837 838
10651 4 0 743 1716 1716 807
10652 4 0 710 1716 1716 807
10653 4 0 1717 1588 1588 807
10654 4 0 798 711 711 2087
10655 4 0 711 1711 1711 906
10656 4 0 796 1763 1763 2087
10657 4 0 1587 855 855 1588
10658 4 0 1639 1550 1550 1738
10659 4 0 1729 1586 1586 1587
10660 4 0 857 1639 1639 1738
10661 4 0 1763 2087 2087 312
10662 4 0 1767 1722 1722 1134
10663 4 0 829 830 830 1682
10664 4 0 947 1693 1693 839
10665 4 0 1952 962 962 2070
10666 4 0 1681 1768 1768 1766
10667 4 0 1686 82 82 1945
10668 4 0 1763 906 906 2087
10669 4 0 712 711 711 2087
10670 4 0 1763 313 313 2087
10671 4 0 962 2070 2070 1683
10672 4 0 313 2087 2087 312
10673 4 0 1588 711 711 807
10674 4 0 357 1550 1550 1729
10675 4 0 1730 1728 1728 1412
10676 4 0 1706 1717 1717 1588
10677 4 0 855 1550 1550 1729
10678 4 0 857 1586 1586 1587
10679 4 0 1729 1738 1738 819
10680 4 0 1550 1738 1738 1729
10681 4 0 1768 1681 1681 1132
10682 4 0 741 1717 1717 1588
10683 4 0 741 1551 1551 1588
10684 4 0 855 741 741 1588
10685 4 0 809 1711 1711 516
10686 4 0 1099 820 820 818
10687 4 0 1587 741 741 1588
10688 4 0 1693 128 128 947
10689 4 0 2075 713 713 672
10690 4 0 1712 820 820 1711
10691 4 0 710 2064 2064 1942
10692 4 0 712 711 711 1942
10693 4 0 711 712 712 1942
10694 4 0 712 2064 2064 1942
10695 4 0 2064 419 419 1942
10696 4 0 2063 419 419 1942
10697 4 0 2064 1629 1629 1942
10698 4 0 417 1629 1629 1942
10699 4 0 419 1629 1629 1942
10700 4 0 417 1774 1774 1942
10701 4 0 417 1716 1716 1942
10702 4 0 1774 1629 1629 1942
10703 4 0 2064 797 797 1942
10704 4 0 1629 797 797 1942
10705 4 0 797 2064 2064 1942
10706 4 0 711 797 797 1942
10707 4 0 711 796 796 1942
10708 4 0 1897 1819 1819 1657
10709 4 0 85 1025 1025 1687
10710 4 0 1588 1774 1774 1942
10711 4 0 1588 1717 1717 1942
10712 4 0 1774 1717 1717 1942
10713 4 0 991 772 772 774
10714 4 0 1659 1714 1714 2085
10715 4 0 641 1862 1862 707
10716 4 0 1823 1822 1822 2081
10717 4 0 1099 1729 1729 818
10718 4 0 772 771 771 773
10719 4 0 988 835 835 838
10720 4 0 838 778 778 1941
10721 4 0 1620 737 737 947
10722 4 0 838 1940 1940 1941
10723 4 0 1952 1954 1954 1746
10724 4 0 1657 1705 1705 1467
10725 4 0 1587 1586 1586 1099
10726 4 0 907 713 713 1711
10727 4 0 1705 1764 1764 1467
10728 4 0 2080 1749 1749 1750
10729 4 0 985 1027 1027 986
10730 4 0 1243 382 382 1244
10731 4 0 820 516 516 818
10732 4 0 1734 1414 1414 1495
10733 4 0 857 1587 1587 1710
10734 4 0 1586 1587 1587 1710
10735 4 0 1586 1712 1712 1710
10736 4 0 1954 1701 1701 314
10737 4 0 906 1764 1764 1702
10738 4 0 1777 1761 1761 1762
10739 4 0 1728 384 384 1412
10740 4 0 1796 1912 1912 1739
10741 4 0 753 789 789 1852
10742 4 0 1748 1915 1915 1750
10743 4 0 809 1734 1734 1495
10744 4 0 1738 1586 1586 819
10745 4 0 1705 513 513 1659
10746 4 0 1586 1738 1738 819
10747 4 0 1705 515 515 1467
10748 4 0 516 1099 1099 818
10749 4 0 1728 382 382 1730
10750 4 0 713 1711 1711 906
10751 4 0 796 711 711 2087
10752 4 0 2064 1475 1475 1766
10753 4 0 646 647 647 1750
10754 4 0 820 1712 1712 819
10755 4 0 1711 1587 1587 1710
10756 4 0 1711 1706 1706 1710
10757 4 0 1711 711 711 1710
10758 4 0 1588 711 711 1710
10759 4 0 1706 1588 1588 1710
10760 4 0 1706 711 711 1710
10761 4 0 819 1712 1712 1710
10762 4 0 819 1586 1586 1710
10763 4 0 2087 313 313 312
10764 4 0 515 713 713 908
10765 4 0 836 835 835 947
10766 4 0 1940 933 933 1941
10767 4 0 1763 796 796 1766
10768 4 0 1681 712 712 2075
10769 4 0 1619 1742 1742 1746
10770 4 0 1726 830 830 1638
10771 4 0 515 907 907 1702
10772 4 0 830 1726 1726 1638
10773 4 0 1710 906 906 1763
10774 4 0 798 906 906 1763
10775 4 0 1710 711 711 1763
10776 4 0 1133 1949 1949 1132
10777 4 0 2064 2072 2072 1766
10778 4 0 1683 1724 1724 1766
10779 4 0 713 908 908 2080
10780 4 0 312 313 313 1681
10781 4 0 1940 830 830 1134
10782 4 0 1683 311 311 1681
10783 4 0 587 1766 1766 1638
10784 4 0 2087 712 712 312
10785 4 0 1766 1683 1683 1638
10786 4 0 193 1766 1766 1132
10787 4 0 1952 1742 1742 1746
10788 4 0 190 166 166 1726
10789 4 0 313 1681 1681 314
10790 4 0 1683 961 961 1682
10791 4 0 312 1763 1763 311
10792 4 0 990 988 988 991
10793 4 0 797 1475 1475 1766
10794 4 0 743 1414 1414 809
10795 4 0 1098 740 740 809
10796 4 0 1701 1702 1702 311
10797 4 0 797 1473 1473 1766
10798 4 0 1473 1631 1631 1766
10799 4 0 1475 797 797 1766
10800 4 0 2074 1631 1631 1766
10801 4 0 771 128 128 774
10802 4 0 961 1683 1683 1682
10803 4 0 1025 1026 1026 82
10804 4 0 830 829 829 1682
10805 4 0 796 712 712 1766
10806 4 0 1949 193 193 1132
10807 4 0 1766 828 828 1638
10808 4 0 1681 311 311 314
10809 4 0 193 1949 1949 1132
10810 4 0 1682 827 827 1940
10811 4 0 1682 838 838 314
10812 4 0 192 193 193 1134
10813 4 0 312 712 712 1681
10814 4 0 1768 712 712 2075
10815 4 0 1938 1133 1133 1134
10816 4 0 828 961 961 1683
10817 4 0 2070 962 962 1683
10818 4 0 1724 961 961 1683
10819 4 0 947 647 647 841
10820 4 0 1768 2072 2072 1766
10821 4 0 2072 193 193 1766
10822 4 0 991 988 988 774
10823 4 0 1767 1949 1949 1132
10824 4 0 1626 1131 1131 1749
10825 4 0 1768 1766 1766 1132
10826 4 0 2072 1768 1768 1766
10827 4 0 586 935 935 1722
10828 4 0 1953 935 935 1722
10829 4 0 934 935 935 1722
10830 4 0 165 586 586 1726
10831 4 0 1953 933 933 1722
10832 4 0 934 573 573 1722
10833 4 0 573 934 934 1722
10834 4 0 830 573 573 1722
10835 4 0 1952 837 837 1746
10836 4 0 902 827 827 1722
10837 4 0 805 634 634 1208
10838 4 0 1681 312 312 1766
10839 4 0 837 1742 1742 839
10840 4 0 837 903 903 839
10841 4 0 2074 1473 1473 1766
10842 4 0 190 165 165 1726
10843 4 0 192 166 166 1726
10844 4 0 192 165 165 1726
10845 4 0 934 933 933 1940
10846 4 0 1133 1722 1722 1940
10847 4 0 1722 1133 1133 1940
10848 4 0 1133 1767 1767 1940
10849 4 0 1726 192 192 1638
10850 4 0 1134 1636 1636 1638
10851 4 0 1134 193 193 1638
10852 4 0 193 1134 1134 1638
10853 4 0 1722 827 827 1940
10854 4 0 1682 830 830 1940
10855 4 0 1722 934 934 1940
10856 4 0 1101 827 827 1940
10857 4 0 1101 1032 1032 1940
10858 4 0 1032 827 827 1940
10859 4 0 1746 1954 1954 1749
10860 4 0 1938 1636 1636 1134
10861 4 0 1636 1133 1133 1134
10862 4 0 1938 935 935 1134
10863 4 0 1938 190 190 1134
10864 4 0 190 1133 1133 1134
10865 4 0 1726 1637 1637 1134
10866 4 0 1620 947 947 839
10867 4 0 1636 1938 1938 1134
10868 4 0 1766 1132 1132 1638
10869 4 0 1726 587 587 1638
10870 4 0 805 1742 1742 1619
10871 4 0 839 1619 1619 1024
10872 4 0 82 647 647 1945
10873 4 0 634 737 737 839
10874 4 0 1941 1682 1682 2075
10875 4 0 1954 1952 1952 1746
10876 4 0 1679 1619 1619 1208
10877 4 0 1679 83 83 1026
10878 4 0 1619 1742 1742 1679
10879 4 0 1952 1742 1742 1679
10880 4 0 634 903 903 839
10881 4 0 1952 1679 1679 1746
10882 4 0 1679 1952 1952 1746
10883 4 0 648 1626 1626 1700
10884 4 0 829 778 778 838
10885 4 0 1767 1941 1941 2075
10886 4 0 1101 669 669 989
10887 4 0 1896 1819 1819 1897
10888 4 0 839 1131 1131 82
10889 4 0 1131 1679 1679 1765
10890 4 0 1702 1701 1701 1915
10891 4 0 1764 2080 2080 1915
10892 4 0 1701 1749 1749 1765
10893 4 0 778 1101 1101 989
10894 4 0 1954 2070 2070 838
10895 4 0 778 1940 1940 1941
10896 4 0 1954 1682 1682 838
10897 4 0 839 1620 1620 1024
10898 4 0 83 1208 1208 1026
10899 4 0 988 778 778 774
10900 4 0 1682 961 961 838
10901 4 0 778 128 128 1693
10902 4 0 1941 2075 2075 672
10903 4 0 1693 835 835 988
10904 4 0 672 1718 1718 989
10905 4 0 808 1413 1413 989
10906 4 0 712 713 713 2075
10907 4 0 1773 1703 1703 1861
10908 4 0 672 1941 1941 989
10909 4 0 2086 1657 1657 1468
10910 4 0 672 669 669 989
10911 4 0 1767 671 671 1941
10912 4 0 1767 1768 1768 2075
10913 4 0 1767 1681 1681 2075
10914 4 0 1768 710 710 2075
10915 4 0 1134 1681 1681 2075
10916 4 0 671 1941 1941 2075
10917 4 0 988 2075 2075 672
10918 4 0 1861 985 985 707
10919 4 0 908 313 313 314
10920 4 0 838 1682 1682 1941
10921 4 0 713 2075 2075 314
10922 4 0 1681 2075 2075 314
10923 4 0 712 2075 2075 314
10924 4 0 1134 1767 1767 2075
10925 4 0 311 1702 1702 314
10926 4 0 988 1941 1941 989
10927 4 0 737 835 835 947
10928 4 0 647 1765 1765 1748
10929 4 0 1746 1679 1679 1765
10930 4 0 1896 1602 1602 987
10931 4 0 2075 838 838 314
10932 4 0 839 1679 1679 82
10933 4 0 1941 671 671 672
10934 4 0 1941 933 933 672
10935 4 0 2075 710 710 672
10936 4 0 671 710 710 672
10937 4 0 842 836 836 843
10938 4 0 713 1734 1734 809
10939 4 0 672 713 713 989
10940 4 0 710 713 713 989
10941 4 0 672 710 710 989
10942 4 0 807 808 808 989
10943 4 0 2075 672 672 989
10944 4 0 713 672 672 989
10945 4 0 1700 772 772 1495
10946 4 0 2070 1954 1954 314
10947 4 0 1682 2070 2070 314
10948 4 0 1683 2070 2070 314
10949 4 0 311 1681 1681 314
10950 4 0 1682 1683 1683 314
10951 4 0 1025 1024 1024 82
10952 4 0 1626 647 647 1749
10953 4 0 1701 314 314 1749
10954 4 0 839 947 947 82
10955 4 0 908 1702 1702 2080
10956 4 0 1702 1764 1764 2080
10957 4 0 1693 128 128 774
10958 4 0 314 1701 1701 1749
10959 4 0 1915 2080 2080 1749
10960 4 0 1702 2080 2080 1749
10961 4 0 989 771 771 773
10962 4 0 2084 1705 1705 513
10963 4 0 85 83 83 1602
10964 4 0 1734 807 807 809
10965 4 0 1025 1620 1620 841
10966 4 0 773 778 778 774
10967 4 0 988 989 989 773
10968 4 0 1734 713 713 809
10969 4 0 1208 83 83 1026
10970 4 0 1896 2088 2088 987
10971 4 0 947 737 737 841
10972 4 0 1685 1425 1425 1643
10973 4 0 1749 647 647 1765
10974 4 0 513 1735 1735 516
10975 4 0 515 1705 1705 1467
10976 4 0 1765 1764 1764 1748
10977 4 0 1765 1701 1701 1748
10978 4 0 1915 1701 1701 1748
10979 4 0 743 1706 1706 809
10980 4 0 772 991 991 1700
10981 4 0 984 1896 1896 987
10982 4 0 743 1609 1609 809
10983 4 0 1528 480 480 1603
10984 4 0 1243 384 384 1244
10985 4 0 1750 1657 1657 1467
10986 4 0 743 741 741 809
10987 4 0 1750 646 646 1468
10988 4 0 1609 740 740 809
10989 4 0 516 820 820 1099
10990 4 0 838 1626 1626 990
10991 4 0 314 1954 1954 990
10992 4 0 314 838 838 990
10993 4 0 2075 314 314 990
10994 4 0 838 314 314 990
10995 4 0 2075 988 988 990
10996 4 0 989 988 988 990
10997 4 0 807 1706 1706 809
10998 4 0 2080 908 908 990
10999 4 0 908 2080 2080 990
11000 4 0 713 314 314 990
11001 4 0 1749 1954 1954 990
11002 4 0 1954 1749 1749 990
11003 4 0 1705 907 907 513
11004 4 0 743 740 740 809
11005 4 0 2080 515 515 990
11006 4 0 809 1689 1689 1495
11007 4 0 1626 990 990 991
11008 4 0 3 2 2 619
11009 4 0 978 955 955 977
11010 4 0 1517 1518 1518 1519
11011 4 0 774 1626 1626 1700
11012 4 0 1491 1800 1800 1493
11013 4 0 128 1693 1693 774
11014 4 0 1765 83 83 1208
11015 4 0 841 946 946 843
11016 4 0 841 842 842 843
11017 4 0 1786 1700 1700 1010
11018 4 0 481 1662 1662 1747
11019 4 0 842 249 249 841
11020 4 0 1945 947 947 841
11021 4 0 82 83 83 85
11022 4 0 2089 946 946 842
11023 4 0 946 1693 1693 947
11024 4 0 946 1626 1626 947
11025 4 0 1131 1626 1626 839
11026 4 0 947 1626 1626 839
11027 4 0 947 647 647 839
11028 4 0 1131 647 647 839
11029 4 0 838 1131 1131 839
11030 4 0 1131 838 838 839
11031 4 0 1131 1954 1954 839
11032 4 0 838 837 837 839
11033 4 0 1746 1954 1954 839
11034 4 0 1619 1131 1131 839
11035 4 0 1541 1602 1602 1897
11036 4 0 644 705 705 708
11037 4 0 767 1772 1772 1846
11038 4 0 514 2084 2084 1705
11039 4 0 842 946 946 843
11040 4 0 1896 1602 1602 1897
11041 4 0 1748 1764 1764 1467
11042 4 0 1772 249 249 842
11043 4 0 1008 1690 1690 1010
11044 4 0 836 1007 1007 817
11045 4 0 1658 821 821 1659
11046 4 0 1748 1819 1819 1602
11047 4 0 1819 647 647 82
11048 4 0 85 84 84 1602
11049 4 0 654 1209 1209 1027
11050 4 0 1026 1025 1025 82
11051 4 0 1026 84 84 82
11052 4 0 1026 83 83 82
11053 4 0 83 647 647 82
11054 4 0 947 836 836 841
11055 4 0 1945 647 647 841
11056 4 0 1822 1820 1820 1492
11057 4 0 946 647 647 841
11058 4 0 384 1745 1745 1795
11059 4 0 1705 1657 1657 1467
11060 4 0 1686 2089 2089 842
11061 4 0 1945 1025 1025 842
11062 4 0 249 2089 2089 842
11063 4 0 1686 1025 1025 842
11064 4 0 737 836 836 841
11065 4 0 842 1025 1025 841
11066 4 0 1025 842 842 841
11067 4 0 772 774 774 1700
11068 4 0 1690 549 549 1790
11069 4 0 836 128 128 843
11070 4 0 1819 647 647 1750
11071 4 0 647 648 648 85
11072 4 0 648 1686 1686 85
11073 4 0 774 946 946 648
11074 4 0 1862 2088 2088 707
11075 4 0 647 1945 1945 85
11076 4 0 82 1945 1945 85
11077 4 0 1792 1899 1899 1009
11078 4 0 128 774 774 1700
11079 4 0 129 128 128 1786
11080 4 0 774 128 128 1700
11081 4 0 1427 824 824 1846
11082 4 0 1945 2089 2089 648
11083 4 0 1687 1602 1602 1541
11084 4 0 1244 1242 1242 956
11085 4 0 1602 1687 1687 1541
11086 4 0 2089 648 648 1773
11087 4 0 1007 331 331 1789
11088 4 0 1945 946 946 648
11089 4 0 1945 647 647 648
11090 4 0 84 1025 1025 1687
11091 4 0 1889 2090 2090 643
11092 4 0 15 549 549 1008
11093 4 0 1756 1715 1715 707
11094 4 0 648 646 646 1700
11095 4 0 1690 1008 1008 1009
11096 4 0 549 1008 1008 1009
11097 4 0 774 772 772 1700
11098 4 0 1002 318 318 1616
11099 4 0 1277 1278 1278 642
11100 4 0 1532 1501 1501 1747
11101 4 0 565 2042 2042 2043
11102 4 0 1407 549 549 550
11103 4 0 549 1790 1790 1295
11104 4 0 1467 990 990 1807
11105 4 0 1703 646 646 1700
11106 4 0 648 1408 1408 1700
11107 4 0 1411 516 516 1099
11108 4 0 1712 819 819 821
11109 4 0 818 1412 1412 1744
11110 4 0 820 1588 1588 1099
11111 4 0 249 1620 1620 1027
11112 4 0 1727 1209 1209 1027
11113 4 0 826 825 825 2091
11114 4 0 249 1727 1727 1027
11115 4 0 1026 1209 1209 1541
11116 4 0 816 766 766 1846
11117 4 0 1896 1541 1541 984
11118 4 0 767 816 816 1846
11119 4 0 646 1819 1819 1896
11120 4 0 2077 2085 2085 2079
11121 4 0 815 817 817 1861
11122 4 0 1848 1821 1821 2082
11123 4 0 984 1756 1756 707
11124 4 0 1740 1741 1741 1491
11125 4 0 384 1242 1242 1244
11126 4 0 114 113 113 115
11127 4 0 1846 824 824 2091
11128 4 0 767 1427 1427 1846
11129 4 0 1700 1690 1690 1691
11130 4 0 1427 767 767 1846
11131 4 0 1687 84 84 1541
11132 4 0 84 1208 1208 1541
11133 4 0 84 1209 1209 1541
11134 4 0 1541 1896 1896 984
11135 4 0 249 1025 1025 1027
11136 4 0 1686 1773 1773 987
11137 4 0 1687 1686 1686 1027
11138 4 0 1690 1700 1700 1691
11139 4 0 809 1706 1706 1099
11140 4 0 819 1729 1729 818
11141 4 0 1706 1711 1711 809
11142 4 0 1734 808 808 809
11143 4 0 1734 1467 1467 1495
11144 4 0 1691 1700 1700 1835
11145 4 0 646 1626 1626 1750
11146 4 0 2093 1804 1804 788
11147 4 0 1711 513 513 1735
11148 4 0 1764 1748 1748 1467
11149 4 0 515 516 516 1495
11150 4 0 1915 1750 1750 1467
11151 4 0 990 1467 1467 1734
11152 4 0 1819 1748 1748 1750
11153 4 0 515 513 513 516
11154 4 0 2059 1491 1491 1793
11155 4 0 1819 1657 1657 1750
11156 4 0 1735 820 820 516
11157 4 0 1418 479 479 485
11158 4 0 809 515 515 516
11159 4 0 2088 1660 1660 2086
11160 4 0 818 1735 1735 821
11161 4 0 1734 772 772 1807
11162 4 0 985 2088 2088 984
11163 4 0 1495 772 772 1807
11164 4 0 515 990 990 1467
11165 4 0 1764 907 907 1705
11166 4 0 2080 1915 1915 1467
11167 4 0 2080 1764 1764 1467
11168 4 0 1750 1915 1915 1467
11169 4 0 1720 821 821 1659
11170 4 0 1720 513 513 1659
11171 4 0 384 383 383 1412
11172 4 0 1730 383 383 1412
11173 4 0 1728 1729 1729 1730
11174 4 0 818 1099 1099 1744
11175 4 0 1750 990 990 1807
11176 4 0 741 1588 1588 1099
11177 4 0 1588 741 741 1099
11178 4 0 1660 1715 1715 2086
11179 4 0 907 1712 1712 513
11180 4 0 1897 1748 1748 1750
11181 4 0 1711 515 515 513
11182 4 0 990 1626 1626 1750
11183 4 0 820 1711 1711 513
11184 4 0 990 1749 1749 1750
11185 4 0 990 515 515 1734
11186 4 0 990 713 713 1734
11187 4 0 990 2075 2075 1734
11188 4 0 989 2075 2075 1734
11189 4 0 990 989 989 1734
11190 4 0 991 772 772 1734
11191 4 0 991 990 990 1734
11192 4 0 773 772 772 1734
11193 4 0 773 989 989 1734
11194 4 0 1414 773 773 1734
11195 4 0 772 773 773 1734
11196 4 0 1711 515 515 1495
11197 4 0 808 989 989 1734
11198 4 0 989 713 713 1734
11199 4 0 1411 1412 1412 1744
11200 4 0 1709 1351 1351 978
11201 4 0 1705 2084 2084 1658
11202 4 0 1715 1714 1714 2086
11203 4 0 1408 1700 1700 1835
11204 4 0 2084 1658 1658 1468
11205 4 0 1467 1495 1495 1807
11206 4 0 1846 1027 1027 986
11207 4 0 772 646 646 1807
11208 4 0 1099 1586 1586 818
11209 4 0 1772 985 985 986
11210 4 0 1467 1734 1734 1807
11211 4 0 818 1730 1730 1744
11212 4 0 1648 1414 1414 1790
11213 4 0 1244 384 384 1412
11214 4 0 1730 1729 1729 1412
11215 4 0 819 383 383 1728
11216 4 0 513 1712 1712 821
11217 4 0 1913 1912 1912 1739
11218 4 0 1753 1466 1466 977
11219 4 0 1913 1795 1795 1777
11220 4 0 2094 2077 2077 1912
11221 4 0 1730 382 382 1412
11222 4 0 2086 2084 2084 1468
11223 4 0 1740 1912 1912 1739
11224 4 0 1835 2059 2059 1805
11225 4 0 1657 1467 1467 1468
11226 4 0 772 1495 1495 1807
11227 4 0 1700 1626 1626 1807
11228 4 0 1700 646 646 1807
11229 4 0 646 772 772 1807
11230 4 0 809 820 820 1099
11231 4 0 1277 1009 1009 1789
11232 4 0 819 1586 1586 818
11233 4 0 1660 2079 2079 1739
11234 4 0 809 1098 1098 1411
11235 4 0 1244 384 384 1745
11236 4 0 1714 1411 1411 1468
11237 4 0 1744 1728 1728 1745
11238 4 0 476 477 477 478
11239 4 0 1913 2085 2085 1739
11240 4 0 790 752 752 708
11241 4 0 705 706 706 708
11242 4 0 1517 64 64 1519
11243 4 0 2077 384 384 1795
11244 4 0 1760 1796 1796 1759
11245 4 0 979 955 955 977
11246 4 0 1730 1244 1244 1412
11247 4 0 1459 2042 2042 1460
11248 4 0 2036 1518 1518 1519
11249 4 0 821 819 819 1744
11250 4 0 821 1735 1735 1714
11251 4 0 2092 1741 1741 2059
11252 4 0 1720 1744 1744 1714
11253 4 0 821 1744 1744 1714
11254 4 0 1419 365 365 1825
11255 4 0 1412 357 357 1099
11256 4 0 1550 1729 1729 1099
11257 4 0 1729 1550 1550 1099
11258 4 0 741 1550 1550 1099
11259 4 0 357 1412 1412 1099
11260 4 0 1098 357 357 1099
11261 4 0 1098 741 741 1099
11262 4 0 1551 741 741 1099
11263 4 0 1551 357 357 1099
11264 4 0 513 1735 1735 821
11265 4 0 741 1586 1586 1099
11266 4 0 2085 1714 1714 2086
11267 4 0 1735 513 513 821
11268 4 0 1412 1098 1098 1099
11269 4 0 1744 1411 1411 1714
11270 4 0 1735 516 516 1714
11271 4 0 1657 1750 1750 1468
11272 4 0 2085 1658 1658 2079
11273 4 0 1657 2088 2088 1660
11274 4 0 1745 1728 1728 1759
11275 4 0 1735 821 821 1744
11276 4 0 818 1411 1411 1744
11277 4 0 818 516 516 1744
11278 4 0 516 1411 1411 1744
11279 4 0 1761 1653 1653 1762
11280 4 0 1835 1008 1008 1862
11281 4 0 2077 1714 1714 2079
11282 4 0 819 1744 1744 1720
11283 4 0 1744 819 819 1720
11284 4 0 1744 1730 1730 1720
11285 4 0 1730 819 819 1720
11286 4 0 1712 513 513 1720
11287 4 0 2084 1658 1658 1659
11288 4 0 1714 2085 2085 2079
11289 4 0 1427 985 985 2091
11290 4 0 1715 1658 1658 2086
11291 4 0 1897 1705 1705 1660
11292 4 0 979 1794 1794 1775
11293 4 0 1796 1760 1760 1759
11294 4 0 1657 2084 2084 1468
11295 4 0 1739 1740 1740 1491
11296 4 0 27 1792 1792 2076
11297 4 0 1714 2084 2084 1658
11298 4 0 2084 2086 2086 1468
11299 4 0 1820 1811 1811 1813
11300 4 0 1659 1705 1705 2079
11301 4 0 1720 1705 1705 2079
11302 4 0 1720 1745 1745 2094
11303 4 0 1728 1745 1745 2094
11304 4 0 1762 382 382 1709
11305 4 0 1653 1779 1779 979
11306 4 0 753 1755 1755 752
11307 4 0 1714 1720 1720 2079
11308 4 0 1795 1913 1913 1777
11309 4 0 1658 2084 2084 1659
11310 4 0 821 2084 2084 1659
11311 4 0 1795 1244 1244 1777
11312 4 0 1715 2088 2088 1468
11313 4 0 1658 1657 1657 1659
11314 4 0 1830 1800 1800 2058
11315 4 0 1762 1244 1244 1709
11316 4 0 1411 1714 1714 2077
11317 4 0 2094 1720 1720 2077
11318 4 0 1744 1714 1714 2077
11319 4 0 2094 2095 2095 2077
11320 4 0 1745 1744 1744 2077
11321 4 0 2095 1745 1745 2077
11322 4 0 1745 384 384 2077
11323 4 0 1744 384 384 2077
11324 4 0 1411 384 384 2077
11325 4 0 2085 2077 2077 2079
11326 4 0 1714 516 516 1468
11327 4 0 2088 1819 1819 1468
11328 4 0 2077 1649 1649 1795
11329 4 0 2094 1796 1796 2077
11330 4 0 1659 1657 1657 1660
11331 4 0 1008 1691 1691 1835
11332 4 0 6 1418 1418 485
11333 4 0 2079 2094 2094 1912
11334 4 0 707 1905 1905 1803
11335 4 0 2085 1715 1715 1755
11336 4 0 2036 972 972 1895
11337 4 0 1658 2086 2086 1468
11338 4 0 1658 2079 2079 1660
11339 4 0 1689 1495 1495 1468
11340 4 0 1658 2084 2084 2086
11341 4 0 1715 2088 2088 2086
11342 4 0 1660 1658 1658 2086
11343 4 0 1657 1819 1819 1468
11344 4 0 2089 1773 1773 987
11345 4 0 648 1773 1773 987
11346 4 0 1027 1687 1687 986
11347 4 0 1027 1541 1541 986
11348 4 0 1755 1660 1660 1739
11349 4 0 2088 985 985 984
11350 4 0 1796 2077 2077 1912
11351 4 0 1756 1660 1660 1755
11352 4 0 1657 2088 2088 1468
11353 4 0 1807 1750 1750 1468
11354 4 0 1807 646 646 1468
11355 4 0 1905 707 707 643
11356 4 0 516 514 514 1468
11357 4 0 1912 2085 2085 1739
11358 4 0 1700 1408 1408 1835
11359 4 0 1773 1772 1772 986
11360 4 0 985 1772 1772 986
11361 4 0 1715 2086 2086 1756
11362 4 0 2088 2086 2086 1756
11363 4 0 1660 2086 2086 1756
11364 4 0 1793 1468 1468 1376
11365 4 0 1830 1784 1784 2058
11366 4 0 809 516 516 1376
11367 4 0 1900 462 462 1888
11368 4 0 1835 1691 1691 1805
11369 4 0 706 1862 1862 707
11370 4 0 1691 2059 2059 1805
11371 4 0 549 1008 1008 1691
11372 4 0 646 2088 2088 1862
11373 4 0 1602 1819 1819 987
11374 4 0 705 644 644 708
11375 4 0 559 1002 1002 1789
11376 4 0 2094 1745 1745 1760
11377 4 0 948 1889 1889 1685
11378 4 0 559 331 331 1789
11379 4 0 1406 938 938 939
11380 4 0 1794 1793 1793 1492
11381 4 0 2079 1796 1796 1912
11382 4 0 1689 1375 1375 1378
11383 4 0 1755 1715 1715 1754
11384 4 0 318 1816 1816 1296
11385 4 0 1583 1664 1664 1775
11386 4 0 1741 2059 2059 1491
11387 4 0 1793 1714 1714 1376
11388 4 0 1755 2059 2059 1793
11389 4 0 1913 1740 1740 2058
11390 4 0 1491 1913 1913 1793
11391 4 0 1741 1739 1739 1793
11392 4 0 1780 1830 1830 2058
11393 4 0 1741 1913 1913 1793
11394 4 0 1491 1740 1740 2058
11395 4 0 1741 1755 1755 2059
11396 4 0 1793 1377 1377 1375
11397 4 0 644 790 790 708
11398 4 0 1793 1411 1411 1376
11399 4 0 1795 1649 1649 1650
11400 4 0 1021 1529 1529 1453
11401 4 0 1715 1754 1754 2059
11402 4 0 1583 1589 1589 1775
11403 4 0 1788 1787 1787 2051
11404 4 0 809 1689 1689 1376
11405 4 0 1098 384 384 1666
11406 4 0 1583 1775 1775 1776
11407 4 0 1818 955 955 977
11408 4 0 481 885 885 1418
11409 4 0 770 1054 1054 1519
11410 4 0 479 483 483 1580
11411 4 0 1666 1649 1649 1794
11412 4 0 1649 384 384 1666
11413 4 0 1778 1728 1728 1759
11414 4 0 1760 1745 1745 1759
11415 4 0 565 116 116 1771
11416 4 0 1779 1778 1778 1780
11417 4 0 1589 2047 2047 1590
11418 4 0 1778 1796 1796 1760
11419 4 0 1777 1761 1761 1760
11420 4 0 1795 1796 1796 1760
11421 4 0 2095 1796 1796 1760
11422 4 0 1795 2095 2095 1759
11423 4 0 1760 2095 2095 1759
11424 4 0 13 695 695 1616
11425 4 0 6 1490 1490 485
11426 4 0 1530 1753 1753 1818
11427 4 0 1778 1779 1779 979
11428 4 0 1747 1490 1490 1418
11429 4 0 1780 1793 1793 1794
11430 4 0 955 1351 1351 978
11431 4 0 1784 978 978 980
11432 4 0 979 1653 1653 978
11433 4 0 955 1242 1242 978
11434 4 0 979 1784 1784 978
11435 4 0 1761 1777 1777 1760
11436 4 0 382 1351 1351 1709
11437 4 0 1745 2077 2077 1795
11438 4 0 970 770 770 1519
11439 4 0 1491 1800 1800 2058
11440 4 0 7 1801 1801 1487
11441 4 0 25 1519 1519 28
11442 4 0 740 809 809 1376
11443 4 0 1739 2085 2085 1793
11444 4 0 2085 1739 1739 1793
11445 4 0 2059 1755 1755 1793
11446 4 0 1715 1755 1755 1793
11447 4 0 2085 1714 1714 1793
11448 4 0 1714 2085 2085 1793
11449 4 0 1714 2077 2077 1793
11450 4 0 2077 1796 1796 1795
11451 4 0 1244 1728 1728 1759
11452 4 0 1745 2094 2094 1759
11453 4 0 1777 1778 1778 1760
11454 4 0 770 1608 1608 1628
11455 4 0 1590 1666 1666 1346
11456 4 0 2059 1715 1715 1793
11457 4 0 1468 1715 1715 1793
11458 4 0 1912 2085 2085 1793
11459 4 0 1351 122 122 978
11460 4 0 2094 1796 1796 1759
11461 4 0 2077 1912 1912 1795
11462 4 0 1793 2085 2085 1795
11463 4 0 2085 1793 1793 1795
11464 4 0 1912 2077 2077 1795
11465 4 0 1793 1913 1913 1795
11466 4 0 1912 1913 1913 1795
11467 4 0 1411 1376 1376 1650
11468 4 0 574 1743 1743 1589
11469 4 0 979 1666 1666 1775
11470 4 0 1760 1795 1795 1759
11471 4 0 1516 479 479 1466
11472 4 0 1795 384 384 1777
11473 4 0 958 574 574 1590
11474 4 0 1745 1760 1760 1759
11475 4 0 1244 1761 1761 1759
11476 4 0 1795 1745 1745 1759
11477 4 0 955 1709 1709 978
11478 4 0 1244 382 382 1709
11479 4 0 977 1371 1371 958
11480 4 0 940 476 476 1459
11481 4 0 382 1762 1762 1709
11482 4 0 1759 1728 1728 1709
11483 4 0 1653 1779 1779 1709
11484 4 0 1762 1653 1653 1709
11485 4 0 1762 1778 1778 1709
11486 4 0 481 1417 1417 1418
11487 4 0 1743 1736 1736 1466
11488 4 0 1442 522 522 1589
11489 4 0 16 969 969 478
11490 4 0 1345 523 523 1589
11491 4 0 940 2041 2041 2096
11492 4 0 1709 1777 1777 979
11493 4 0 276 1297 1297 1590
11494 4 0 1243 1242 1242 956
11495 4 0 1298 1243 1243 956
11496 4 0 1298 1242 1242 956
11497 4 0 522 1442 1442 1589
11498 4 0 956 1244 1244 1666
11499 4 0 1709 1244 1244 1666
11500 4 0 1653 1762 1762 979
11501 4 0 1778 1761 1761 979
11502 4 0 1778 1653 1653 979
11503 4 0 482 885 885 485
11504 4 0 1589 958 958 1776
11505 4 0 1490 2045 2045 6
11506 4 0 1642 1425 1425 642
11507 4 0 956 1298 1298 1666
11508 4 0 1518 2076 2076 1296
11509 4 0 1297 958 958 1590
11510 4 0 120 1510 1510 955
11511 4 0 523 1345 1345 1589
11512 4 0 1021 478 478 1603
11513 4 0 522 523 523 1589
11514 4 0 956 1242 1242 955
11515 4 0 978 1530 1530 1818
11516 4 0 957 1351 1351 955
11517 4 0 957 1242 1242 955
11518 4 0 1780 1778 1778 979
11519 4 0 1777 1913 1913 979
11520 4 0 1780 1796 1796 979
11521 4 0 1777 1793 1793 979
11522 4 0 1793 1780 1780 979
11523 4 0 1794 1793 1793 979
11524 4 0 1793 1794 1794 979
11525 4 0 1666 1777 1777 979
11526 4 0 955 1709 1709 979
11527 4 0 955 956 956 979
11528 4 0 956 955 955 979
11529 4 0 1666 1709 1709 979
11530 4 0 1794 1777 1777 979
11531 4 0 970 1662 1662 971
11532 4 0 980 1780 1780 1654
11533 4 0 1463 1442 1442 1590
11534 4 0 1609 1608 1608 1648
11535 4 0 574 1442 1442 1590
11536 4 0 1818 1466 1466 977
11537 4 0 980 1784 1784 1654
11538 4 0 1890 1743 1743 1775
11539 4 0 120 123 123 1465
11540 4 0 365 2023 2023 1825
11541 4 0 1345 1463 1463 1589
11542 4 0 1345 2047 2047 1589
11543 4 0 980 1829 1829 1654
11544 4 0 1589 523 523 1628
11545 4 0 365 1419 1419 1825
11546 4 0 1417 481 481 1418
11547 4 0 1736 1371 1371 1466
11548 4 0 1415 481 481 1466
11549 4 0 1736 1466 1466 977
11550 4 0 1780 1890 1890 1775
11551 4 0 977 979 979 1775
11552 4 0 977 1890 1890 1775
11553 4 0 955 1818 1818 977
11554 4 0 1736 1371 1371 977
11555 4 0 1753 1371 1371 977
11556 4 0 1463 1443 1443 1590
11557 4 0 120 955 955 977
11558 4 0 1442 1443 1443 1590
11559 4 0 1298 1297 1297 1590
11560 4 0 1666 955 955 977
11561 4 0 1298 958 958 1590
11562 4 0 1510 955 955 958
11563 4 0 1463 1298 1298 1590
11564 4 0 955 977 977 958
11565 4 0 1736 1743 1743 977
11566 4 0 1463 106 106 1590
11567 4 0 1608 1648 1648 1895
11568 4 0 1589 1627 1627 1346
11569 4 0 1666 1298 1298 1346
11570 4 0 1899 26 26 1900
11571 4 0 1590 1589 1589 1346
11572 4 0 1346 1377 1377 1378
11573 4 0 396 1369 1369 1900
11574 4 0 977 1589 1589 958
11575 4 0 1376 2059 2059 1375
11576 4 0 574 958 958 1590
11577 4 0 1743 1589 1589 1590
11578 4 0 1463 1589 1589 1590
11579 4 0 1463 1345 1345 1590
11580 4 0 1298 1463 1463 1590
11581 4 0 971 969 969 478
11582 4 0 16 1797 1797 478
11583 4 0 1830 1780 1780 2058
11584 4 0 1666 958 958 1590
11585 4 0 958 1666 1666 1590
11586 4 0 1743 481 481 1662
11587 4 0 1346 1583 1583 1775
11588 4 0 940 939 939 1459
11589 4 0 1703 1861 1861 1862
11590 4 0 1517 1054 1054 970
11591 4 0 327 1517 1517 970
11592 4 0 1615 1054 1054 970
11593 4 0 1628 1377 1377 1775
11594 4 0 1583 770 770 970
11595 4 0 1608 1609 1609 1648
11596 4 0 958 1666 1666 1776
11597 4 0 1797 1868 1868 478
11598 4 0 1517 970 970 1662
11599 4 0 970 1615 1615 1662
11600 4 0 1628 523 523 1583
11601 4 0 1583 1743 1743 1662
11602 4 0 523 1628 1628 1583
11603 4 0 523 1589 1589 1583
11604 4 0 970 1663 1663 969
11605 4 0 1296 462 462 1009
11606 4 0 1664 1663 1663 969
11607 4 0 977 1466 1466 1775
11608 4 0 1775 1589 1589 1776
11609 4 0 1628 1346 1346 1583
11610 4 0 1377 1794 1794 1776
11611 4 0 522 1743 1743 1662
11612 4 0 1652 523 523 1662
11613 4 0 2023 1814 1814 8
11614 4 0 1833 1663 1663 1895
11615 4 0 1891 476 476 478
11616 4 0 1617 1849 1849 1813
11617 4 0 940 2042 2042 1459
11618 4 0 476 1868 1868 478
11619 4 0 1648 740 740 1650
11620 4 0 1807 1495 1495 1691
11621 4 0 1822 1849 1849 1813
11622 4 0 1466 481 481 1890
11623 4 0 1785 1780 1780 2058
11624 4 0 1801 1490 1490 1802
11625 4 0 1818 1465 1465 1829
11626 4 0 1775 1794 1794 1776
11627 4 0 1466 1579 1579 1580
11628 4 0 1414 1609 1609 1648
11629 4 0 1511 404 404 1616
11630 4 0 946 1010 1010 817
11631 4 0 1795 2077 2077 1650
11632 4 0 327 1501 1501 971
11633 4 0 1519 1608 1608 1783
11634 4 0 1519 1895 1895 1783
11635 4 0 970 1054 1054 1519
11636 4 0 462 1009 1009 1888
11637 4 0 484 885 885 1419
11638 4 0 1652 971 971 969
11639 4 0 1643 642 642 1839
11640 4 0 1662 971 971 969
11641 4 0 1008 1277 1277 1009
11642 4 0 1747 1652 1652 478
11643 4 0 1800 1493 1493 1489
11644 4 0 1801 1487 1487 1489
11645 4 0 1741 2097 2097 752
11646 4 0 1490 8 8 1802
11647 4 0 970 972 972 1519
11648 4 0 977 1780 1780 1890
11649 4 0 1608 740 740 1648
11650 4 0 1466 977 977 1890
11651 4 0 1346 1666 1666 1776
11652 4 0 1775 1666 1666 1776
11653 4 0 1795 1794 1794 1650
11654 4 0 1824 1770 1770 1454
11655 4 0 26 1899 1899 1792
11656 4 0 1583 1346 1346 1776
11657 4 0 1775 1377 1377 1776
11658 4 0 1805 1407 1407 1862
11659 4 0 1835 549 549 1805
11660 4 0 13 1834 1834 1616
11661 4 0 2036 1518 1518 2076
11662 4 0 1791 1918 1918 1790
11663 4 0 1918 1791 1791 1790
11664 4 0 1295 1895 1895 2076
11665 4 0 1794 1649 1649 1650
11666 4 0 1777 1649 1649 1650
11667 4 0 1743 1589 1589 1776
11668 4 0 1793 2077 2077 1650
11669 4 0 1795 1411 1411 1650
11670 4 0 1054 970 970 972
11671 4 0 1094 1370 1370 1900
11672 4 0 64 65 65 1519
11673 4 0 1376 1689 1689 1375
11674 4 0 1346 1649 1649 1650
11675 4 0 1666 1377 1377 1650
11676 4 0 1377 1794 1794 1650
11677 4 0 1663 1628 1628 1378
11678 4 0 548 1663 1663 1378
11679 4 0 1583 1664 1664 1378
11680 4 0 1377 1664 1664 1378
11681 4 0 1377 1583 1583 1378
11682 4 0 2092 2081 2081 1493
11683 4 0 977 1829 1829 980
11684 4 0 1780 1796 1796 2058
11685 4 0 753 707 707 752
11686 4 0 1609 1414 1414 1648
11687 4 0 1378 1376 1376 1648
11688 4 0 1376 740 740 1648
11689 4 0 972 1895 1895 1519
11690 4 0 1346 740 740 1648
11691 4 0 970 1895 1895 1519
11692 4 0 972 1833 1833 1895
11693 4 0 1346 1627 1627 1648
11694 4 0 1378 1628 1628 1648
11695 4 0 1346 1628 1628 1648
11696 4 0 1628 1608 1608 1648
11697 4 0 1375 1378 1378 1648
11698 4 0 1690 1689 1689 1790
11699 4 0 1700 128 128 1786
11700 4 0 462 1816 1816 1296
11701 4 0 970 1628 1628 1895
11702 4 0 1663 1664 1664 969
11703 4 0 396 932 932 1900
11704 4 0 21 1007 1007 1789
11705 4 0 970 1583 1583 1895
11706 4 0 1790 1608 1608 1783
11707 4 0 1899 1093 1093 1690
11708 4 0 1413 1791 1791 1690
11709 4 0 1093 1690 1690 1009
11710 4 0 771 1413 1413 1690
11711 4 0 1700 772 772 1690
11712 4 0 1413 771 771 1690
11713 4 0 1414 772 772 1690
11714 4 0 1413 772 772 1690
11715 4 0 1413 1414 1414 1690
11716 4 0 1790 1895 1895 1783
11717 4 0 1834 1816 1816 1831
11718 4 0 462 1792 1792 2076
11719 4 0 1495 1689 1689 1690
11720 4 0 1495 1414 1414 1690
11721 4 0 1691 1008 1008 1835
11722 4 0 1408 815 815 817
11723 4 0 940 1891 1891 1453
11724 4 0 1648 1918 1918 1790
11725 4 0 1648 1608 1608 1790
11726 4 0 785 41 41 787
11727 4 0 842 247 247 817
11728 4 0 926 927 927 1831
11729 4 0 1278 950 950 1789
11730 4 0 1093 463 463 1888
11731 4 0 1833 1518 1518 2076
11732 4 0 1296 1792 1792 1009
11733 4 0 129 836 836 1786
11734 4 0 1786 946 946 1010
11735 4 0 1277 15 15 1616
11736 4 0 1861 1703 1703 1862
11737 4 0 1009 1277 1277 1789
11738 4 0 985 707 707 1905
11739 4 0 987 646 646 1862
11740 4 0 1833 2036 2036 2076
11741 4 0 1888 1007 1007 1789
11742 4 0 753 1756 1756 752
11743 4 0 1816 1296 1296 1834
11744 4 0 1511 695 695 1834
11745 4 0 1628 1378 1378 1895
11746 4 0 2059 1375 1375 1492
11747 4 0 1663 969 969 972
11748 4 0 971 1517 1517 972
11749 4 0 2076 1295 1295 1296
11750 4 0 972 1517 1517 1519
11751 4 0 1895 1790 1790 1783
11752 4 0 64 25 25 1519
11753 4 0 926 971 971 478
11754 4 0 1652 1662 1662 969
11755 4 0 1406 566 566 924
11756 4 0 1834 972 972 1797
11757 4 0 1788 1453 1453 1817
11758 4 0 1890 1490 1490 1418
11759 4 0 2028 1824 1824 2051
11760 4 0 27 64 64 28
11761 4 0 1378 1648 1648 1895
11762 4 0 1790 1689 1689 1895
11763 4 0 1663 1378 1378 1895
11764 4 0 1628 1648 1648 1895
11765 4 0 1608 1790 1790 1895
11766 4 0 1628 970 970 1895
11767 4 0 1378 1375 1375 1895
11768 4 0 1296 1816 1816 1834
11769 4 0 1296 331 331 1888
11770 4 0 1295 972 972 1833
11771 4 0 972 1518 1518 1833
11772 4 0 247 129 129 1007
11773 4 0 1648 1689 1689 1895
11774 4 0 1790 549 549 1895
11775 4 0 1689 549 549 1895
11776 4 0 1375 549 549 1895
11777 4 0 549 1833 1833 1895
11778 4 0 1833 549 549 1895
11779 4 0 1790 1295 1295 1895
11780 4 0 972 970 970 1895
11781 4 0 1055 1054 1054 1519
11782 4 0 65 25 25 1519
11783 4 0 1708 1055 1055 1519
11784 4 0 1708 1608 1608 1519
11785 4 0 1633 1708 1708 1519
11786 4 0 1608 1633 1633 1519
11787 4 0 1633 1608 1608 1519
11788 4 0 1608 1054 1054 1519
11789 4 0 1093 1009 1009 1888
11790 4 0 559 21 21 1007
11791 4 0 1093 1369 1369 1900
11792 4 0 1093 373 373 1900
11793 4 0 932 373 373 1900
11794 4 0 1094 1093 1093 1900
11795 4 0 1093 1094 1094 1900
11796 4 0 1094 1369 1369 1900
11797 4 0 1369 1093 1093 1900
11798 4 0 1790 1792 1792 2076
11799 4 0 2076 1518 1518 1296
11800 4 0 462 27 27 2076
11801 4 0 1783 27 27 1792
11802 4 0 1790 1791 1791 1792
11803 4 0 27 1899 1899 1792
11804 4 0 1783 26 26 1792
11805 4 0 1295 1790 1790 1792
11806 4 0 247 836 836 1007
11807 4 0 1518 972 972 1834
11808 4 0 927 926 926 1831
11809 4 0 1518 1517 1517 1834
11810 4 0 1869 1816 1816 1831
11811 4 0 1436 927 927 1831
11812 4 0 1425 950 950 1278
11813 4 0 1296 972 972 1834
11814 4 0 1688 1425 1425 1643
11815 4 0 462 318 318 1296
11816 4 0 1002 331 331 1296
11817 4 0 1756 752 752 708
11818 4 0 1295 549 549 14
11819 4 0 1341 618 618 73
11820 4 0 1869 325 325 1831
11821 4 0 1408 1700 1700 1010
11822 4 0 836 1786 1786 1007
11823 4 0 1296 1295 1295 14
11824 4 0 1870 884 884 1831
11825 4 0 13 1296 1296 14
11826 4 0 463 1888 1888 1007
11827 4 0 1786 836 836 817
11828 4 0 932 1900 1900 1888
11829 4 0 1792 462 462 1296
11830 4 0 1786 463 463 1007
11831 4 0 1900 932 932 1888
11832 4 0 463 1093 1093 1888
11833 4 0 318 695 695 1616
11834 4 0 1834 695 695 13
11835 4 0 331 463 463 1888
11836 4 0 1093 1786 1786 1009
11837 4 0 1869 926 926 1831
11838 4 0 1862 1861 1861 707
11839 4 0 370 1786 1786 1888
11840 4 0 1839 1905 1905 1803
11841 4 0 1407 1008 1008 1010
11842 4 0 43 2043 2043 2050
11843 4 0 2098 1642 1642 1839
11844 4 0 13 1511 1511 1616
11845 4 0 14 1797 1797 16
11846 4 0 1279 1277 1277 642
11847 4 0 1436 327 327 1831
11848 4 0 695 1834 1834 13
11849 4 0 1296 13 13 1009
11850 4 0 1541 986 986 984
11851 4 0 1754 2081 2081 2082
11852 4 0 752 1756 1756 708
11853 4 0 1900 1009 1009 1888
11854 4 0 1805 1008 1008 1862
11855 4 0 331 1296 1296 1277
11856 4 0 1495 1468 1468 1691
11857 4 0 674 2 2 619
11858 4 0 247 842 842 817
11859 4 0 946 842 842 817
11860 4 0 1862 1408 1408 1265
11861 4 0 1010 1007 1007 1265
11862 4 0 115 1279 1279 116
11863 4 0 1616 1406 1406 16
11864 4 0 1642 2098 2098 1839
11865 4 0 705 1805 1805 641
11866 4 0 404 922 922 924
11867 4 0 2059 1835 1835 1805
11868 4 0 1786 1009 1009 1888
11869 4 0 14 15 15 1277
11870 4 0 129 331 331 1007
11871 4 0 1008 1009 1009 1789
11872 4 0 1888 463 463 1007
11873 4 0 1009 1888 1888 1007
11874 4 0 707 705 705 1804
11875 4 0 1277 15 15 1009
11876 4 0 15 1277 1277 1009
11877 4 0 1008 1407 1407 1009
11878 4 0 1008 15 15 1009
11879 4 0 549 14 14 1009
11880 4 0 1295 1690 1690 1009
11881 4 0 1296 1899 1899 1009
11882 4 0 1846 985 985 2091
11883 4 0 1010 648 648 817
11884 4 0 1643 2090 2090 1839
11885 4 0 1002 591 591 1278
11886 4 0 1804 1840 1840 753
11887 4 0 129 463 463 1007
11888 4 0 1688 948 948 1643
11889 4 0 705 641 641 644
11890 4 0 815 247 247 817
11891 4 0 1786 1010 1010 817
11892 4 0 817 842 842 1773
11893 4 0 1010 946 946 817
11894 4 0 648 946 946 817
11895 4 0 1703 648 648 817
11896 4 0 987 2088 2088 1862
11897 4 0 2089 842 842 1773
11898 4 0 1616 114 114 1278
11899 4 0 817 2089 2089 1773
11900 4 0 984 2088 2088 987
11901 4 0 2088 1862 1862 707
11902 4 0 1687 1686 1686 1773
11903 4 0 1835 1703 1703 1862
11904 4 0 1772 766 766 1773
11905 4 0 817 766 766 1773
11906 4 0 1686 2089 2089 1773
11907 4 0 1007 766 766 815
11908 4 0 817 816 816 1773
11909 4 0 842 766 766 1773
11910 4 0 766 559 559 1789
11911 4 0 706 1756 1756 708
11912 4 0 789 1279 1279 642
11913 4 0 987 1703 1703 1861
11914 4 0 766 816 816 1846
11915 4 0 767 1798 1798 1846
11916 4 0 1889 948 948 1685
11917 4 0 1376 1689 1689 1691
11918 4 0 1840 1905 1905 753
11919 4 0 648 85 85 987
11920 4 0 2091 985 985 1889
11921 4 0 948 950 950 1685
11922 4 0 789 564 564 116
11923 4 0 1771 566 566 2099
11924 4 0 706 705 705 707
11925 4 0 249 1772 1772 1846
11926 4 0 1821 1822 1822 754
11927 4 0 1819 1896 1896 987
11928 4 0 1027 985 985 986
11929 4 0 1027 1798 1798 986
11930 4 0 706 1715 1715 707
11931 4 0 1772 1686 1686 1027
11932 4 0 1772 1846 1846 1027
11933 4 0 1772 249 249 1027
11934 4 0 1686 85 85 987
11935 4 0 85 1687 1687 987
11936 4 0 1686 1687 1687 987
11937 4 0 1376 1468 1468 1691
11938 4 0 1805 1835 1835 1862
11939 4 0 1807 1468 1468 1691
11940 4 0 2059 1689 1689 1691
11941 4 0 1862 707 707 643
11942 4 0 1905 2091 2091 1889
11943 4 0 1773 816 816 1889
11944 4 0 2091 948 948 1889
11945 4 0 2090 643 643 1685
11946 4 0 1905 1861 1861 1889
11947 4 0 648 2089 2089 987
11948 4 0 648 646 646 987
11949 4 0 1810 1841 1841 115
11950 4 0 817 1861 1861 1889
11951 4 0 1773 1772 1772 1861
11952 4 0 1265 766 766 1789
11953 4 0 1861 707 707 643
11954 4 0 790 550 550 2082
11955 4 0 1839 1840 1840 788
11956 4 0 1375 549 549 1691
11957 4 0 549 1375 1375 1691
11958 4 0 1375 1689 1689 1691
11959 4 0 116 564 564 566
11960 4 0 1807 1703 1703 1835
11961 4 0 646 1468 1468 1835
11962 4 0 1468 646 646 1835
11963 4 0 1468 1691 1691 1835
11964 4 0 1691 1468 1468 1835
11965 4 0 1468 1715 1715 1835
11966 4 0 1754 2059 2059 1835
11967 4 0 642 1425 1425 1643
11968 4 0 948 826 826 2090
11969 4 0 1840 788 788 1852
11970 4 0 1823 1492 1492 2081
11971 4 0 550 549 549 1805
11972 4 0 2059 1375 1375 1805
11973 4 0 548 549 549 1805
11974 4 0 548 1375 1375 1805
11975 4 0 1688 510 510 1644
11976 4 0 752 1821 1821 2082
11977 4 0 1007 1888 1888 1789
11978 4 0 1804 644 644 790
11979 4 0 706 1754 1754 1805
11980 4 0 1715 706 706 1862
11981 4 0 1842 510 510 1810
11982 4 0 1772 1861 1861 1889
11983 4 0 1846 825 825 2091
11984 4 0 591 114 114 1278
11985 4 0 2090 824 824 2091
11986 4 0 1862 815 815 643
11987 4 0 114 1278 1278 1279
11988 4 0 1835 1408 1408 1862
11989 4 0 987 985 985 707
11990 4 0 2088 987 987 707
11991 4 0 115 1841 1841 116
11992 4 0 7 1820 1820 1487
11993 4 0 550 644 644 790
11994 4 0 938 1405 1405 928
11995 4 0 1406 1617 1617 476
11996 4 0 115 1840 1840 116
11997 4 0 753 1804 1804 708
11998 4 0 752 707 707 708
11999 4 0 1862 706 706 705
12000 4 0 2090 826 826 2091
12001 4 0 1809 1642 1642 1810
12002 4 0 1616 15 15 16
12003 4 0 1840 2093 2093 753
12004 4 0 707 985 985 1905
12005 4 0 1756 707 707 1905
12006 4 0 1407 1862 1862 643
12007 4 0 1888 1009 1009 1789
12008 4 0 1862 1407 1407 1265
12009 4 0 1861 817 817 1889
12010 4 0 1688 1842 1842 1644
12011 4 0 707 641 641 1803
12012 4 0 707 1756 1756 708
12013 4 0 1644 510 510 1810
12014 4 0 705 1804 1804 708
12015 4 0 2091 1905 1905 1889
12016 4 0 2091 824 824 1889
12017 4 0 816 948 948 1889
12018 4 0 824 2091 2091 1889
12019 4 0 1846 816 816 1889
12020 4 0 2091 1772 1772 1889
12021 4 0 1846 1772 1772 1889
12022 4 0 1425 642 642 1643
12023 4 0 1010 815 815 1265
12024 4 0 1279 1407 1407 642
12025 4 0 939 566 566 1892
12026 4 0 1889 1861 1861 643
12027 4 0 1643 1688 1688 1644
12028 4 0 815 643 643 1265
12029 4 0 927 787 787 928
12030 4 0 1862 643 643 1265
12031 4 0 1296 1277 1277 1789
12032 4 0 1799 173 173 1341
12033 4 0 529 1841 1841 115
12034 4 0 15 1616 1616 1279
12035 4 0 1685 950 950 1278
12036 4 0 643 815 815 1685
12037 4 0 1889 815 815 1685
12038 4 0 787 927 927 928
12039 4 0 550 15 15 1279
12040 4 0 1685 815 815 1265
12041 4 0 950 1685 1685 1265
12042 4 0 815 1685 1685 1265
12043 4 0 826 2090 2090 1643
12044 4 0 1407 15 15 1279
12045 4 0 1265 643 643 642
12046 4 0 644 550 550 790
12047 4 0 1644 1642 1642 1810
12048 4 0 642 1685 1685 1643
12049 4 0 1278 1265 1265 1789
12050 4 0 1265 1007 1007 1789
12051 4 0 766 1007 1007 1789
12052 4 0 1007 1265 1265 1789
12053 4 0 1010 1008 1008 1789
12054 4 0 1265 1407 1407 1789
12055 4 0 1008 1010 1010 1789
12056 4 0 1265 1277 1277 1789
12057 4 0 1407 1277 1277 1789
12058 4 0 1278 559 559 1789
12059 4 0 1265 1278 1278 1789
12060 4 0 1643 510 510 1644
12061 4 0 1642 510 510 1643
12062 4 0 114 511 511 115
12063 4 0 1839 2090 2090 1803
12064 4 0 1852 1488 1488 1853
12065 4 0 1685 948 948 1643
12066 4 0 1840 788 788 1841
12067 4 0 1852 751 751 1853
12068 4 0 641 643 643 1803
12069 4 0 753 1740 1740 754
12070 4 0 642 643 643 644
12071 4 0 643 1685 1685 1643
12072 4 0 114 1616 1616 1279
12073 4 0 476 1617 1617 939
12074 4 0 16 1848 1848 1823
12075 4 0 479 1466 1466 1580
12076 4 0 1278 114 114 642
12077 4 0 1805 550 550 644
12078 4 0 1278 1279 1279 642
12079 4 0 643 2090 2090 1803
12080 4 0 641 1803 1803 753
12081 4 0 1840 753 753 1852
12082 4 0 2051 1788 1788 1454
12083 4 0 1643 1642 1642 2098
12084 4 0 1644 1643 1643 2098
12085 4 0 1644 826 826 2098
12086 4 0 2090 1643 1643 2098
12087 4 0 1852 752 752 1853
12088 4 0 113 674 674 1771
12089 4 0 1810 510 510 115
12090 4 0 1905 1839 1839 1803
12091 4 0 1905 1755 1755 753
12092 4 0 2098 1809 1809 1810
12093 4 0 642 788 788 644
12094 4 0 1643 2098 2098 1839
12095 4 0 1804 641 641 753
12096 4 0 751 1822 1822 754
12097 4 0 642 115 115 116
12098 4 0 1803 641 641 644
12099 4 0 171 1808 1808 1341
12100 4 0 641 1805 1805 644
12101 4 0 114 1425 1425 115
12102 4 0 643 1862 1862 644
12103 4 0 1425 510 510 115
12104 4 0 1794 1491 1491 1492
12105 4 0 2059 1823 1823 2082
12106 4 0 1803 2093 2093 753
12107 4 0 1804 2093 2093 788
12108 4 0 1805 1754 1754 2082
12109 4 0 114 510 510 115
12110 4 0 1870 926 926 1512
12111 4 0 2093 1905 1905 1840
12112 4 0 480 1603 1603 1417
12113 4 0 1810 1642 1642 115
12114 4 0 1825 482 482 5
12115 4 0 1642 1810 1810 1841
12116 4 0 1803 2093 2093 1804
12117 4 0 643 1805 1805 644
12118 4 0 643 641 641 644
12119 4 0 1834 1517 1517 1869
12120 4 0 1839 642 642 788
12121 4 0 1803 642 642 788
12122 4 0 1803 1839 1839 788
12123 4 0 1279 642 642 788
12124 4 0 1747 1528 1528 478
12125 4 0 1787 784 784 787
12126 4 0 1405 1511 1511 477
12127 4 0 642 1407 1407 644
12128 4 0 788 642 642 644
12129 4 0 1814 1811 1811 1487
12130 4 0 789 753 753 1852
12131 4 0 1787 785 785 787
12132 4 0 1739 1755 1755 754
12133 4 0 1822 1812 1812 1813
12134 4 0 1823 550 550 2082
12135 4 0 790 788 788 753
12136 4 0 790 789 789 753
12137 4 0 5 1814 1814 8
12138 4 0 788 1840 1840 753
12139 4 0 1501 1747 1747 478
12140 4 0 1817 1827 1827 1454
12141 4 0 1528 1021 1021 478
12142 4 0 2 173 173 1843
12143 4 0 1834 1833 1833 1797
12144 4 0 564 565 565 566
12145 4 0 529 511 511 115
12146 4 0 1852 1851 1851 1853
12147 4 0 1491 1800 1800 1489
12148 4 0 1279 115 115 116
12149 4 0 642 788 788 116
12150 4 0 1405 174 174 1815
12151 4 0 174 173 173 1341
12152 4 0 1406 1843 1843 1405
12153 4 0 1841 564 564 116
12154 4 0 564 789 789 116
12155 4 0 564 788 788 116
12156 4 0 707 1905 1905 753
12157 4 0 1905 1740 1740 753
12158 4 0 1849 1279 1279 1617
12159 4 0 566 1771 1771 2099
12160 4 0 1843 1871 1871 1341
12161 4 0 209 1787 1787 787
12162 4 0 752 790 790 2082
12163 4 0 1644 1643 1643 1810
12164 4 0 642 1279 1279 115
12165 4 0 1840 707 707 753
12166 4 0 788 789 789 116
12167 4 0 1815 74 74 2050
12168 4 0 1797 14 14 16
12169 4 0 1616 1834 1834 477
12170 4 0 3 1771 1771 566
12171 4 0 1839 1642 1642 1841
12172 4 0 2050 938 938 1788
12173 4 0 529 510 510 115
12174 4 0 173 2 2 1843
12175 4 0 398 1842 1842 1841
12176 4 0 1617 1851 1851 564
12177 4 0 674 113 113 1771
12178 4 0 1811 1820 1820 1813
12179 4 0 1739 752 752 754
12180 4 0 1755 752 752 754
12181 4 0 564 1488 1488 1853
12182 4 0 2081 1822 1822 754
12183 4 0 2081 752 752 754
12184 4 0 1487 754 754 1489
12185 4 0 1754 752 752 708
12186 4 0 752 1804 1804 708
12187 4 0 2099 566 566 619
12188 4 0 2081 1821 1821 754
12189 4 0 1851 1488 1488 1841
12190 4 0 1810 529 529 1841
12191 4 0 1642 1841 1841 115
12192 4 0 788 642 642 115
12193 4 0 642 114 114 115
12194 4 0 564 116 116 1771
12195 4 0 1841 1851 1851 1771
12196 4 0 113 529 529 1771
12197 4 0 1841 529 529 1771
12198 4 0 115 116 116 1771
12199 4 0 1841 116 116 1771
12200 4 0 115 113 113 1771
12201 4 0 564 1851 1851 1771
12202 4 0 1405 1511 1511 924
12203 4 0 174 1871 1871 1815
12204 4 0 1812 1849 1849 16
12205 4 0 173 922 922 174
12206 4 0 1616 923 923 924
12207 4 0 2099 3 3 619
12208 4 0 1771 3 3 619
12209 4 0 3 2 2 1843
12210 4 0 786 1815 1815 1788
12211 4 0 2099 565 565 619
12212 4 0 566 1843 1843 1892
12213 4 0 2042 2041 2041 2048
12214 4 0 2099 1771 1771 619
12215 4 0 1771 1851 1851 619
12216 4 0 939 2041 2041 2048
12217 4 0 2050 786 786 1788
12218 4 0 938 1892 1892 2048
12219 4 0 1868 938 938 477
12220 4 0 1843 922 922 174
12221 4 0 2023 5 5 8
12222 4 0 1453 1603 1603 1419
12223 4 0 1279 1406 1406 924
12224 4 0 1511 1831 1831 1512
12225 4 0 566 1617 1617 1406
12226 4 0 2048 2043 2043 2050
12227 4 0 171 2032 2032 174
12228 4 0 1787 209 209 787
12229 4 0 1815 174 174 928
12230 4 0 926 209 209 1868
12231 4 0 924 1406 1406 477
12232 4 0 1869 1517 1517 1797
12233 4 0 787 1871 1871 1815
12234 4 0 327 1436 1436 1831
12235 4 0 172 922 922 1405
12236 4 0 1517 1436 1436 1831
12237 4 0 1753 1580 1580 1465
12238 4 0 1869 1517 1517 1831
12239 4 0 74 43 43 2043
12240 4 0 1775 1664 1664 1747
12241 4 0 116 1279 1279 924
12242 4 0 1490 1780 1780 980
12243 4 0 477 1834 1834 1797
12244 4 0 1797 1833 1833 16
12245 4 0 1662 481 481 1747
12246 4 0 477 1616 1616 16
12247 4 0 1743 1662 1662 1747
12248 4 0 1406 116 116 924
12249 4 0 116 1406 1406 924
12250 4 0 1616 1511 1511 477
12251 4 0 3 116 116 924
12252 4 0 1843 1406 1406 1405
12253 4 0 922 174 174 1405
12254 4 0 940 938 938 1453
12255 4 0 938 477 477 476
12256 4 0 14 1834 1834 1797
12257 4 0 1834 1616 1616 477
12258 4 0 619 2042 2042 2043
12259 4 0 1406 477 477 476
12260 4 0 1406 1815 1815 1892
12261 4 0 971 972 972 1797
12262 4 0 1825 2023 2023 5
12263 4 0 565 1851 1851 2042
12264 4 0 1488 1811 1811 1813
12265 4 0 1892 1871 1871 2043
12266 4 0 1815 786 786 2050
12267 4 0 2043 2049 2049 2096
12268 4 0 1517 1869 1869 1797
12269 4 0 971 1501 1501 1797
12270 4 0 2032 171 171 1512
12271 4 0 926 327 327 1869
12272 4 0 327 926 926 1869
12273 4 0 172 1832 1832 1512
12274 4 0 174 172 172 1512
12275 4 0 566 565 565 939
12276 4 0 478 1021 1021 1453
12277 4 0 74 619 619 2043
12278 4 0 621 172 172 1512
12279 4 0 621 1832 1832 1512
12280 4 0 884 1831 1831 1512
12281 4 0 1831 884 884 1512
12282 4 0 884 1870 1870 1512
12283 4 0 938 209 209 928
12284 4 0 972 1833 1833 1797
12285 4 0 1815 43 43 2050
12286 4 0 477 13 13 1797
12287 4 0 1858 1341 1341 72
12288 4 0 1871 1843 1843 73
12289 4 0 787 208 208 938
12290 4 0 619 1871 1871 73
12291 4 0 1815 787 787 938
12292 4 0 619 618 618 73
12293 4 0 43 619 619 73
12294 4 0 43 674 674 73
12295 4 0 72 43 43 73
12296 4 0 787 938 938 928
12297 4 0 482 365 365 1419
12298 4 0 1817 2028 2028 2051
12299 4 0 174 1843 1843 1815
12300 4 0 174 72 72 74
12301 4 0 1341 1871 1871 74
12302 4 0 72 73 73 74
12303 4 0 1341 73 73 74
12304 4 0 619 73 73 74
12305 4 0 1871 73 73 74
12306 4 0 1892 2048 2048 2050
12307 4 0 1501 971 971 1797
12308 4 0 1517 972 972 1797
12309 4 0 619 566 566 1892
12310 4 0 16 548 548 1823
12311 4 0 1892 938 938 2050
12312 4 0 74 1871 1871 787
12313 4 0 1406 924 924 477
12314 4 0 938 1406 1406 477
12315 4 0 43 785 785 787
12316 4 0 44 785 785 787
12317 4 0 74 72 72 787
12318 4 0 43 72 72 787
12319 4 0 72 74 74 787
12320 4 0 72 174 174 787
12321 4 0 174 927 927 787
12322 4 0 72 1808 1808 787
12323 4 0 1808 927 927 787
12324 4 0 72 1445 1445 787
12325 4 0 927 44 44 787
12326 4 0 209 207 207 787
12327 4 0 207 41 41 787
12328 4 0 44 206 206 787
12329 4 0 927 209 209 787
12330 4 0 927 206 206 787
12331 4 0 1406 16 16 476
12332 4 0 209 927 927 787
12333 4 0 1812 1617 1617 16
12334 4 0 1815 1406 1406 938
12335 4 0 1868 1405 1405 477
12336 4 0 787 209 209 938
12337 4 0 477 14 14 1797
12338 4 0 1834 14 14 1797
12339 4 0 2048 1892 1892 2050
12340 4 0 1406 1617 1617 16
12341 4 0 926 1831 1831 1868
12342 4 0 1512 926 926 1868
12343 4 0 1512 1405 1405 1868
12344 4 0 926 1512 1512 1868
12345 4 0 928 1405 1405 1868
12346 4 0 928 926 926 1868
12347 4 0 1868 1869 1869 1797
12348 4 0 485 2023 2023 5
12349 4 0 1405 1868 1868 477
12350 4 0 1405 928 928 477
12351 4 0 1833 15 15 16
12352 4 0 1616 1279 1279 16
12353 4 0 14 15 15 16
12354 4 0 2043 43 43 2050
12355 4 0 1787 1824 1824 1817
12356 4 0 1279 1849 1849 16
12357 4 0 1532 1652 1652 1747
12358 4 0 16 1406 1406 476
12359 4 0 550 548 548 16
12360 4 0 2081 1821 1821 2082
12361 4 0 2042 2100 2100 2044
12362 4 0 548 1663 1663 16
12363 4 0 1833 1663 1663 16
12364 4 0 969 1663 1663 16
12365 4 0 1817 1787 1787 2051
12366 4 0 1417 1603 1603 1419
12367 4 0 2045 1603 1603 1419
12368 4 0 939 565 565 2042
12369 4 0 1617 476 476 939
12370 4 0 476 938 938 939
12371 4 0 2100 2042 2042 2043
12372 4 0 1617 1406 1406 939
12373 4 0 565 2100 2100 2042
12374 4 0 1812 1848 1848 16
12375 4 0 1849 1848 1848 16
12376 4 0 2048 1871 1871 2050
12377 4 0 939 938 938 1892
12378 4 0 1871 2043 2043 2048
12379 4 0 1452 1460 1460 2096
12380 4 0 1829 980 980 1654
12381 4 0 2042 2043 2043 2048
12382 4 0 565 939 939 2042
12383 4 0 619 566 566 2042
12384 4 0 619 565 565 2042
12385 4 0 1892 619 619 2042
12386 4 0 2043 2042 2042 2048
12387 4 0 2042 939 939 2048
12388 4 0 939 1617 1617 2042
12389 4 0 939 1812 1812 2042
12390 4 0 1453 2045 2045 1603
12391 4 0 2048 1815 1815 2050
12392 4 0 2023 482 482 5
12393 4 0 1788 784 784 2051
12394 4 0 938 1787 1787 1788
12395 4 0 1787 787 787 1788
12396 4 0 786 787 787 1788
12397 4 0 786 2050 2050 1788
12398 4 0 1827 1770 1770 1454
12399 4 0 1825 6 6 5
12400 4 0 6 1490 1490 8
12401 4 0 481 1890 1890 1418
12402 4 0 1787 1781 1781 1817
12403 4 0 1871 1892 1892 2048
12404 4 0 2050 2048 2048 1788
12405 4 0 1488 1822 1822 1813
12406 4 0 2043 1871 1871 2048
12407 4 0 2049 2048 2048 940
12408 4 0 938 208 208 1453
12409 4 0 885 1417 1417 1418
12410 4 0 2048 2041 2041 940
12411 4 0 1788 1452 1452 940
12412 4 0 2049 2041 2041 940
12413 4 0 1775 1743 1743 1747
12414 4 0 1769 1817 1817 1827
12415 4 0 1890 1780 1780 1492
12416 4 0 938 2041 2041 940
12417 4 0 1770 1827 1827 1454
12418 4 0 1757 1664 1664 478
12419 4 0 478 208 208 1453
12420 4 0 939 2041 2041 940
12421 4 0 789 1849 1849 2082
12422 4 0 1578 483 483 1580
12423 4 0 1827 1817 1817 1454
12424 4 0 784 43 43 2050
12425 4 0 209 1868 1868 478
12426 4 0 8 1802 1802 980
12427 4 0 1747 478 478 1603
12428 4 0 2051 1817 1817 1454
12429 4 0 2048 1788 1788 2049
12430 4 0 2050 2041 2041 2049
12431 4 0 480 1652 1652 1747
12432 4 0 1418 1580 1580 485
12433 4 0 1747 1501 1501 478
12434 4 0 1023 209 209 478
12435 4 0 2044 1460 1460 2096
12436 4 0 752 1739 1739 754
12437 4 0 2042 1812 1812 1820
12438 4 0 2050 2043 2043 2049
12439 4 0 2049 1788 1788 1452
12440 4 0 1827 1452 1452 1828
12441 4 0 978 122 122 1465
12442 4 0 1824 1817 1817 2051
12443 4 0 1752 123 123 1580
12444 4 0 1770 1781 1781 1817
12445 4 0 1770 1824 1824 1817
12446 4 0 1769 1781 1781 1817
12447 4 0 1459 939 939 1460
12448 4 0 1821 1812 1812 1822
12449 4 0 1852 790 790 1813
12450 4 0 1891 2045 2045 1757
12451 4 0 1868 209 209 478
12452 4 0 1851 1488 1488 1811
12453 4 0 1821 1823 1823 1822
12454 4 0 1491 2092 2092 2097
12455 4 0 1830 1800 1800 1493
12456 4 0 481 1747 1747 1418
12457 4 0 1757 1490 1490 1747
12458 4 0 971 1652 1652 478
12459 4 0 1501 1532 1532 478
12460 4 0 1021 1023 1023 478
12461 4 0 1797 971 971 478
12462 4 0 1797 926 926 478
12463 4 0 938 209 209 478
12464 4 0 2051 2050 2050 1454
12465 4 0 1452 1788 1788 1454
12466 4 0 483 2023 2023 482
12467 4 0 1827 1453 1453 1828
12468 4 0 1453 1529 1529 1828
12469 4 0 1769 1529 1529 1828
12470 4 0 366 1769 1769 1828
12471 4 0 1769 1770 1770 1828
12472 4 0 366 1827 1827 1828
12473 4 0 366 1770 1770 1828
12474 4 0 885 481 481 1418
12475 4 0 1603 1417 1417 1419
12476 4 0 16 1757 1757 1823
12477 4 0 1757 2045 2045 6
12478 4 0 484 483 483 2023
12479 4 0 484 366 366 2023
12480 4 0 1828 365 365 2023
12481 4 0 1454 1452 1452 2023
12482 4 0 1454 1827 1827 2023
12483 4 0 1827 1828 1828 2023
12484 4 0 1452 1828 1828 2023
12485 4 0 1459 7 7 5
12486 4 0 2049 2043 2043 2096
12487 4 0 16 476 476 1823
12488 4 0 1466 1753 1753 1580
12489 4 0 1654 1784 1784 2058
12490 4 0 1529 1021 1021 1603
12491 4 0 1580 1753 1753 1465
12492 4 0 1529 1453 1453 1603
12493 4 0 1825 1452 1452 1826
12494 4 0 482 1419 1419 6
12495 4 0 1418 1419 1419 6
12496 4 0 1419 1453 1453 1826
12497 4 0 1490 977 977 1829
12498 4 0 1466 977 977 1829
12499 4 0 1465 1466 1466 1829
12500 4 0 1418 2045 2045 6
12501 4 0 1418 1490 1490 485
12502 4 0 1820 1848 1848 1823
12503 4 0 1580 483 483 485
12504 4 0 1530 1752 1752 1465
12505 4 0 1753 1818 1818 1465
12506 4 0 1530 1818 1818 1465
12507 4 0 120 1530 1530 1465
12508 4 0 1829 1490 1490 485
12509 4 0 1580 484 484 485
12510 4 0 885 479 479 485
12511 4 0 6 482 482 485
12512 4 0 123 1580 1580 1465
12513 4 0 1530 123 123 1465
12514 4 0 1492 1490 1490 1493
12515 4 0 1780 1490 1490 1830
12516 4 0 1465 1580 1580 1829
12517 4 0 1490 1466 1466 1829
12518 4 0 476 1757 1757 1820
12519 4 0 1828 2023 2023 1825
12520 4 0 482 6 6 1826
12521 4 0 6 1419 1419 1826
12522 4 0 2042 2043 2043 2044
12523 4 0 1825 1419 1419 1826
12524 4 0 1460 939 939 1820
12525 4 0 977 978 978 980
12526 4 0 1891 2045 2045 1826
12527 4 0 5 2045 2045 1826
12528 4 0 1805 548 548 1823
12529 4 0 1465 1818 1818 980
12530 4 0 1784 979 979 980
12531 4 0 1785 978 978 980
12532 4 0 1913 1780 1780 1830
12533 4 0 6 7 7 1801
12534 4 0 1891 1453 1453 1826
12535 4 0 1825 1828 1828 1826
12536 4 0 1828 940 940 1826
12537 4 0 2042 1460 1460 2096
12538 4 0 1825 1453 1453 1826
12539 4 0 1825 1529 1529 1826
12540 4 0 1419 1529 1529 1826
12541 4 0 2045 5 5 1826
12542 4 0 6 5 5 1826
12543 4 0 5 1891 1891 1826
12544 4 0 2059 1754 1754 2081
12545 4 0 6 1757 1757 1801
12546 4 0 5 2023 2023 1814
12547 4 0 1814 1460 1460 1487
12548 4 0 1913 1796 1796 2058
12549 4 0 1830 1490 1490 1493
12550 4 0 8 7 7 1801
12551 4 0 790 1849 1849 1813
12552 4 0 2097 1740 1740 1489
12553 4 0 1853 790 790 1813
12554 4 0 2044 1814 1814 2096
12555 4 0 2042 476 476 1820
12556 4 0 790 644 644 708
12557 4 0 2092 1741 1741 2097
12558 4 0 2097 1493 1493 1489
12559 4 0 2044 2042 2042 2096
12560 4 0 16 969 969 1823
12561 4 0 548 1757 1757 1823
12562 4 0 1849 790 790 1813
12563 4 0 1780 979 979 980
12564 4 0 753 754 754 1489
12565 4 0 2043 2044 2044 2096
12566 4 0 753 752 752 1852
12567 4 0 751 1822 1822 1813
12568 4 0 1794 1780 1780 1492
12569 4 0 1820 1812 1812 1821
12570 4 0 940 1459 1459 2096
12571 4 0 1460 1452 1452 2096
12572 4 0 2042 1459 1459 2096
12573 4 0 2041 940 940 2096
12574 4 0 940 1452 1452 2096
12575 4 0 2044 2043 2043 2096
12576 4 0 1491 1490 1490 1492
12577 4 0 1852 789 789 1813
12578 4 0 751 1853 1853 1813
12579 4 0 752 751 751 1813
12580 4 0 1853 1852 1852 1813
12581 4 0 1801 7 7 1820
12582 4 0 1757 7 7 1820
12583 4 0 1754 1755 1755 752
12584 4 0 1460 1459 1459 1820
12585 4 0 1891 7 7 1820
12586 4 0 1460 476 476 1820
12587 4 0 1459 476 476 1820
12588 4 0 2059 2081 2081 2082
12589 4 0 708 1805 1805 2082
12590 4 0 1465 1829 1829 980
12591 4 0 1757 1823 1823 1492
12592 4 0 1757 548 548 1492
12593 4 0 1378 1664 1664 1492
12594 4 0 1740 754 754 1489
12595 4 0 1829 977 977 980
12596 4 0 8 1490 1490 980
12597 4 0 1653 978 978 1654
12598 4 0 978 980 980 1654
12599 4 0 1821 790 790 2082
12600 4 0 1491 2059 2059 2081
12601 4 0 1492 2059 2059 2081
12602 4 0 8 1814 1814 1487
12603 4 0 1820 1757 1757 1492
12604 4 0 1822 1823 1823 1492
12605 4 0 1820 1823 1823 1492
12606 4 0 1754 1741 1741 752
12607 4 0 1848 789 789 2082
12608 4 0 1775 1794 1794 1492
12609 4 0 1377 1794 1794 1492
12610 4 0 1775 1664 1664 1492
12611 4 0 1890 1664 1664 1492
12612 4 0 1491 1793 1793 1492
12613 4 0 1375 2059 2059 1492
12614 4 0 1377 1375 1375 1492
12615 4 0 548 1375 1375 1492
12616 4 0 1377 1378 1378 1492
12617 4 0 1664 1378 1378 1492
12618 4 0 1747 1890 1890 1492
12619 4 0 1664 1747 1747 1492
12620 4 0 1747 1664 1664 1492
12621 4 0 1849 789 789 2082
12622 4 0 754 1822 1822 1493
12623 4 0 980 978 978 1654
12624 4 0 1493 1801 1801 1487
12625 4 0 1780 980 980 1830
12626 4 0 980 1802 1802 1830
12627 4 0 1801 1802 1802 1830
12628 4 0 1490 1802 1802 1830
12629 4 0 980 1654 1654 1830
12630 4 0 1780 1654 1654 1830
12631 4 0 1654 1780 1780 1830
12632 4 0 1830 1802 1802 2058
12633 4 0 1830 1654 1654 2058
12634 4 0 2097 1741 1741 1489
12635 4 0 754 1740 1740 1489
12636 4 0 754 1739 1739 1489
12637 4 0 2097 1800 1800 1493
12638 4 0 1654 8 8 2058
12639 4 0 1785 1779 1779 2058
12640 4 0 1822 1811 1811 1487
12641 4 0 1488 1811 1811 1487
12642 4 0 1492 548 548 2081
12643 4 0 1492 1823 1823 2081
12644 4 0 1823 2059 2059 2081
12645 4 0 1823 1848 1848 2082
12646 4 0 752 708 708 2082
12647 4 0 708 752 752 2082
12648 4 0 2081 1754 1754 752
12649 4 0 1805 708 708 2082
12650 4 0 2097 2081 2081 752
12651 4 0 2081 1492 1492 1493
12652 4 0 564 751 751 1853
12653 4 0 2081 1491 1491 1493
12654 4 0 1492 1801 1801 1493
12655 4 0 2081 2092 2092 1493
12656 4 0 2092 2097 2097 1493
12657 4 0 1823 1821 1821 2082
12658 4 0 1821 751 751 754
12659 4 0 790 1805 1805 2082
12660 4 0 752 753 753 1852
12661 4 0 1740 1800 1800 1489
12662 4 0 1820 1460 1460 1487
12663 4 0 1840 564 564 1852
12664 4 0 1488 1841 1841 1852
12665 4 0 564 1851 1851 1852
12666 4 0 2097 752 752 754
12667 4 0 1801 1820 1820 1487
12668 4 0 1493 1800 1800 1489
12669 4 0 1820 7 7 1487
12670 4 0 2042 1617 1617 1811
12671 4 0 1812 1820 1820 1811
12672 4 0 2044 1851 1851 1811
12673 4 0 2042 1851 1851 1811
12674 4 0 1822 1460 1460 1811
12675 4 0 2042 1820 1820 1811
12676 4 0 2042 1460 1460 1811
12677 4 0 1821 790 790 1813
12678 4 0 1853 751 751 1813
12679 4 0 1853 752 752 1813
12680 4 0 1617 564 564 1813
12681 4 0 1617 789 789 1813
12682 4 0 1811 564 564 1813
12683 4 0 1811 1851 1851 1813
12684 4 0 1851 564 564 1813
12685 4 0 1811 1488 1488 1813
12686 4 0 1488 751 751 1813
12687 4 0 1487 1802 1802 1489
12688 4 0 754 1741 1741 1489
12689 4 0 751 1488 1488 754
12690 4 0 1852 753 753 754
12691 4 0 754 2097 2097 1493
12692 4 0 1822 754 754 1493
12693 4 0 1493 1488 1488 1487
12694 4 0 1493 1822 1822 1487
12695 4 0 1802 8 8 1487
12696 4 0 8 1802 1802 1487
12697 4 0 2058 1814 1814 1487
12698 4 0 2058 1802 1802 1487
12699 4 0 1740 1741 1741 1489
12700 4 0 1487 1800 1800 1489
$EndElements
